# G4Cosmic CORSIKA text .dat shower list
# event_id corsika_id x_m y_m z_m px_GeV py_GeV pz_GeV time_ns
# primary=proton energyMode=powerLaw spectralIndex=2.7
0 14 0.59749757 0.088941934 1.9 -341.72957 144.75763 -305.1598 18.653192
0 14 0.29833454 0.32811359 1.9 -1.421246 1.8345991 -2.8608516 47.903239
1 14 0.037262518 0.19642268 1.9 -161.91685 249.69395 -220.30276 1.1760609
1 3 -0.33473342 -0.010729264 1.9 0.091586755 0.0038424525 -0.091831201 33.195001
1 2 -0.075777492 0.066652683 1.9 19.678914 -17.231612 -26.168698 28.904301
1 13 0.090205471 -0.045291906 1.9 -0.2563928 0.46712019 -1.7485169 2.0125505
1 1 -0.04886352 0.26863774 1.9 19.870009 46.580662 -62.617716 29.430431
1 6 0.18160559 0.30990916 1.9 55.822343 -63.678737 -72.559896 0.46782723
1 2 -0.18638245 0.12882401 1.9 1.2067244 0.4855992 -0.76393569 22.255688
2 14 0.52483822 0.20437956 1.9 17.950879 -253.31898 -392.13008 24.038813
2 1 0.24710041 0.3598926 1.9 0.024043487 -0.012710096 -0.14574161 27.490489
2 3 0.4439287 0.16520337 1.9 19.712937 33.309744 -24.834452 48.364099
2 2 0.54927312 0.41962065 1.9 -0.17534031 -0.49403539 -0.341022 7.3270783
2 13 0.58632926 0.5347939 1.9 2.0859699 1.4344196 -5.203655 25.258359
2 5 0.50620901 0.17986669 1.9 0.15536679 -0.086772068 -0.13036633 9.2160542
2 3 0.43055881 0.40425981 1.9 -0.88633606 -0.10217629 -1.3810747 12.447029
2 5 0.43875196 0.38418368 1.9 -0.15177723 -3.752058 -5.4174979 31.407191
3 14 -0.49825758 0.58194908 1.9 -128.16531 -344.95234 -442.86667 33.549856
3 14 -0.43030983 0.42839007 1.9 -0.10979891 -0.02519736 -0.23207633 5.3783196
3 14 -0.60052025 0.64322088 1.9 -0.0055743447 -0.23582851 -0.14272504 34.295071
3 5 -0.53769992 0.38985367 1.9 1.0746861 0.35190875 -1.2677437 22.27791
3 2 -0.23991219 0.36547278 1.9 1.2068755 -0.53236159 -1.8404576 1.5302495
3 6 -0.32446041 0.34060612 1.9 24.678793 92.614967 -79.058244 15.007432
3 3 -0.32507244 0.53070995 1.9 44.648658 11.598875 -91.069363 9.4861244
4 14 -0.20623097 -0.1191484 1.9 78.814529 15.819414 -359.13761 49.857992
4 5 -0.1657152 -0.18317247 1.9 0.26446485 0.93790121 -0.6835395 28.492441
4 3 -0.2344821 -0.24229841 1.9 0.10264548 0.068805707 -0.32781624 10.36639
4 6 -0.38658524 -0.10280125 1.9 4.1207269 5.7934375 -13.795612 26.580972
4 6 -0.097980374 -0.29810729 1.9 -16.596818 17.288516 -24.8504 1.367627
4 5 -0.14331431 -0.40156929 1.9 -1.3056947 0.24703172 -0.78479258 2.286951
4 3 -0.27614325 -0.060748231 1.9 -1.0721001 -0.50662856 -1.64531 24.308678
4 1 -0.068850636 0.11559766 1.9 0.034568446 0.1617521 -0.14315677 4.822783
5 14 -0.21790155 0.71433103 1.9 -365.6916 -101.96209 -363.51295 49.962908
5 13 0.19382951 0.33540348 1.9 159.39998 -73.96303 -216.78966 31.992999
6 14 -0.087658773 0.26338471 1.9 109.75294 51.434565 -368.18111 40.391991
6 1 -0.015709007 0.73030037 1.9 -0.45003761 0.47850325 -0.50920514 34.451643
6 13 -0.052564615 0.47500529 1.9 -0.93931734 -0.026180584 -2.1834395 25.906596
6 6 0.06799307 0.23404548 1.9 -32.552062 -75.107329 -80.202671 21.075457
6 1 -0.20158306 0.3649927 1.9 0.22094238 1.0827959 -0.75145639 30.842958
6 5 0.13697306 0.13382715 1.9 0.65656382 0.023107987 -0.47758357 36.608576
6 3 0.24479384 0.19230186 1.9 0.021114003 0.067304559 -0.11234791 31.28021
7 14 -0.051418902 0.51389297 1.9 28.381943 95.511227 -341.68898 45.914069
7 1 -0.40350885 0.42064264 1.9 -0.024595715 0.045831915 -0.10292032 6.4202006
7 6 -0.19588365 0.52108702 1.9 7.1292594 -3.8296431 -8.261518 29.052242
7 14 -0.19755837 0.25254634 1.9 8.5397288 -0.5201722 -10.855474 25.103678
7 6 -0.44860203 0.56493389 1.9 -0.070583229 -0.095786171 -0.13140401 44.966766
8 14 0.26587951 0.52574354 1.9 -198.83078 159.56561 -254.40346 4.6349198
8 5 0.39455515 0.50590104 1.9 1.8929383 0.086827902 -19.141828 22.942413
9 14 -0.28086487 0.13779708 1.9 -328.71693 -338.20416 -409.91605 15.809369
9 1 -0.51671684 -0.063838179 1.9 -1.0724742 -1.9892349 -1.351914 24.891003
9 6 -0.56918642 0.37802617 1.9 30.574128 -22.180434 -47.688624 39.82228
9 2 -0.46783181 0.057693039 1.9 -4.8615495 3.1086475 -5.4076851 23.589848
10 14 -0.26593503 0.21852431 1.9 378.12476 265.69467 -405.79913 9.2856845
10 1 0.35097747 0.35939576 1.9 -35.685911 30.677678 -31.930723 18.525444
10 2 0.12591059 0.39377714 1.9 -9.1987201 -13.07621 -20.86932 30.779868
10 6 -0.058535968 0.51395025 1.9 180.05932 171.36096 -147.65404 21.908717
11 14 -0.30706157 -0.34307194 1.9 -520.20634 -91.883731 -361.11206 35.060367
11 2 -0.25216733 -0.41541767 1.9 25.373314 -15.507678 -115.42711 39.643284
11 2 -0.025283618 -0.31719537 1.9 21.695276 27.592693 -20.801926 21.218719
12 14 0.37194223 0.18909729 1.9 -5.611725 -402.1992 -266.53806 37.076635
12 1 0.59276249 0.14295232 1.9 0.16893772 -0.043372652 -0.1619467 14.726897
12 6 0.62619828 0.24576814 1.9 -1.0968775 -0.37320503 -1.2606055 27.87656
13 14 -0.076773034 0.71785658 1.9 -30.416759 -309.11525 -219.57244 12.642928
13 13 -0.11998832 0.28763925 1.9 -0.44959634 0.32194321 -0.51888223 10.11807
14 14 0.19978574 -0.48675756 1.9 -177.22738 -107.30091 -309.65565 39.83882
14 5 0.17077246 -0.44186395 1.9 -0.16018129 0.11007898 -0.27661836 14.280425
15 14 0.2639199 0.17054497 1.9 138.2948 -392.78135 -346.139 33.560595
15 13 0.60591796 0.23099289 1.9 0.32110637 1.3754032 -2.8023791 19.525437
15 1 0.55699361 0.14969373 1.9 -0.79888598 0.25455524 -1.1450107 24.269354
16 14 -0.29148763 -0.45817561 1.9 1.8346072 -296.22808 -227.68631 45.163489
16 14 -0.21208163 -0.689953 1.9 3.2678329 6.4498669 -5.2659399 0.23293452
16 1 -0.12149864 -0.67799829 1.9 0.17381074 0.16744495 -0.15058333 26.655889
16 14 -0.53335501 -0.52173508 1.9 32.218665 21.349894 -34.810126 0.65253774
16 5 -0.38943574 -0.5249367 1.9 0.091633762 0.13665933 -0.15763458 16.398586
17 14 -0.50783716 0.47552625 1.9 -172.91299 77.980866 -471.37565 41.868742
17 13 -0.44683756 0.41143478 1.9 126.50664 -32.77946 -118.56351 23.899333
17 14 -0.34003911 0.47742259 1.9 83.451605 13.926221 -99.869855 49.426709
17 13 -0.63034952 0.31840009 1.9 -0.15142166 1.3214469 -1.0509528 1.2291734
17 1 -0.42007632 0.46715492 1.9 -0.14761947 -0.22361496 -0.45919556 9.3959133
17 5 -0.50032959 0.52560361 1.9 -2.2960211 1.4962028 -2.2607924 9.2387053
17 13 -0.36062619 0.384587 1.9 -8.2260495 21.749784 -24.231708 2.4421455
18 14 0.027827373 0.35590884 1.9 527.16117 141.93401 -374.5474 8.270486
18 2 0.34008154 0.32380357 1.9 0.453086 -0.56105161 -5.2573914 16.336835
18 3 0.074540339 0.33986851 1.9 2.8752019 1.574715 -2.8921168 39.146699
18 5 0.20156674 0.18868042 1.9 -5.2669786 -1.4883999 -4.9295674 40.267355
18 5 0.44847901 0.31656932 1.9 -1.3781561 -0.27721971 -2.2247596 34.618905
18 3 0.032499996 0.41550529 1.9 -0.141775 0.045174809 -0.29845352 35.600234
18 2 0.14329664 0.2710433 1.9 -1.5148067 3.2381727 -3.2848401 40.928046
18 6 0.32519897 0.39538057 1.9 -0.19781396 0.081574708 -0.33302843 38.002602
19 14 -0.5137466 -0.34504543 1.9 849.26261 -2122.4094 -1320.1692 14.54058
19 5 -0.36934942 -0.634753 1.9 -208.64067 461.33924 -1337.2094 17.065689
19 14 -0.25000034 -0.39705769 1.9 0.20481567 1.9297986 -4.4416573 44.501349
19 14 -0.16333022 -0.75192658 1.9 1.9716674 -0.72499137 -3.8536892 35.383728
19 5 -0.52571518 -0.50808163 1.9 0.22721991 1.5774957 -1.4632695 1.4798805
19 2 -0.13910109 -0.39023373 1.9 -1.4325576 0.62412435 -1.3884148 48.77567
19 3 -0.41171334 -0.56007645 1.9 74.548892 218.41164 -149.22601 10.362128
20 14 0.5038884 -0.5367076 1.9 -161.0684 251.56253 -247.13667 39.032243
20 6 0.23417446 -0.5044098 1.9 -11.159705 62.474268 -38.098459 16.629765
20 1 0.24677611 -0.66654014 1.9 50.049435 8.2853591 -75.232698 18.286186
21 14 -0.52386271 0.34590326 1.9 -139.34542 510.91651 -492.44562 23.143707
21 1 -0.43204034 0.13947691 1.9 18.913293 12.373231 -28.294122 16.03961
21 6 -0.39301081 0.23750423 1.9 3.5200876 2.8374965 -2.6659234 43.257178
22 14 -0.20733955 -0.29289996 1.9 50.172117 135.7218 -601.3961 45.224237
22 5 -0.56153967 -0.025250978 1.9 0.68317448 0.74445559 -1.9159018 45.95304
22 5 -0.51482696 -0.42801252 1.9 99.466902 -9.6326793 -172.04131 36.500927
22 14 -0.43549195 -0.032579374 1.9 0.84530564 -1.0780288 -1.0922699 9.1860769
23 14 -0.59192552 -0.16968588 1.9 -19.938055 440.64414 -383.90794 5.4385665
23 3 -0.58511526 -0.38114415 1.9 0.62658817 -1.7659147 -1.0924491 32.497655
23 3 -0.53703195 -0.074649251 1.9 0.093746181 -0.092284647 -0.44492096 4.5879116
23 14 -0.44450881 -0.22232404 1.9 -1.0193506 -4.3590678 -14.465896 28.277783
23 14 -0.72281917 -0.45718042 1.9 2.3307157 -1.0588266 -3.1786522 44.819785
23 2 -0.47560822 -0.20573156 1.9 -0.2234771 -0.70712935 -1.6565133 30.311675
24 14 -0.057852293 0.31480532 1.9 98.892474 -125.10258 -369.46986 35.930272
24 13 0.2507239 0.20527754 1.9 38.366902 0.40836662 -25.277338 13.841723
24 13 0.083255511 0.53411842 1.9 -49.345194 26.342793 -32.568117 36.065041
24 14 -0.24921594 0.15714329 1.9 0.19341664 -2.942024 -3.4794209 44.52753
24 14 0.23742298 0.27218387 1.9 -0.60232343 -0.3231243 -0.70458741 17.263569
24 1 -0.12251212 0.1250332 1.9 -43.181895 71.27844 -113.45288 48.684803
24 14 0.05696803 0.17115915 1.9 0.086327645 -0.3129628 -0.39640129 45.729137
25 14 -0.30161184 0.458883 1.9 -10.704895 -51.934557 -873.4388 30.316497
25 13 -0.42962513 -0.053201613 1.9 -36.604473 -5.0083721 -64.539708 42.21693
25 5 -0.47467603 0.082070721 1.9 -0.078851776 0.067583385 -0.2509448 44.445514
25 1 -0.52917586 0.40835118 1.9 0.15682508 0.091754067 -0.32497655 37.824379
26 14 0.36037961 -0.23360419 1.9 20.863726 262.4967 -231.12521 38.755162
26 3 0.19066505 -0.33608615 1.9 28.605829 -60.340261 -72.45424 10.354413
26 1 0.42198027 -0.60918165 1.9 -0.27470794 0.063183797 -0.36677396 20.26339
26 3 0.29874905 -0.1210666 1.9 -10.903946 6.198044 -42.730892 49.048595
26 1 0.26843947 -0.29742406 1.9 -0.04621374 -0.0040848491 -0.097927941 32.528864
26 6 0.22068749 -0.61243988 1.9 -1.942681 27.071172 -39.036816 4.3572312
26 3 0.15512076 -0.26351971 1.9 -0.3421019 0.29821726 -0.53924505 7.9596845
27 14 -0.36184484 0.48126442 1.9 -1623.3819 1017.2223 -1418.3231 7.1300704
27 3 -0.51177576 0.49945065 1.9 -50.394784 -192.77375 -184.60044 25.895733
27 1 -0.44271842 0.042371394 1.9 14.722386 -20.192411 -16.134982 30.153323
28 14 0.25723017 -0.16943753 1.9 455.21949 -68.966122 -477.86111 37.845404
28 3 0.57824993 -0.3926398 1.9 0.098172203 0.10210772 -0.30209972 43.44282
28 1 0.14560557 -0.25573673 1.9 -14.706113 -10.477941 -49.398609 16.151382
28 1 0.52482097 -0.11215163 1.9 -135.15232 52.846343 -138.7841 43.112236
28 5 0.2047783 -0.23045352 1.9 -21.912351 -42.653305 -108.19919 27.298771
28 3 0.2442977 -0.21039869 1.9 -1.5770932 -1.5134158 -3.4954694 47.374758
28 1 0.32428296 -0.50796041 1.9 0.62922734 -0.025275963 -0.44769497 49.06937
29 14 -0.059804982 0.00973466 1.9 388.91395 -50.381426 -800.60616 19.290129
29 13 0.22176968 0.11037843 1.9 20.553266 9.3189357 -33.723714 48.459806
29 14 -0.01955174 -0.040371946 1.9 7.2486401 -37.31648 -79.228067 49.231969
29 5 0.2468819 0.07390456 1.9 43.65385 53.983783 -419.86969 27.956824
30 14 0.35501582 -0.37717812 1.9 707.42248 -400.98154 -1060.8142 46.297083
30 3 0.57677441 -0.0010846855 1.9 -3.9656719 0.76441147 -3.4750811 16.574588
30 14 0.52887644 -0.19069615 1.9 15.549513 5.0143198 -20.088572 49.250724
30 1 0.73073561 -0.036397192 1.9 -10.724105 -271.72734 -537.14257 46.974331
31 14 0.022453195 0.63706431 1.9 952.84501 -558.36099 -674.8944 39.152643
31 14 -0.095871908 0.73769963 1.9 66.845622 20.955975 -71.247628 2.499855
32 14 0.33141722 0.2017861 1.9 155.62371 -90.191115 -317.0818 2.3854398
32 6 0.453375 0.23918289 1.9 -3.7383012 -5.6990871 -6.7278583 13.098528
32 1 0.61259181 0.12033499 1.9 0.38871803 0.37470262 -1.0927485 25.679577
32 14 0.40894273 -0.12352831 1.9 2.7509778 -7.2699836 -34.484955 37.787787
32 1 0.32258274 0.0069767613 1.9 -62.684751 1.6881818 -82.182103 0.84581429
32 3 0.47896779 -0.042791294 1.9 -33.444408 -15.642029 -74.927099 39.24805
33 14 0.48935596 -0.25535933 1.9 253.79792 187.71243 -560.24935 43.152983
33 14 0.32762582 -0.26673306 1.9 56.128689 32.292403 -97.019461 36.309195
33 14 0.32692496 -0.37737653 1.9 -0.21913228 0.31702603 -0.35516135 47.597344
33 5 0.40291266 -0.1997074 1.9 162.90376 -195.83601 -182.02115 17.546777
33 2 0.38956399 -0.35606694 1.9 -11.233915 -27.749046 -47.928365 24.554784
34 14 0.12288455 0.43657009 1.9 -159.20088 -197.75681 -260.4227 20.57242
34 3 -0.14093447 0.34308691 1.9 0.03874096 -0.01097037 -0.13526795 29.456268
34 13 -0.14169604 0.33788627 1.9 -0.079997592 0.14083994 -0.19042078 3.7516344
34 1 0.075127348 0.52460996 1.9 0.55105451 -0.12575222 -0.87658682 11.948449
34 5 0.11390997 0.36967731 1.9 -0.030267435 -0.082756051 -0.062664234 39.483969
34 1 0.20422422 0.39311564 1.9 8.373945 26.997377 -19.85225 11.572793
35 14 0.57844936 0.18038713 1.9 376.67861 466.6826 -573.67908 10.91213
35 1 0.4969309 0.1094961 1.9 32.260173 84.252876 -83.46777 10.842794
35 14 0.20495557 0.17299628 1.9 30.771811 7.1891827 -35.51519 35.9494
36 14 -0.1943059 0.28755261 1.9 -229.5212 401.00707 -306.16757 41.510656
36 14 -0.13499092 0.75667362 1.9 0.31798781 -15.793144 -13.218652 6.8129925
36 14 -0.29047943 0.4083118 1.9 -0.14976121 0.070275456 -0.55370162 25.243149
37 14 0.50931208 -0.2270749 1.9 332.10957 92.613485 -200.91997 3.0685768
37 14 0.61620607 -0.19579426 1.9 -1.0026518 0.89234352 -1.1723239 6.9680296
37 1 0.61548237 0.16942565 1.9 5.0591221 -10.94272 -22.16547 44.442873
37 13 0.40541834 0.065099749 1.9 -0.27161685 0.2960405 -0.2331399 41.968986
37 2 0.40155843 0.078793897 1.9 -9.7904107 -7.5845381 -22.194054 22.728834
37 6 0.2773102 -0.09494839 1.9 -30.697278 -144.96666 -125.81071 7.4105585
38 14 -0.28409235 -0.24049945 1.9 -233.8873 458.439 -331.45056 2.9519443
38 2 -0.42552115 -0.33802859 1.9 12.053835 -11.794024 -27.472569 18.278715
38 6 -0.28266817 -0.18781274 1.9 0.082274456 0.10656776 -0.25395911 13.997475
38 14 -0.17734208 -0.40039186 1.9 5.9360184 -52.920793 -44.552199 35.170386
38 3 -0.61553405 -0.24342115 1.9 -0.028615795 0.21476812 -0.28591377 45.135911
39 14 -0.36896098 0.11478446 1.9 -119.20611 1665.9041 -3124.8264 45.251011
39 5 -0.28516732 -0.37914972 1.9 -9.7167314 2.1362438 -5.8276636 0.13366622
39 1 -0.36664092 -0.15787974 1.9 22.584132 1421.2944 -1107.7906 38.573261
39 6 -0.32389668 -0.47255711 1.9 -0.74201739 4.3179909 -4.9720348 25.768365
39 5 -0.28769131 -0.14357553 1.9 0.73377533 0.72587875 -1.4585798 4.3959853
39 13 -0.057799846 -0.22659746 1.9 769.77792 -931.25572 -832.13457 5.824018
39 14 -0.38539281 -0.24841872 1.9 -22.209935 2.5777797 -23.961149 25.87254
39 1 -0.080273725 -0.086123332 1.9 -14.760091 -1.98072 -12.910613 46.152154
40 14 -0.14257073 0.57679344 1.9 156.51338 146.46979 -402.31995 34.814283
40 13 0.01670922 0.50203358 1.9 -26.078502 -14.009864 -33.073841 28.302788
40 14 -0.017129278 0.73833659 1.9 3.2955844 2.6918457 -9.3044726 45.154132
40 1 -0.073921098 0.4197053 1.9 -0.026686016 0.074939949 -0.10527543 31.193444
40 3 0.059164902 0.57296888 1.9 4.737576 6.6323818 -19.001229 1.8326586
41 14 -0.2009465 0.27533472 1.9 -108.70553 36.603743 -658.33166 13.338762
41 1 -0.036897812 -0.24399037 1.9 6.3207283 -7.6532337 -11.123071 48.754579
41 2 0.11616711 0.016135797 1.9 0.056639047 0.12065492 -0.22062724 28.551559
41 1 -0.027152755 0.0063503761 1.9 -61.631429 -78.444034 -112.16168 17.779694
42 14 -0.45661238 -0.56867449 1.9 -232.52449 145.21477 -231.66767 16.576636
42 2 -0.14803986 -0.39563409 1.9 0.63264039 -2.8389992 -3.3473416 41.287256
42 6 -0.51487029 -0.17478589 1.9 -12.011186 -22.843235 -33.135207 48.953724
42 1 -0.32240108 -0.3087572 1.9 -78.614236 89.050441 -98.349471 14.833073
42 3 -0.46442382 -0.44790531 1.9 -4.3451829 -48.457163 -53.94124 44.490232
43 14 -0.48542676 -0.72892978 1.9 508.8296 -216.91993 -483.18156 49.827311
43 13 -0.52598691 -0.38543417 1.9 114.31511 -144.81398 -202.55181 19.94125
43 13 -0.52624445 -0.38506833 1.9 94.05028 172.18356 -203.47222 34.761125
43 3 -0.59043349 -0.67016812 1.9 3.441967 -7.7804814 -5.6209029 44.336298
43 13 -0.63146535 -0.35800032 1.9 21.932641 -14.338812 -16.073818 32.340923
43 5 -0.52559507 -0.65185285 1.9 0.47650422 1.8457872 -3.6171782 15.423627
44 14 -0.36355477 0.3125132 1.9 -408.09909 -355.24618 -436.39054 14.227644
44 5 -0.14281683 0.24055309 1.9 0.099914944 0.076134611 -0.32238555 2.8740618
44 5 -0.52781793 0.10787885 1.9 0.24679052 -0.062015855 -0.34563924 29.459192
44 5 -0.41561424 0.47467502 1.9 -6.4996692 -9.6453335 -20.716602 33.129384
45 14 0.17357907 -0.25109452 1.9 406.38777 100.57558 -294.33172 42.283821
45 2 0.058761404 -0.34914054 1.9 41.39863 -14.201911 -52.268223 6.8697513
45 3 0.18722779 -0.18291798 1.9 -0.7829839 8.3591131 -7.0486528 36.353601
45 13 0.22783058 -0.51307815 1.9 -16.281469 -22.896022 -24.045651 49.165323
45 14 0.21165473 -0.45904934 1.9 0.14557823 -0.028801416 -0.29679412 44.423197
45 3 0.29661432 -0.29092942 1.9 -0.10282214 0.36391083 -0.92820692 27.592289
45 5 0.16749794 0.053616328 1.9 -13.786434 39.030301 -36.899405 28.20529
45 6 0.49227601 -0.061276571 1.9 -16.582886 29.710067 -39.517567 48.975583
46 14 0.77371594 -0.0040391883 1.9 -83.45757 174.5938 -305.32075 40.358086
46 13 0.75231528 0.021612669 1.9 0.150964 -0.027524098 -0.28453539 33.390616
46 2 0.73197884 -0.26403176 1.9 0.072489206 -0.73828203 -0.72719184 38.279875
46 1 0.48487958 -0.25222233 1.9 -47.128172 52.15009 -79.365801 40.633108
46 3 0.63785399 -0.042321888 1.9 2.2362386 -2.0677892 -2.9904307 3.6399281
46 5 0.48003348 -0.22201561 1.9 -32.125824 17.957908 -33.351246 31.164213
46 5 0.7012538 -0.1737131 1.9 2.1513185 1.5457813 -1.5997151 42.465735
47 14 -0.25423231 -0.42036227 1.9 170.25566 401.04102 -736.11446 26.084299
47 14 -0.11202333 -0.20149943 1.9 0.86736618 -13.355355 -23.655075 31.132323
47 14 -0.54144608 -0.32092497 1.9 -14.612375 -114.94802 -97.644014 28.92528
47 13 -0.23857965 -0.10388611 1.9 6.3338391 6.8219371 -9.8133916 48.116811
48 14 0.5554401 -0.15629329 1.9 430.09648 -67.150534 -290.17717 49.370406
48 5 0.46341126 -0.27995089 1.9 13.742911 -7.3260941 -12.483576 49.376899
48 14 0.69257064 -0.31051963 1.9 -5.2771876 19.968243 -36.953074 35.233772
49 14 0.69459272 -0.15797048 1.9 -1141.2726 833.31935 -1072.6763 47.559814
49 14 0.48539194 -0.18044307 1.9 -235.93425 265.09579 -836.31698 47.554975
49 1 0.41140836 -0.29172964 1.9 -2.0018363 -1.4316798 -3.0407505 24.341896
49 14 0.73580782 -0.078935118 1.9 3.5838937 -0.32898629 -3.3651945 11.705439
49 5 0.47375056 -0.22690593 1.9 304.85706 169.72406 -255.63697 2.4238101
49 5 0.51762417 0.028804724 1.9 0.98247389 0.39356155 -0.65970802 9.4429726
50 14 -0.10758903 0.12076001 1.9 -402.04177 53.437633 -740.82558 23.79652
50 6 -0.041467433 0.64952243 1.9 0.19145266 0.45081758 -1.57041 19.779601
50 14 0.17806163 0.66273113 1.9 -0.3974818 -0.19134303 -0.78653009 47.241179
51 14 0.24080259 0.10158701 1.9 -259.27521 -7.2121875 -414.80391 19.796709
51 13 0.79573622 0.1501777 1.9 -0.033296592 -0.045028942 -0.13403722 6.9803763
51 3 0.43393901 -0.17235972 1.9 -13.364492 5.937748 -30.976004 28.594864
51 2 0.56896672 -0.081416476 1.9 -0.23829115 0.20605169 -0.210879 6.4759128
51 5 0.47179719 -0.071903701 1.9 -1.4024451 1.2515408 -2.8485477 23.507091
51 2 0.64931289 -0.1779023 1.9 0.24470025 -1.0621347 -9.5489531 18.71996
51 2 0.66573753 0.024473201 1.9 15.834347 4.3653916 -30.993366 2.9172496
52 14 -0.047648267 0.093019398 1.9 -165.59569 -346.19656 -617.08505 46.816403
52 5 0.19967141 0.084850402 1.9 -0.18386974 0.4663407 -0.32653233 5.1273535
52 6 -0.30233049 -0.10710215 1.9 3.7309896 1.6342132 -3.1094799 0.87359652
52 6 0.076738574 0.023236866 1.9 -0.72006767 -1.0546763 -2.1324911 4.5599892
52 6 -0.16028218 -0.071847226 1.9 -49.110185 18.192553 -165.87056 15.163159
52 5 -0.024883269 -0.15994268 1.9 94.002841 4.7110116 -106.72642 44.011416
52 14 0.34390162 -0.21537618 1.9 145.3022 -24.254529 -90.587703 45.032657
53 14 0.38419675 0.42366058 1.9 -721.52518 -246.63743 -1033.123 47.681551
53 2 0.49025121 0.41823853 1.9 10.681341 0.55775885 -18.160995 28.95559
54 14 -0.31147268 -0.58990248 1.9 -160.77544 -143.92263 -302.75686 27.60737
54 5 0.14294264 -0.54833228 1.9 69.601744 22.307985 -75.141686 16.229968
54 3 0.16469471 -0.31748368 1.9 -0.015960002 0.25538802 -0.38088111 42.180952
54 3 -0.037201896 -0.64616431 1.9 6.7292899 8.4952762 -6.8015355 39.429446
54 3 0.16348719 -0.57779136 1.9 3.4645953 -0.83248622 -8.025042 17.844635
55 14 0.19434255 0.3368839 1.9 -259.93624 -207.42808 -298.17582 35.076209
55 1 -0.36607531 0.072238531 1.9 0.31719558 -0.13867301 -0.29714666 48.622778
56 14 -0.28373058 -0.22274027 1.9 285.22529 -20.97269 -236.29276 18.387268
56 13 -0.11918292 0.16378246 1.9 0.09535083 -0.022850323 -0.57823178 47.832322
56 14 -0.1794176 0.18510482 1.9 -0.10859967 0.3276526 -1.4421912 11.365094
56 5 -0.17580615 -0.10921084 1.9 5.4895227 -1.6747849 -4.2654852 17.582976
56 5 -0.19920257 0.070546171 1.9 11.094298 -11.466717 -28.317496 44.596708
57 14 -0.02986834 0.55783454 1.9 -300.08694 170.96591 -657.74264 5.848185
57 3 -0.10103102 0.30195698 1.9 -4.6515145 -78.460637 -100.22778 19.455513
57 2 -0.11956559 0.49403781 1.9 0.26615327 -0.10779601 -0.35752167 38.565383
58 14 -0.45137679 -0.10842189 1.9 81.035326 39.954021 -419.88662 27.168594
58 5 -0.44042751 0.070918942 1.9 1.7040842 1.2463697 -2.0413649 12.650305
58 2 -0.468386 -0.011456633 1.9 -0.059743257 0.15024046 -0.19451434 23.516428
58 1 -0.87007758 0.091638713 1.9 -2.0115484 -0.47228504 -3.9379855 47.373619
58 5 -0.51360999 -0.1745051 1.9 -0.065455874 0.043387359 -0.12643792 43.617625
58 1 -0.53103473 -0.29072443 1.9 50.511784 -64.544201 -79.887967 48.571749
59 14 -0.31329457 -0.42114895 1.9 1008.5552 401.70421 -2372.3618 38.324803
59 1 -0.27674579 -0.66717147 1.9 0.38065407 -0.41419945 -1.0366591 23.365889
60 14 -0.13212202 0.78997585 1.9 -278.69591 197.65093 -547.60422 30.475396
60 5 0.014974052 0.59616251 1.9 -1.3947802 4.1431277 -7.668742 41.257354
60 13 0.22611454 0.35054058 1.9 -0.067748535 0.28288308 -0.25998485 15.014496
60 6 0.2453344 0.60333803 1.9 53.619062 -18.598999 -95.157228 4.1630759
60 2 0.20967845 0.18418652 1.9 -0.17859137 -0.14824028 -0.20806208 4.9889053
60 2 0.39205538 0.30696446 1.9 -27.705791 14.426338 -18.723653 32.493519
61 14 -0.27650619 -0.062037139 1.9 -565.5698 291.0336 -388.62959 8.729986
61 1 -0.14852168 0.021956315 1.9 -0.05791017 0.061754378 -0.35106968 28.467342
61 6 -0.16445608 0.063390128 1.9 9.0751181 -167.50154 -115.84861 5.8200137
61 14 -0.55726302 -0.054797109 1.9 -21.671444 -6.3850416 -30.990961 12.66094
61 2 -0.50880814 0.10665764 1.9 10.896777 -16.788298 -24.026751 49.898419
62 14 -0.31775258 0.6447922 1.9 -502.64261 511.70884 -635.19689 5.2169662
62 6 -0.43721655 0.27989821 1.9 -0.13035098 -0.17094876 -0.20429369 44.054925
62 6 -0.58642964 0.5812651 1.9 -34.978237 -11.208439 -23.02974 28.019935
62 2 -0.50355811 0.49715577 1.9 -0.094715657 0.075899724 -0.52758893 14.48494
62 5 -0.32052613 0.42037409 1.9 -0.35124418 -1.9750983 -2.6651511 14.086447
63 14 0.16159631 0.35816095 1.9 259.58411 -1136.2713 -1129.9906 48.143168
63 14 0.55168005 0.34003009 1.9 -2.0869574 1.7424024 -4.4397973 28.142595
63 2 0.22733259 0.59694556 1.9 0.26698253 0.21198763 -0.52614555 27.292113
63 6 0.22708443 0.55960446 1.9 -141.64903 -0.26124055 -229.32497 38.426572
64 14 0.42412579 -0.54522417 1.9 -453.88295 -451.28555 -593.53634 4.1180656
64 1 0.41495761 -0.4892439 1.9 -5.772706 20.043596 -42.838542 30.380986
64 3 0.52953731 -0.23369629 1.9 1.075121 0.37051497 -1.6624931 37.648333
65 14 0.43530839 -0.23286224 1.9 -307.34027 -172.27539 -466.35802 8.1076788
65 13 0.31152978 -0.50197589 1.9 25.290104 1.4226129 -14.959755 26.520535
65 3 0.1796999 -0.051390175 1.9 -127.8214 -3.2155092 -79.714752 32.284313
65 13 0.39336201 -0.10166791 1.9 -2.6122963 2.2665475 -3.170566 35.611557
65 1 0.18689131 -0.11252848 1.9 9.4038479 15.673604 -18.361852 23.905367
65 1 0.33946106 -0.23128353 1.9 9.4868241 29.60342 -20.513562 4.9547349
66 14 -0.25928968 -0.035870841 1.9 -847.93626 -32.353979 -656.56291 3.7673114
66 14 -0.0012047904 0.26342464 1.9 -323.58202 162.05204 -299.54388 48.046887
67 14 -0.42236465 -0.3730565 1.9 -171.91523 -724.7375 -1415.965 13.16678
67 14 -0.073292373 -0.47982611 1.9 -12.322904 1.8922257 -9.4162012 2.5240376
67 14 -0.54106536 -0.26787613 1.9 0.09828474 -0.88683021 -1.2643714 7.6262093
67 14 -0.34221551 -0.45729919 1.9 -0.19657778 0.28951256 -1.1889947 30.32927
68 14 -0.32847802 0.17046374 1.9 81.627845 -368.45605 -231.75105 15.95629
68 6 -0.18354082 -0.16156742 1.9 -31.454186 -31.698067 -30.341729 33.894954
68 13 -0.38862727 0.13186585 1.9 1.9368598 2.4853794 -10.972395 34.507479
68 2 -0.22555033 0.62673197 1.9 22.009287 -0.6106886 -51.912629 40.032803
68 3 -0.29528916 0.32612293 1.9 0.19197173 0.40515029 -0.49002633 45.177534
68 14 -0.33041115 0.15395201 1.9 0.99434122 1.2845532 -4.5202422 22.499628
69 14 -0.15917096 -0.68494094 1.9 -104.36802 -498.38776 -1257.4699 41.209164
69 3 -0.12226492 -0.60525892 1.9 1.7509043 4.1934054 -4.3504004 5.4667955
70 14 0.18780681 -0.50610287 1.9 -94.373682 38.140021 -424.41146 26.98768
70 13 -0.11279644 -0.37134106 1.9 -0.88251724 -0.13705269 -0.66123266 24.89993
71 14 0.27458174 -0.12637093 1.9 22.549062 -281.5752 -258.06227 28.162477
71 5 0.61477048 -0.0016972093 1.9 -0.13145442 0.70449837 -0.54501575 34.841074
71 5 0.8294194 -0.37036942 1.9 -0.58508747 2.281652 -1.8779209 33.848309
71 6 0.57221678 -0.32155393 1.9 4.9126957 2.5223351 -4.1932919 36.888487
71 13 0.43017249 -0.49660743 1.9 16.711411 20.883242 -31.105234 24.128264
71 2 0.50306412 -0.27512481 1.9 -0.54837583 -0.31284378 -1.0650924 19.432834
72 14 -0.59953069 -0.68873397 1.9 350.7933 12.567647 -233.50629 48.799473
72 13 -0.45054711 -0.3091309 1.9 -0.22423896 0.042362927 -1.0175484 16.755859
73 14 -0.36405564 0.58140776 1.9 810.29645 384.00029 -525.52691 32.396984
73 2 -0.11824359 0.55347035 1.9 -82.440956 -3.0351038 -232.4059 44.987158
73 5 -0.13900499 0.62092347 1.9 10.033521 -81.605803 -115.18259 15.891476
73 14 -0.17657109 0.72348589 1.9 4.014046 -32.071114 -44.195379 24.756376
73 2 0.039338065 0.62509461 1.9 1.9940793 36.606087 -22.17262 26.746135
73 5 -0.065744404 0.71542562 1.9 4.6730272 4.997645 -8.4076121 16.025202
73 3 -0.17902795 0.57607738 1.9 -4.223642 10.211576 -7.7565844 11.41542
73 2 -0.024889028 0.56055298 1.9 41.944187 55.242095 -106.05623 39.577561
74 14 0.44724148 0.024421654 1.9 -22.301761 313.16099 -229.24017 5.1486232
74 6 -0.10866337 0.041595916 1.9 29.293163 -30.641697 -62.211234 42.75098
74 13 0.013573864 0.049148645 1.9 -3.3653899 1.5108878 -4.0202662 2.1852216
75 14 0.15048485 0.18357754 1.9 -466.12561 190.40937 -740.66319 45.832483
75 6 0.22270477 0.004005261 1.9 -17.717352 -17.778308 -63.154688 13.45195
75 5 -0.020219905 -0.074029076 1.9 0.15488565 -0.09412928 -0.30873123 24.283161
75 14 0.28687885 -0.028754695 1.9 0.20596449 -0.01088232 -0.2994657 24.937447
75 14 0.28578362 0.0044499238 1.9 -1.0259721 -0.12819251 -0.71358803 36.087435
75 1 0.035167486 0.02685396 1.9 0.63004236 -0.35655056 -0.70864988 25.208558
76 14 0.39603805 -0.16083359 1.9 -202.32005 71.657307 -296.64155 22.408006
76 14 0.77701395 0.21458213 1.9 -2.0660054 -19.534352 -48.802299 47.209497
76 5 0.83479218 -0.050356556 1.9 0.048397048 0.11081481 -0.072826323 17.641394
76 14 0.55420272 0.15697533 1.9 0.10953721 -0.18338834 -0.5096199 17.838741
76 5 0.44201865 -0.11218057 1.9 -4.5515622 7.488254 -6.1576853 26.255266
76 13 0.53984604 0.14226506 1.9 -0.94010534 -0.32461671 -1.3885793 35.172379
76 13 0.55491402 0.2844793 1.9 -0.095949981 -0.24099526 -0.45545627 2.7153984
77 14 0.23860445 0.28913309 1.9 -245.97446 691.22612 -472.45046 36.456338
77 1 0.28060244 0.30826069 1.9 -31.410189 13.769876 -53.355701 13.83772
77 5 0.32213516 0.23074808 1.9 -104.90739 121.55941 -144.18462 32.194451
78 14 -0.49184969 -0.14593172 1.9 400.14951 -286.60989 -403.50414 18.920193
78 2 -0.19202712 -0.36590728 1.9 -15.97701 -16.701584 -29.480643 30.239074
78 3 -0.17837011 -0.3746163 1.9 0.038326873 0.16904331 -0.1000753 46.235964
78 13 -0.19248508 -0.45011417 1.9 0.044214498 0.25650851 -0.1989457 4.014242
78 14 -0.27330793 -0.20533256 1.9 -8.3953254 13.913654 -13.62795 19.192714
78 5 -0.24836952 -0.20075198 1.9 -46.40696 -17.270037 -31.774885 26.595594
79 14 -0.1876704 -0.30022475 1.9 -145.97319 377.53493 -482.86852 29.666075
79 1 -0.31400016 -0.23151785 1.9 0.12412724 1.4769909 -1.0418799 27.891646
79 13 -0.1200824 -0.35120962 1.9 -32.009299 16.600629 -35.028037 46.099996
79 5 -0.17092862 -0.21287759 1.9 -0.79551063 -14.70066 -33.129088 0.4803822
79 3 -0.37579726 -0.19307717 1.9 29.330265 60.890218 -70.813264 49.525912
79 6 -0.107812 -0.24518266 1.9 -0.0080068285 0.31444648 -0.42516586 43.101604
79 13 -0.26398665 -0.46268152 1.9 -13.761505 11.253924 -17.756366 33.168011
79 5 -0.14034058 -0.36431153 1.9 38.558066 -144.76655 -88.480518 43.45869
80 14 -0.68971213 -0.13240523 1.9 12.890662 -118.34856 -423.99236 49.743076
80 3 -0.51743231 -0.56402467 1.9 -54.740898 47.201051 -140.96145 1.2254252
80 2 -0.45947379 -0.041591378 1.9 0.32603507 0.12566761 -0.50764135 6.0463232
81 14 -0.19255552 -0.031382798 1.9 -584.1672 244.9329 -368.62475 30.940423
81 5 0.0086639789 0.40101828 1.9 2.5194314 -10.548522 -6.8171049 23.21364
81 6 0.15500921 0.56820159 1.9 0.9549722 -0.16559439 -1.5603806 34.470587
82 14 0.26924238 0.35111682 1.9 -232.95335 346.89687 -318.33949 44.146117
82 5 0.26722503 0.38086991 1.9 4.9481113 -45.587589 -89.774522 44.050176
83 14 -0.486391 -0.21128862 1.9 -241.45921 -471.10442 -584.17574 1.9937585
83 6 -0.20892365 -0.051904462 1.9 -0.10434645 3.6094224 -5.5838543 3.4804647
83 1 -0.1342029 -0.27611928 1.9 -3.8445117 9.0683062 -6.3707142 46.042472
83 1 -0.012445227 -0.091106532 1.9 -0.66809125 -0.3122007 -0.64096622 37.055481
84 14 -0.30009309 0.22010129 1.9 -528.30279 325.78383 -384.23802 21.584756
84 6 -0.36416814 0.071474439 1.9 -0.042466705 0.017007988 -0.3047107 30.593987
84 14 -0.22359966 0.13097675 1.9 0.79219736 -1.7983884 -5.9491724 15.351219
84 1 -0.41761681 0.1389612 1.9 4.7274737 -9.502574 -13.852178 14.33509
84 3 -0.20003017 -0.049781311 1.9 -17.151555 23.912387 -28.856823 19.013742
84 6 -0.29994934 0.50450826 1.9 2.3250724 2.3144077 -6.1944299 8.0478077
84 6 -0.4838881 0.084043035 1.9 7.0680646 8.2975067 -11.477808 17.537446
84 3 0.015850543 0.30732503 1.9 20.07506 137.27337 -107.66095 3.6232495
85 14 -0.059782208 -0.080639031 1.9 63.279401 -76.876518 -349.62567 29.15854
85 5 -0.10981187 -0.13486926 1.9 0.28602987 -1.0913774 -0.86235173 25.919075
85 14 -0.24961023 -0.1673369 1.9 1.9991192 -3.101813 -3.0686066 19.695213
85 14 -0.093190528 -0.010024197 1.9 3.2275164 8.7609447 -6.8838783 28.602238
85 6 0.19906456 -0.38699061 1.9 -2.1357872 -3.1009744 -5.8221806 27.038464
85 13 0.045974815 -0.35395348 1.9 16.239489 -26.721946 -87.972793 12.725956
86 14 0.2442208 -0.1414178 1.9 -435.80487 88.623954 -1346.1807 43.519779
86 5 0.1019338 0.05850666 1.9 -46.494343 28.594581 -34.712554 47.875328
86 5 0.37066128 -0.12774408 1.9 0.27080274 -0.23076015 -0.3839527 45.178956
86 5 -0.14409651 0.13870146 1.9 -26.150204 24.747024 -35.910806 34.321162
86 1 0.078318769 0.15372313 1.9 17.531457 -7.907986 -47.645364 49.421605
87 14 -0.22372722 -0.27328656 1.9 86.134494 254.50284 -240.51327 3.0217064
87 6 -0.24694667 -0.37350827 1.9 0.19686656 -0.14421155 -0.27132514 29.504745
87 6 -0.08514454 -0.096046197 1.9 -0.73938969 0.47858605 -1.4162546 4.2722864
87 13 -0.47694624 -0.35746179 1.9 0.11322104 -0.031088291 -0.21427161 12.789168
87 14 -0.37781601 -0.1266968 1.9 -86.474861 27.712387 -174.87441 4.3045863
87 2 -0.11179338 -0.30347576 1.9 -0.95363816 3.9308705 -2.8420873 9.6014792
87 14 -0.1642475 -0.20653801 1.9 -0.37380602 0.41794164 -0.56938089 22.133312
87 13 -0.37867221 -0.14312536 1.9 19.19262 31.705062 -39.883822 3.7019637
88 14 0.10684843 -0.39373261 1.9 502.93187 641.28226 -518.40926 9.7523632
88 1 0.13122189 -0.52408466 1.9 -4.4676956 1.7992064 -3.4353063 29.518882
88 13 0.05215628 -0.43271425 1.9 0.33102299 -17.245955 -15.610772 14.271486
88 1 -0.032195884 -0.69264715 1.9 -121.10244 17.711294 -76.979435 32.665013
88 2 0.22111816 -0.67030853 1.9 -0.52531274 0.41813128 -0.9431729 25.926028
89 14 0.017758692 -0.33736039 1.9 -272.38019 10.555558 -446.53148 44.553144
89 2 -0.049431906 -0.35185959 1.9 0.63072376 0.18896814 -2.9902173 23.835614
89 14 -0.27436333 -0.35399056 1.9 10.342829 -45.065346 -287.60867 13.2514
89 14 -0.35582334 -0.46457067 1.9 -1.281695 0.55817452 -0.98813058 43.038874
89 13 -0.29598421 -0.50766596 1.9 -0.28132154 11.961072 -13.941871 12.136087
89 13 -0.13809557 -0.43608858 1.9 0.92432798 0.32853283 -0.77303549 19.652183
90 14 0.42516325 0.24390378 1.9 467.35287 -365.57004 -710.61814 29.168557
90 14 0.46085661 0.17036439 1.9 0.19568157 0.40538951 -0.35117213 33.463695
90 6 0.50037349 0.36386835 1.9 11.817398 -11.771697 -34.141381 36.082253
90 1 0.32102371 0.61616109 1.9 -37.234211 -55.976936 -131.65059 30.104341
90 14 0.23258834 0.25466117 1.9 115.21521 -28.068758 -359.75416 21.005102
91 14 0.23875939 0.67554504 1.9 168.46536 288.25829 -325.00275 8.8491178
91 14 -0.0053512688 0.56885672 1.9 -0.76570344 -0.25319003 -1.2280555 20.347655
91 13 0.11077993 0.6824866 1.9 -0.2018635 -0.1216579 -0.17201038 47.788996
92 14 -0.21892904 0.46373907 1.9 -416.85133 198.56117 -354.31541 23.564684
92 14 -0.47022765 0.22493238 1.9 91.051481 -108.76753 -83.127764 27.604646
93 14 0.11396406 -0.31071253 1.9 174.51096 -139.65822 -280.58367 41.564878
93 6 0.52776592 -0.24204632 1.9 -0.083495764 0.54208415 -0.9864536 20.391129
93 14 0.1997134 -0.42942309 1.9 -5.7434996 -27.4051 -50.014567 30.29248
93 3 0.34186202 -0.51785508 1.9 -2.6301683 -0.042439565 -1.795897 10.685344
94 14 0.31272733 -0.14022046 1.9 -448.43287 23.240076 -358.94309 8.9683377
94 3 0.60754737 -0.23504973 1.9 11.911565 5.6799348 -21.039808 46.082752
94 13 0.67187558 -0.13228287 1.9 -0.89996701 0.4159153 -0.86972412 46.958897
94 13 0.57301437 0.061902671 1.9 0.042507993 6.9310588 -10.03257 17.455538
94 13 0.58438429 -0.45073912 1.9 0.032887316 1.7746161 -2.6502926 47.510408
95 14 0.1717184 0.1487825 1.9 -301.9325 150.64226 -386.35811 7.199496
95 14 -0.073024583 0.40954358 1.9 62.658756 45.487133 -172.111 28.242533
96 14 0.61750706 -0.48834967 1.9 145.67591 -265.48634 -244.16645 16.769545
96 2 0.38987727 -0.45250974 1.9 0.2472001 0.19427653 -0.26343523 7.0881296
96 14 0.49403161 -0.49151751 1.9 5.9227432 -2.8782639 -4.8515901 24.653841
97 14 0.0039484748 0.35725493 1.9 -209.88036 258.13695 -254.89212 36.304354
97 6 -0.17173541 0.55415617 1.9 0.24340511 -0.17496511 -1.8391554 2.6959387
97 3 -0.0054304558 0.51819717 1.9 5.6479563 -2.44065 -9.408589 39.063618
97 3 -0.15204368 0.40174092 1.9 0.68652914 3.4771916 -2.1342597 7.3598967
97 2 -0.05015345 0.64111697 1.9 -0.20672013 0.0276667 -0.25505293 27.793133
97 2 -0.16283484 0.61170421 1.9 -11.661127 0.57228188 -9.9639865 35.543285
98 14 0.6534852 0.13104703 1.9 -479.13702 605.51163 -488.86557 49.276839
98 5 0.5929505 0.34885781 1.9 -43.085437 0.657553 -147.65172 36.869781
98 5 0.7036067 0.36945661 1.9 0.006051428 1.1305555 -1.1496204 19.012317
98 5 0.821448 0.32155614 1.9 -0.53091774 -0.0282412 -0.39304898 29.484262
98 14 0.52623132 0.51827363 1.9 0.063340418 -0.14153033 -0.40751885 46.088961
98 14 0.44774205 0.20182542 1.9 -0.27972825 0.15326484 -0.48303436 42.382894
99 14 -0.046637885 0.45836583 1.9 -9.362901 403.3201 -238.27601 41.24855
99 14 0.079144094 0.2519562 1.9 -13.372005 9.7493247 -13.203332 11.235758
100 14 0.35932326 0.16199134 1.9 -229.94627 507.42364 -793.22427 15.443335
100 1 0.58250243 0.15357009 1.9 -9.3983848 -28.564543 -69.279504 37.812193
100 6 0.45161664 0.46454933 1.9 1.8632629 0.1683206 -2.0270238 33.510206
100 5 0.42469579 0.09399541 1.9 6.7426364 -19.230869 -14.495453 14.366064
100 5 0.38335355 0.20240777 1.9 -1.9667125 3.4073861 -3.600855 32.361808
100 5 0.4655005 0.077624701 1.9 5.5123398 -6.0180583 -6.6641643 36.627169
101 14 0.14896322 -0.22883388 1.9 -97.33143 281.12163 -234.18597 23.757478
101 14 0.37713119 -0.23905735 1.9 -0.080322587 0.050004395 -0.083453619 15.205178
101 6 0.028840336 -0.27131131 1.9 -67.917538 -10.271964 -42.013634 42.227634
101 5 0.073107095 -0.17688987 1.9 -18.598134 -1.6768956 -16.411768 4.5568016
101 2 0.18290403 -0.049523744 1.9 -6.9128328 -1.5300199 -9.8203168 5.9387944
101 5 0.14246538 -0.21998004 1.9 -0.26720987 -0.98980985 -0.82980742 17.360992
101 5 -0.067941953 -0.10332776 1.9 -4.976765 -2.4842483 -14.176445 28.615658
101 13 0.23279139 -0.13505555 1.9 0.65346982 -0.2235537 -0.44658352 18.262223
102 14 0.013299696 -0.54032405 1.9 685.16694 -235.15592 -951.20973 0.94097648
102 3 0.28034996 -0.5049036 1.9 1.3498806 -20.109204 -54.816559 9.251657
102 14 0.028285456 -0.66038988 1.9 -4.4593023 -5.4244501 -11.646492 38.622822
102 3 0.15401452 -0.90880617 1.9 20.961152 -14.351025 -23.649992 48.996312
102 1 0.052173061 -0.38117737 1.9 35.472239 -27.679898 -81.696408 46.74633
102 3 0.20951223 -0.64881091 1.9 56.06663 -72.473497 -77.936373 17.761179
102 5 0.1698606 -0.6249971 1.9 -0.26698793 0.8672879 -3.7701747 2.1438827
102 13 0.23562664 -0.27525012 1.9 0.43848847 -0.1316094 -1.5173902 27.893443
103 14 0.59315631 0.61658589 1.9 58.523485 80.634318 -345.03011 16.697631
103 13 0.41775176 0.42142961 1.9 6.3180005 12.11255 -22.061792 17.165832
104 14 -0.81823716 0.29631657 1.9 72.364497 158.95822 -436.01866 4.3694858
104 14 -0.57428952 0.29063101 1.9 -12.313394 13.830801 -40.2188 37.371887
105 14 0.4773084 0.53317901 1.9 -283.70877 87.419458 -666.99543 45.882765
105 14 0.39539299 0.75524707 1.9 118.30152 66.472738 -174.72806 30.90219
105 14 0.42925075 0.54874279 1.9 125.16148 69.706578 -137.63666 32.011148
105 1 0.61045644 0.45474922 1.9 0.039896218 -0.2077435 -0.21613191 4.4171265
105 13 0.633322 0.4327344 1.9 1.8526966 -0.8910433 -3.9409434 1.8622054
105 14 0.24953755 0.57563368 1.9 -2.6635869 -4.8739143 -7.1444528 12.498956
105 14 0.18920437 0.67943521 1.9 22.333584 1.800128 -21.482145 15.363216
105 13 0.85528699 0.48330874 1.9 -7.5714039 -53.067982 -64.415834 4.0653603
106 14 -0.51823263 0.16163018 1.9 -135.56749 -91.63597 -316.76976 22.197204
106 5 -0.66623352 0.62725717 1.9 -0.053545018 -0.17644337 -0.21849527 25.150001
107 14 0.4904461 0.10456665 1.9 -162.5439 -9.1817574 -964.76806 20.514654
107 6 0.38515541 -0.021799572 1.9 -5.243165 -2.5141501 -17.057196 40.999373
107 14 0.19190016 -0.26410379 1.9 10.751263 15.954571 -218.64977 14.18744
107 3 0.18227008 -0.12421758 1.9 -54.939892 32.782893 -58.588848 0.78172102
107 2 0.44881517 -0.060927658 1.9 6.2472844 -18.054777 -49.587979 39.835671
107 13 0.21686751 -0.16302516 1.9 -2.1464928 -6.3145048 -9.0431556 25.320597
108 14 -0.079072742 -0.18873123 1.9 349.42788 -120.2321 -485.20059 30.373208
108 3 0.0065542469 -0.22706192 1.9 -41.82501 18.943693 -110.69295 37.156632
108 2 -0.0091399786 -0.25843278 1.9 -1.6574591 -0.78194327 -1.2424397 8.3894697
108 13 -0.079344848 -0.42434045 1.9 -0.61180259 -0.0076647869 -0.53513486 42.701466
108 2 -0.10416177 -0.45911287 1.9 105.68923 -138.26369 -286.46701 14.01851
108 2 0.10022404 -0.30056736 1.9 -0.066876888 -0.524423 -0.50886666 48.450585
108 3 -0.20082297 -0.16108652 1.9 24.600963 -19.761769 -37.837021 15.864573
108 1 -0.15396818 -0.25137638 1.9 1.1409037 -1.7784814 -3.8492661 40.95036
109 14 -0.1446549 -0.58081963 1.9 -339.01812 -125.01989 -381.92059 47.368735
109 13 -0.71188115 -0.60963319 1.9 -3.0461344 2.0569245 -3.2984712 41.486654
109 6 -0.22215411 -0.12781894 1.9 0.057445065 -0.04822005 -0.13935221 4.8754325
109 3 -0.19583717 -0.59344628 1.9 0.82455551 0.037728365 -0.6046019 16.68873
109 6 -0.37530803 -0.65059005 1.9 -2.6378168 -8.3627011 -5.2900439 16.344908
109 13 -0.41096376 -0.73141352 1.9 78.671689 89.506761 -139.84895 10.902628
109 2 -0.30457578 -0.40653229 1.9 0.16082466 1.413147 -1.4324579 28.343591
110 14 0.27455852 0.24641856 1.9 -200.97422 263.32882 -307.53311 38.624538
110 3 0.57353614 0.2365712 1.9 5.3402309 2.4340065 -6.1559638 21.272947
110 5 0.40584638 0.25820827 1.9 -0.70548528 0.63426074 -0.88691672 46.970602
110 5 0.64724266 0.019544431 1.9 -0.81633902 2.7706187 -2.0759053 30.050461
110 13 0.61571139 0.19628306 1.9 68.318275 5.2936355 -57.703053 36.502057
110 13 0.54176745 0.018218635 1.9 -0.32313947 0.43382704 -0.84830527 15.548131
110 13 0.69137036 0.12499089 1.9 89.668773 70.476025 -217.05047 5.7284089
111 14 0.12032099 -0.34051443 1.9 335.58894 78.071829 -763.57004 48.717496
111 13 0.090629208 -0.31785306 1.9 -0.31164332 -0.40134199 -7.0977657 12.203525
111 14 0.28130863 -0.14893294 1.9 -41.843564 -25.569984 -93.704728 43.903951
111 14 0.18302809 -0.2920411 1.9 3.9492483 6.9680334 -16.489558 0.11799548
111 13 0.37659124 -0.41376147 1.9 -9.2543068 -4.2842976 -8.1986843 44.550323
111 13 0.13843617 -0.14017887 1.9 0.24799709 -0.46597229 -0.88307237 5.8695682
111 14 0.19093109 -0.40812894 1.9 0.3743214 -0.068555568 -0.2805072 1.0166804
111 13 0.10655032 -0.26246928 1.9 -1.7052122 2.6186082 -1.9031163 44.26071
112 14 -0.3349421 -0.026835152 1.9 -79.917193 -457.34041 -310.99155 7.1533122
112 3 -0.11490365 -0.016594237 1.9 2.8535769 5.3806464 -11.638 14.341269
113 14 -0.063598767 -0.46914032 1.9 -143.23385 121.58238 -411.8218 44.651244
113 14 -0.08589713 -0.21863726 1.9 0.09836343 -0.057978065 -0.10710658 46.166761
113 6 0.061515181 -0.32923946 1.9 -114.81579 60.5805 -132.4247 47.214841
113 3 -0.17934198 -0.10604849 1.9 -1.7086403 -1.0603828 -2.9253384 22.265773
113 14 -0.074477016 0.13350411 1.9 74.970926 -105.32103 -118.1328 47.435983
113 6 0.024459681 -0.069526832 1.9 0.47827111 0.41427951 -0.65894118 0.86866354
113 6 -0.049412647 -0.1977618 1.9 0.21266889 0.89829499 -4.375929 34.17579
113 14 -0.31607008 -0.29135414 1.9 -37.887608 -55.356754 -68.582727 8.8392563
114 14 0.46025163 -0.23283583 1.9 74.705028 -247.6559 -282.60815 48.364479
114 13 0.48403683 -0.45255717 1.9 -11.67446 -13.050898 -13.996456 49.520607
114 3 0.88238191 -0.53579878 1.9 -0.14322488 -0.37852221 -0.24911825 5.281921
114 5 0.7704983 -0.7081253 1.9 -0.17123903 -0.033867485 -0.93383634 11.226244
114 13 0.63280274 -0.36522599 1.9 0.002482387 -0.085795379 -0.31484734 41.888383
114 6 0.5139925 -0.23854208 1.9 0.16404734 -0.19082076 -2.8819048 21.851022
114 5 0.45917234 -0.38263949 1.9 3.9425754 5.4776587 -9.4225315 29.164034
114 13 0.32250339 -0.48768512 1.9 -0.56849711 -1.1516108 -1.1225024 15.099884
115 14 -0.1357954 -0.23901243 1.9 122.68228 -203.59354 -373.40401 46.42699
115 2 -0.043366528 -0.34575385 1.9 4.4223434 -4.4918506 -5.3309838 1.6083197
115 6 0.037073027 -0.39366963 1.9 -0.054216145 -0.018972728 -0.17332166 21.056696
115 13 -0.49530887 -0.23231828 1.9 -0.12479704 0.098598295 -0.18373319 36.409003
116 14 0.019092501 -0.57149531 1.9 -43.807375 -208.48286 -308.46421 26.1261
116 13 0.038712795 -0.57101713 1.9 5.5590045 7.6113837 -9.1837422 43.434344
116 5 -0.13638261 -0.44608143 1.9 0.22803745 2.8060586 -4.3566778 39.393666
117 14 0.17162535 0.25874037 1.9 205.6535 183.70828 -291.49753 14.54316
117 14 0.22606259 0.9528477 1.9 89.611541 31.978427 -185.11303 10.198848
118 14 0.24586591 -0.3606416 1.9 -129.47593 799.2395 -735.16351 12.297825
118 1 0.24457416 -0.23742378 1.9 30.393481 -64.637812 -390.54151 19.531086
118 1 -0.30146596 -0.41678777 1.9 0.60933417 1.157532 -0.77618979 7.4508733
119 14 0.38529842 0.10207865 1.9 328.14005 -23.516569 -211.12201 25.99192
119 3 0.27834104 -0.16307394 1.9 34.873474 -22.450752 -48.029639 16.020723
119 6 0.37936626 0.022748443 1.9 -4.8426798 -5.4681744 -9.7923999 28.676842
119 3 0.23341685 0.063126181 1.9 -0.95529955 -2.7596867 -2.1342476 31.051829
119 5 0.25579293 0.073466093 1.9 -44.135829 -21.243156 -90.143151 6.9235005
120 14 0.13277865 -0.6325202 1.9 373.86075 -150.96778 -355.73741 10.659843
120 13 0.12023502 -0.56113103 1.9 -28.572803 24.445767 -31.844494 6.0056516
120 6 -0.24185251 -0.46850843 1.9 0.33252376 -6.3359294 -7.7144603 45.886353
120 14 0.058134544 -0.58685446 1.9 5.8708315 -3.9169549 -13.520845 39.617691
120 3 0.046339261 -0.29522346 1.9 -1.1046886 -0.99036282 -1.9792704 47.487493
121 14 0.41400617 0.16851316 1.9 141.89315 -259.01327 -212.44352 42.807107
121 6 0.34109042 0.61283931 1.9 0.013657188 -0.73332163 -2.0710901 24.019537
121 5 0.27086317 0.3541492 1.9 37.794281 7.0221632 -32.327151 24.519868
121 1 0.46324567 0.42380619 1.9 0.069787801 0.46305373 -0.52087053 8.8588615
121 2 0.54906966 0.65885343 1.9 -5.2966917 2.5904463 -4.2191909 18.835068
121 13 0.41572022 0.60754107 1.9 -0.2897902 0.50274522 -1.236057 38.579392
122 14 -0.15283016 -0.25808042 1.9 306.39975 -299.74221 -301.60199 43.768628
122 3 0.30354815 -0.63878822 1.9 -0.088213228 0.070164508 -0.17168969 35.353222
123 14 -0.11778754 0.32614226 1.9 -337.6581 -423.24163 -411.54854 9.1508644
123 3 -0.062126938 -0.23789532 1.9 0.012147172 0.4645252 -0.73988025 26.453546
123 14 0.067437879 -0.0090668515 1.9 -7.201417 -9.4306797 -26.777358 23.780393
123 14 0.29263881 0.16352601 1.9 50.042422 -37.705979 -47.010781 6.4108929
123 3 0.071937074 0.17033861 1.9 19.887476 -68.980197 -111.83071 41.544451
123 13 0.12092123 0.005680251 1.9 33.423603 101.32176 -108.96215 4.902519
123 2 -0.039632306 0.022740409 1.9 -2.8513554 -0.23985808 -1.828961 19.123284
124 14 -0.10089558 -0.040186031 1.9 178.70343 -45.32521 -311.9733 33.706206
124 13 -0.16546663 -0.36449456 1.9 -0.13527093 0.14188615 -0.41871034 12.29665
124 3 -0.2836029 -0.39935834 1.9 0.39564769 -0.73936945 -2.2347423 45.194256
124 6 -0.11047188 -0.33420884 1.9 0.99475513 -1.8320568 -1.2585549 21.331699
124 13 -0.1930424 -0.039188829 1.9 -1.1373898 -13.495399 -21.496896 29.137097
124 5 -0.24053045 -0.43029891 1.9 0.18959696 1.1983722 -1.1417912 26.798557
124 14 -0.13219836 -0.10689732 1.9 1.4800108 5.324251 -3.3675916 12.857309
124 1 0.13377113 -0.28424592 1.9 -0.17949806 0.31597853 -0.29433456 5.4738046
125 14 -0.15502285 -0.17341332 1.9 -95.367359 -367.26563 -703.94468 45.486886
125 13 -0.55469732 0.010158901 1.9 50.337276 139.6753 -258.79534 38.03915
125 5 -0.53151897 -0.41987826 1.9 40.280467 -14.426474 -66.970302 3.8125321
125 2 -0.41528539 -0.24541086 1.9 -21.419431 36.128869 -54.474223 23.51267
125 13 -0.37296141 -0.094718405 1.9 -1.4912659 0.32432294 -6.5756105 28.504276
126 14 -0.11921833 0.011754956 1.9 194.57897 394.15807 -453.90648 46.296651
126 13 0.32665757 -0.18187063 1.9 49.154277 47.863844 -88.859862 43.436555
127 14 0.066178778 -0.24319981 1.9 52.507546 205.47963 -742.0404 14.23665
127 6 0.15153012 -0.29907888 1.9 -41.934654 37.263131 -165.40096 11.97809
128 14 0.32392163 0.43229576 1.9 -104.70364 -362.3882 -276.62709 0.0015374602
128 14 0.13280401 0.28309683 1.9 91.138956 -17.106061 -98.599658 31.541856
128 2 0.14114936 0.41391052 1.9 4.6374579 2.2892181 -3.5366155 14.854866
128 6 0.47558392 0.15965722 1.9 -6.7029127 -0.17168786 -12.76661 30.601002
128 1 0.21757043 0.31747637 1.9 -0.0065529967 -0.046851432 -0.32496124 48.562057
128 14 0.2335319 0.37705788 1.9 -56.388983 -43.570458 -152.34153 16.230942
128 3 0.1627592 0.067341542 1.9 3.8930133 5.2336867 -6.0031611 14.193211
129 14 -0.11816271 -0.15692542 1.9 4.0604864 -251.4623 -262.2383 24.816842
129 1 0.025610407 0.07597986 1.9 -0.97293505 8.3069474 -6.9795801 47.782044
129 5 -0.14371939 0.070766758 1.9 10.973444 45.100995 -43.922451 12.796197
129 6 -0.064425409 0.072134433 1.9 0.022445655 -0.33756881 -0.37787873 48.748341
129 14 0.055881568 0.04824422 1.9 -0.092085544 -0.44995968 -0.30697223 42.49778
129 3 -0.18122921 -0.12299735 1.9 -11.303613 -12.804313 -25.406512 24.64195
129 3 0.085954131 0.12898945 1.9 -0.061083583 0.026741506 -0.2236041 45.376258
129 5 -0.34096958 -0.10108744 1.9 -38.507761 -24.229242 -32.202461 39.40204
130 14 0.41245552 -0.11695189 1.9 260.67039 -80.245911 -262.72819 38.435394
130 6 0.27206716 -0.11289933 1.9 12.560602 1.4695444 -9.5697609 34.305725
130 5 0.52722664 0.39963816 1.9 7.467983 -5.2221811 -7.127607 31.777445
130 6 0.44853002 0.1200976 1.9 1.927857 -6.0120087 -3.7433013 0.12142514
130 13 0.53771598 -0.032137374 1.9 2.043091 -3.9512346 -5.3611292 23.167402
130 1 0.46155586 -0.017477203 1.9 14.087461 66.767101 -73.111424 4.3916846
131 14 -0.28141593 0.46913823 1.9 87.569856 1147.0426 -821.52 47.145916
131 14 -0.51322176 0.16353958 1.9 -187.52552 -26.981967 -112.55819 46.715546
132 14 0.23498165 -0.48554051 1.9 101.95239 -290.65449 -230.05266 3.1981783
132 1 0.1307473 -0.55118703 1.9 0.90041419 -0.09711325 -0.82349713 4.7561671
132 2 0.43944397 -0.54161014 1.9 -0.73924963 1.9790322 -1.774197 26.590991
132 6 0.18369878 -0.72196565 1.9 -0.025767637 0.038752064 -0.59826029 24.916828
133 14 0.34251538 0.4301638 1.9 104.30024 115.2805 -361.72429 6.7064653
133 14 0.22489012 -0.0072990056 1.9 0.20906381 0.080705969 -0.13365172 29.441219
133 13 -0.0011277717 0.14724471 1.9 0.70711971 -0.28065884 -0.71815494 13.30753
134 14 0.36496507 0.080418336 1.9 -322.08033 115.2189 -394.06935 9.4087886
134 2 0.57729294 0.27184169 1.9 2.9904294 -1.7243829 -2.3216495 31.997218
134 14 0.46623822 -0.028497649 1.9 -8.2395586 5.2081286 -21.87565 12.591651
134 13 0.87364383 -0.11220016 1.9 -153.08671 -72.019117 -194.58085 30.267297
134 13 0.36019726 -0.098519247 1.9 -21.592305 -10.92172 -34.500439 18.585121
134 6 0.58442495 -0.31819867 1.9 -2.9084039 -2.8638531 -6.1788146 49.878854
134 1 0.57930587 0.19890165 1.9 -0.30617774 0.18976477 -0.26700271 5.8766398
134 5 0.74707274 -0.10598555 1.9 -0.36701495 -0.39853919 -1.6760213 30.492176
135 14 -0.52544086 -0.15690003 1.9 49.688178 94.01102 -551.504 14.311091
135 5 -0.37877779 -0.56898649 1.9 -40.127286 -14.901548 -37.308595 35.826814
136 14 -0.26211134 -0.078615758 1.9 -187.64223 -171.14943 -260.87423 10.222804
136 2 -0.16211446 -0.088069084 1.9 -2.2548727 -4.3691316 -6.4302252 32.039115
136 6 -0.1758494 0.065790733 1.9 2.0748563 3.5489779 -15.997157 15.961021
137 14 -0.55900231 -0.63996505 1.9 297.55766 -36.805089 -365.13417 28.929393
137 1 -0.30256974 -0.64932928 1.9 34.600465 5.5810772 -28.52278 18.234719
137 6 -0.19468727 -0.51580378 1.9 0.26527999 -0.37122616 -0.35238636 17.168933
138 14 0.60966702 -0.44320177 1.9 180.03159 -920.50783 -661.24628 31.19823
138 1 0.38557245 -0.17097108 1.9 0.24357996 -0.2812948 -0.35383756 5.4448605
138 5 0.55412659 -0.095260329 1.9 -4.7688137 -27.032743 -39.061749 20.632687
138 13 0.61804839 0.044157191 1.9 0.4359954 0.59805798 -0.73787375 39.437417
139 14 0.50514134 -0.4054689 1.9 -51.353733 -297.91312 -208.52301 16.09356
139 1 0.62692573 -0.1397644 1.9 12.976749 -11.931694 -11.237562 41.42506
139 2 0.56748704 -0.39828362 1.9 -23.565 25.976651 -25.57676 33.922466
139 1 0.69461919 0.16736916 1.9 -2.1104914 -4.7618725 -4.2154496 46.619079
139 1 0.67127993 -0.035496785 1.9 0.98733364 0.071415834 -0.64853776 32.203998
139 14 0.53758403 -0.35809616 1.9 0.70314991 -2.8533954 -2.6759558 38.518383
139 13 0.45472773 -0.061609 1.9 -2.7937431 -1.9518895 -3.8792233 22.052023
139 5 0.49870428 -0.10763379 1.9 0.056583313 -0.07776451 -0.08995814 48.586689
140 14 0.068144606 0.15750254 1.9 16.70445 -163.17224 -413.57054 26.180289
140 14 0.14275744 0.073483212 1.9 0.14104793 -0.41995709 -0.34957317 27.656923
140 14 -0.18973914 0.049213069 1.9 -90.541756 -21.170383 -72.754884 34.623648
140 3 -0.00028936097 0.16946655 1.9 -122.60261 37.709078 -91.619264 17.887319
140 2 -0.20506887 -0.14842012 1.9 81.596182 27.756514 -76.374171 11.794539
140 3 -0.11879775 -0.021390512 1.9 117.1025 90.585262 -119.93108 8.5420596
140 3 -0.12325347 -0.064942345 1.9 -35.660913 -21.454175 -46.741683 28.439266
141 14 0.22863998 0.29932059 1.9 -308.89052 242.91109 -232.94902 49.437515
141 2 0.15691368 0.45961426 1.9 0.079878754 -0.047355596 -0.67378274 8.6561377
141 6 0.35890834 0.42683102 1.9 -0.5235901 22.294488 -23.061098 4.0467769
141 6 0.42058522 0.47749689 1.9 0.15433872 2.6182629 -1.5726299 49.106934
142 14 -0.83868409 -0.61203331 1.9 144.22519 390.61228 -250.12061 40.808519
142 13 -0.52479129 -0.36871758 1.9 -0.6780397 -0.27620652 -1.5070551 22.123166
142 1 -0.60105438 -0.62215578 1.9 0.11006468 0.62696297 -1.738289 18.601228
142 5 -0.58725434 -0.10487176 1.9 -14.695194 -13.573913 -12.766783 10.357661
142 5 -0.5587885 -0.3653625 1.9 -20.419393 23.735072 -52.821697 47.335652
142 2 -0.6176085 -0.56533274 1.9 -7.8632248 -19.986941 -13.695247 20.664072
142 3 -0.62268702 -0.16208365 1.9 -28.686772 1.134634 -22.067374 6.7355842
143 14 -0.54070559 -0.39653531 1.9 -106.40962 -280.57376 -488.36882 43.816382
143 6 -0.40824054 -0.26439746 1.9 -0.70417697 -12.031355 -8.1108045 18.068939
143 14 -0.4696259 -0.2848977 1.9 80.365239 15.408704 -104.23402 28.232584
143 2 -0.50586066 -0.14912566 1.9 0.21761163 -0.087666118 -0.68750588 13.090917
143 2 -0.74480795 0.044997108 1.9 8.700155 7.4103366 -27.161923 27.604008
143 2 -0.38983324 -0.22711076 1.9 -57.350508 -109.03345 -147.07207 12.678729
143 13 -0.66791522 -0.0058591135 1.9 134.5287 -160.47652 -232.43158 47.736081
144 14 -0.13814146 -0.7443099 1.9 -524.05973 522.93449 -747.08893 32.45403
144 3 -0.063892534 -0.68653711 1.9 0.12083343 -0.38801682 -0.65808441 28.989491
144 14 -0.14673168 -0.43686645 1.9 -2.7839375 76.29905 -125.93803 27.398191
144 3 -0.016365682 -0.41912051 1.9 -0.11450788 2.9674076 -3.8651368 45.213603
145 14 -0.18852565 -0.33089551 1.9 254.21134 129.68367 -205.26301 4.2526796
145 5 -0.11739232 -0.55050388 1.9 -0.32730199 0.24415174 -0.40009987 44.027821
145 3 -0.37388252 -0.4421293 1.9 -7.2542426 26.605192 -16.193168 26.380502
145 5 -0.081995547 -0.24563744 1.9 2.8238416 -0.083691194 -5.2375339 47.040414
146 14 -0.51349079 0.16014233 1.9 -165.68623 156.36363 -272.85067 16.042015
146 2 -0.60826839 -0.21835367 1.9 0.83349058 1.9919019 -2.154337 4.6450653
146 13 -0.51239074 0.16563965 1.9 -16.901891 0.74985242 -22.155884 2.8127593
146 1 -0.58211266 0.096820181 1.9 -0.10630044 -0.20314979 -0.34423723 45.866026
147 14 0.17614474 0.36034326 1.9 -10.707872 173.3701 -424.78145 37.205351
147 5 0.15606856 0.41240468 1.9 -121.64077 73.788818 -88.044329 44.530036
147 3 0.036431411 0.21831524 1.9 86.439259 85.0107 -120.93425 0.36059447
147 6 0.13861696 0.38792548 1.9 104.56225 -44.664419 -159.78824 13.373437
147 13 0.18662699 0.16733488 1.9 20.91751 72.372307 -129.01249 3.7314807
147 1 0.23717453 0.13631301 1.9 0.49934579 -0.24291224 -0.39299548 16.066239
147 13 0.27345549 0.33955483 1.9 0.65427333 0.99379802 -2.1548678 35.52561
148 14 0.35695606 -0.11872307 1.9 -152.95988 -1139.6867 -731.88957 36.654298
148 14 0.61748849 -0.26289258 1.9 0.399954 2.0810078 -3.5259458 17.851364
148 2 0.45446839 -0.32152113 1.9 0.50564162 -14.00571 -10.297911 8.7962599
149 14 -0.50940162 0.26532688 1.9 333.16006 -264.88023 -393.37267 31.82198
149 5 -0.16075165 0.39683826 1.9 -0.90407611 0.2036565 -1.2163411 38.503616
149 2 -0.40241891 0.39776432 1.9 -2.883218 5.6351398 -5.1754765 17.989389
149 3 -0.44410357 0.27941937 1.9 0.18001207 -0.04161818 -0.53072303 1.960223
149 5 -0.618478 0.32229564 1.9 274.88022 -39.886544 -162.03705 13.599061
149 5 -0.16668542 0.21729881 1.9 -1.4930667 6.6911804 -36.166225 38.076591
149 13 -0.53702203 0.46071709 1.9 -0.75262069 -0.27767536 -1.7181607 27.174421
149 5 -0.77765062 0.07954706 1.9 -3.0353816 -9.6494083 -6.7067159 24.112466
150 14 0.32202256 0.12555144 1.9 -138.95541 70.57936 -341.82202 13.238247
150 6 0.28482985 0.019718053 1.9 0.52305329 -0.012697617 -0.34635072 5.310637
150 2 0.18939829 0.0012629301 1.9 -4.9333705 -3.0811234 -17.05571 32.122952
150 5 0.29381451 -0.260071 1.9 0.65160375 0.013037153 -0.51914467 13.049058
151 14 0.14519872 -0.45481517 1.9 -24.48197 312.89909 -223.94816 4.5702999
151 5 0.52375251 -0.51223943 1.9 1.9512818 3.0362546 -3.6977488 44.94601
151 14 0.59242347 -0.42402904 1.9 0.062905589 -0.05487716 -0.32096785 26.321492
152 14 0.11619221 0.043314697 1.9 -550.86052 -220.71975 -360.28158 43.182187
152 1 0.02391386 -0.059094884 1.9 -11.273735 -22.705912 -56.703868 23.548958
152 1 0.34418129 -0.12093629 1.9 -1.0909754 4.6612194 -7.487521 45.761244
152 3 0.11252354 -0.027921658 1.9 25.917081 1.4763789 -15.489134 10.639355
153 14 -0.20972038 -0.18300993 1.9 3243.5961 2580.5055 -3480.6094 38.218492
153 3 -0.039415595 -0.164996 1.9 -23.179386 -0.25897244 -36.949788 48.27288
153 5 0.005091732 -0.42286004 1.9 278.11175 359.78636 -2431.2381 22.946009
153 6 -0.33246654 -0.36505177 1.9 -336.16002 -21.777932 -339.85489 7.6370733
153 13 -0.12512208 -0.28689795 1.9 -0.13693788 -0.13822978 -1.6638449 23.428511
153 13 -0.30215376 -0.22948546 1.9 3.0317884 -1.9120726 -3.1042835 29.78158
154 14 -0.035918814 -0.24594224 1.9 22.503514 312.60931 -280.25665 0.45197531
154 2 -0.146825 -0.070598245 1.9 1.7338631 -1.0795841 -2.0773851 30.682706
154 13 0.012289215 -0.38566773 1.9 -109.94978 -4.855474 -184.074 16.173738
154 3 -0.43159753 -0.37407224 1.9 -0.27578329 -0.26089112 -0.65671853 49.003934
154 6 -0.53288444 -0.19200493 1.9 -0.23015686 -2.6905901 -3.9350239 46.327347
154 14 -0.25206229 -0.18098807 1.9 -12.743377 -27.685779 -28.363621 8.3610899
154 14 -0.43037672 -0.14646083 1.9 -5.075388 11.288334 -59.461425 28.814036
155 14 -0.18472234 0.3178281 1.9 432.07752 463.62033 -1009.2535 39.870068
155 5 -0.18143637 0.29763959 1.9 0.14919272 0.036131785 -0.34305493 18.648751
155 14 -0.26260502 0.21258683 1.9 40.993656 19.536982 -49.071836 41.254884
155 13 -0.2116628 0.07672938 1.9 -25.753504 -24.749798 -54.907858 5.9272622
155 2 -0.072603403 0.22843415 1.9 -47.994092 -58.882366 -82.421 46.695945
155 6 -0.056023142 0.23424811 1.9 -0.95738861 -0.10944659 -0.59648008 17.715933
156 14 -0.69736501 -0.28780925 1.9 -124.21168 -288.81889 -353.00544 23.04397
156 1 -0.66208101 -0.29594574 1.9 -2.9448272 -0.82583363 -11.76964 5.4706302
156 2 -0.570206 -0.42189185 1.9 8.4264908 -5.3803357 -6.9536154 37.56686
156 13 -0.65502076 -0.32843397 1.9 7.2522326 -10.617062 -9.0481546 30.934235
156 5 -0.60945869 -0.27588753 1.9 1.3328917 -3.9258513 -3.1777453 45.115707
156 14 -0.71351988 -0.28367862 1.9 -2.3451013 -0.71122946 -1.6602735 4.1436749
157 14 0.50803598 0.65129039 1.9 -581.74619 255.2729 -1139.3249 34.829447
157 13 0.66612286 0.63551199 1.9 -0.20970638 -0.27535477 -0.22720541 17.798678
157 1 0.71833901 0.31782275 1.9 82.287759 25.351921 -133.1765 12.660293
157 3 0.46617451 0.56287076 1.9 -7.164804 3.1870266 -5.1639866 2.6252187
158 14 0.28121975 -0.20668453 1.9 -216.25989 557.81409 -713.44079 44.453114
158 2 0.17302269 -0.047581799 1.9 -31.051322 13.229164 -73.750426 36.5825
159 14 -0.5772671 -0.12468493 1.9 -507.14937 -120.34533 -361.81367 41.194704
159 13 -0.56615692 0.064601662 1.9 -73.495799 4.8481326 -73.547686 12.668541
159 3 -0.65017868 -0.12744687 1.9 -1.8676981 4.0103452 -9.8633838 26.190093
159 2 -0.50342685 -0.21648302 1.9 -4.018158 -10.94225 -19.229757 36.321811
160 14 0.036987443 0.31463084 1.9 182.8679 152.92472 -277.39864 14.242332
160 3 -0.033966192 0.31327634 1.9 -0.50223083 -11.621601 -13.489818 1.1111427
160 5 0.13615273 0.28828211 1.9 -10.687776 1.6612589 -19.969802 35.43941
160 3 0.089023205 0.097159502 1.9 14.209672 -7.9319064 -17.970109 10.932207
160 6 0.32029314 0.14356516 1.9 -69.185159 -32.472198 -130.45184 16.044438
160 1 -0.10960548 0.48256092 1.9 -1.8407286 4.9936998 -8.549488 7.6365631
161 14 -0.39347966 -0.3240824 1.9 -335.0942 -107.8768 -532.05374 0.11028802
161 2 -0.11300559 -0.55146809 1.9 -9.7262332 4.0342158 -23.561934 24.167261
161 13 -0.43354455 -0.46749795 1.9 -0.95531531 -0.35537974 -1.3443311 38.441772
162 14 -0.06669587 -0.098012162 1.9 -25.213223 240.83252 -319.97137 29.54385
162 2 -0.3450375 0.3412975 1.9 0.17112895 0.023227454 -0.32782747 32.497808
162 3 -0.43818451 0.015170621 1.9 0.61533263 -3.5837156 -10.499648 7.2228245
162 3 -0.049012995 0.23090182 1.9 -12.103085 -4.7702858 -24.377184 26.525721
162 2 -0.25826888 0.040691996 1.9 -0.39539855 -0.29020774 -1.2939004 23.912171
162 2 -0.010458859 0.20744474 1.9 -0.068673792 0.03164817 -0.099638902 49.790248
162 1 -0.21307423 -0.37087192 1.9 -0.10040426 0.037026054 -0.090627342 7.6343558
162 1 -0.49586093 -0.00032057697 1.9 60.048547 46.012318 -58.209706 36.725099
163 14 -0.33506188 -0.48342373 1.9 -322.21575 861.74706 -749.29769 24.901013
163 3 -0.17193222 -0.62268382 1.9 -46.169149 -24.318058 -42.644509 2.5566257
163 2 -0.54440629 -0.30013163 1.9 0.34580943 0.073510041 -0.34301856 5.6548809
164 14 0.15135507 0.3435876 1.9 3.7480717 -29.172499 -553.82515 8.1956927
164 14 0.24078197 0.51701198 1.9 -10.093286 -23.722 -26.375806 49.329066
164 5 0.46013694 0.80847726 1.9 -12.131395 -4.8773591 -24.715529 5.5265038
164 2 0.16057361 0.65000048 1.9 0.020112919 -0.3312586 -0.68238253 11.408157
164 13 0.63799544 0.5697257 1.9 0.13079193 -0.21197052 -0.71016996 44.610124
164 14 0.15662245 0.62707694 1.9 29.752595 -162.38454 -119.86546 16.983801
164 5 0.40863043 0.48847518 1.9 22.329362 -20.036615 -21.071628 14.970823
165 14 -0.25988051 0.40264148 1.9 -404.49977 -593.81262 -562.36314 4.9764881
165 2 -0.34759453 0.4710456 1.9 5.931141 8.0450073 -12.481395 4.9927731
165 3 -0.29087912 0.49702776 1.9 -0.012808805 -3.7060782 -2.6426721 48.608764
165 13 -0.041972656 0.33779932 1.9 -16.488361 -18.269683 -19.607845 31.966342
165 6 -0.043032622 0.50759334 1.9 -94.28246 -52.518982 -62.435828 29.994929
165 5 -0.058270088 0.40783817 1.9 -2.5866087 -2.1063013 -3.7375931 25.019837
165 5 0.14083073 0.26620034 1.9 238.99359 190.67405 -346.99296 28.320848
166 14 0.23931096 0.2516291 1.9 76.211655 238.58139 -324.98341 1.4961467
166 14 0.58642439 0.10611225 1.9 -0.075340575 0.11261685 -0.086555447 10.093899
166 2 0.12910402 0.0856003 1.9 -1.6376023 0.58351349 -6.5892057 40.426049
166 5 0.069387328 0.22398747 1.9 -0.073900992 0.053088025 -0.19342223 0.81728211
166 14 0.41045497 0.078315901 1.9 3.9499223 -8.2312462 -7.8598849 7.6822618
166 1 0.27575998 0.067426266 1.9 -0.15940988 0.32219167 -0.21724978 39.883804
166 14 0.11057841 0.048762272 1.9 4.7537612 33.005813 -26.818701 19.0637
166 14 0.24828088 0.41369718 1.9 9.0967707 -5.4652229 -9.3446114 27.723104
167 14 -0.092787653 0.073010719 1.9 172.4345 213.24222 -373.45981 15.600406
167 5 -0.080456822 0.27045606 1.9 -0.1269727 -0.0060360702 -0.08294686 44.009467
167 5 -0.0081747025 0.093351105 1.9 -0.082447093 -0.1513724 -0.26621129 32.108271
167 3 -0.20032545 0.20256214 1.9 -0.053535668 -0.058461396 -0.1657849 37.250588
167 1 0.16564848 0.13062131 1.9 -1.3562457 1.2276893 -3.9289819 45.150538
167 3 -0.051715501 0.37834652 1.9 -15.882159 -29.733907 -38.63948 13.966609
167 5 0.19237192 0.041709852 1.9 -0.10052891 -0.094702001 -0.4139081 1.1464529
168 14 -0.27328121 0.23267965 1.9 406.43684 -127.77242 -543.83035 31.657215
168 2 -0.42492624 0.3329707 1.9 0.12964734 -0.29158216 -0.56518475 47.883803
168 5 -0.79155276 0.15950338 1.9 -0.53638758 -0.33467333 -0.56317507 21.110745
168 1 -0.51001819 0.074077544 1.9 1.1497673 -8.1105014 -8.5077797 34.291868
168 6 -0.36692766 0.071281829 1.9 -0.085294577 -0.094710277 -0.28034985 45.414622
168 3 -0.30836732 0.40932785 1.9 -3.1163545 -0.46893155 -1.8455215 17.437493
168 1 -0.43521499 0.37982709 1.9 0.0029248926 0.85164034 -1.0646623 2.9623853
168 1 -0.32386792 0.078191217 1.9 -7.0107554 -12.831044 -13.192108 30.53115
169 14 0.30808872 0.42655282 1.9 -157.14679 330.08426 -311.27688 12.046014
169 14 -0.22036044 0.46864243 1.9 -4.1309778 -20.876822 -32.259785 45.315775
170 14 -0.11999536 0.66624061 1.9 -96.210818 -201.17937 -399.73392 27.482953
170 13 0.13532787 0.63029865 1.9 -1.3633973 -1.1195667 -2.2546106 39.318004
170 3 0.31878958 0.50789896 1.9 1.4612178 1.9520147 -2.1474419 2.1571528
170 1 0.051467026 0.57748785 1.9 1.5001321 0.65516276 -1.1010206 49.047896
170 13 0.30060905 0.66018788 1.9 4.9775034 7.9189642 -5.9027566 44.446408
170 3 0.070556006 0.60722381 1.9 5.6661347 21.56856 -33.006885 35.907729
170 1 0.11881367 0.59450915 1.9 5.583995 3.6961008 -7.8154601 16.423997
170 1 -0.16332648 0.34376773 1.9 -20.854482 -16.874398 -33.938936 44.83966
171 14 0.35924664 0.14999633 1.9 -187.51515 -143.10687 -548.95407 42.55674
171 3 0.62862419 0.40274751 1.9 -1.1846858 -0.39460234 -1.9483163 12.491478
171 3 0.47097314 0.090284681 1.9 28.697988 34.31671 -73.284002 16.753704
171 6 0.56808546 0.29486635 1.9 -0.01413485 0.25663912 -0.44662612 3.6712319
171 3 0.40933457 0.12493051 1.9 -0.33754069 -0.096788146 -0.23954725 31.859139
171 1 0.35265923 0.23298602 1.9 0.18294036 0.014830103 -0.24946805 25.313484
172 14 -0.16091408 0.17620163 1.9 -413.3892 754.98246 -1225.4137 4.1536965
172 13 -0.38689432 -0.1350103 1.9 367.67725 28.103292 -696.24568 5.2633893
172 3 0.047400662 0.068428281 1.9 0.0061130349 -0.35767703 -0.30369643 31.648839
172 13 -0.029153252 0.15831614 1.9 -6.0718282 1.8494161 -15.652967 37.858277
172 13 -0.17559463 0.13680633 1.9 159.3722 54.159552 -163.6581 29.628454
172 1 -0.36571422 0.0029896525 1.9 -0.13620643 0.65814574 -0.53356411 17.671594
172 14 -0.387425 -0.14766681 1.9 6.8454427 -9.2793493 -7.4468843 39.890234
173 14 0.38705832 0.52230625 1.9 -86.781802 -389.76647 -336.94521 18.028466
173 5 0.47634602 0.15494956 1.9 -0.053472064 -0.13909784 -0.2315555 45.630721
173 6 0.57175126 0.34880546 1.9 -1.4132384 2.223317 -4.0404866 22.557246
173 13 0.47788986 0.42388011 1.9 -117.81191 -44.91571 -181.75884 9.0523033
174 14 0.23527758 -0.48608472 1.9 90.25102 -243.39414 -449.76988 34.603478
174 2 0.14086138 -0.41565146 1.9 -0.039442273 0.10406833 -0.16446762 10.215466
174 6 0.553464 -0.4183745 1.9 -6.4991057 -4.9063263 -19.331671 16.752152
174 5 0.30152071 -0.34430411 1.9 0.050439565 -0.092856493 -0.25889466 7.9574798
174 5 0.49218821 -0.31851768 1.9 2.00843 0.57399435 -20.539424 46.472803
174 5 0.47868487 -0.075580422 1.9 -13.573166 4.9306828 -18.763901 12.37896
175 14 -0.023149639 -0.20134927 1.9 337.73127 -110.59042 -281.13362 13.022608
175 6 -0.51131081 -0.46840582 1.9 -91.344382 4.6241779 -99.167298 42.235264
175 1 -0.31541762 -0.30593246 1.9 0.01036606 0.13315464 -0.18165836 31.348316
175 13 -0.45599403 -0.50738192 1.9 -0.94393279 7.8214775 -9.0619807 28.518176
175 2 -0.41763095 -0.68509553 1.9 -23.971635 27.961895 -41.72874 21.972348
175 13 -0.41048388 -0.43628054 1.9 -2.799075 -8.6447743 -8.2985085 19.061723
176 14 -0.71319911 0.048880962 1.9 -17.406797 -324.38099 -227.49317 32.141008
176 2 -0.67879872 0.32019196 1.9 0.47652555 0.87686139 -2.2566186 35.581467
176 1 -0.2712759 -0.072340444 1.9 -1.9704926 -1.1156811 -6.9797957 35.532314
177 14 -0.3108331 -0.54632637 1.9 36.086043 251.45639 -609.26566 29.974262
177 6 -0.5025477 -0.32660888 1.9 -0.95936407 -0.20956885 -2.224509 29.656241
177 3 -0.051708926 -0.80071368 1.9 -0.66626177 -1.1442895 -1.6740735 42.627794
177 13 -0.26479967 -0.68692406 1.9 -44.763949 39.323312 -56.375078 47.239764
177 5 -0.28671899 -0.46110685 1.9 -0.19433754 -0.3084063 -0.28997453 35.038208
177 2 -0.19560346 -0.49213723 1.9 -0.16078872 0.0040195262 -0.10957456 3.6352099
177 14 -0.5797757 -0.85846424 1.9 0.75120779 1.6788589 -3.3276641 40.605135
178 14 0.26634575 -0.17266486 1.9 481.63048 37.845829 -1454.2151 12.671977
178 6 0.33417146 -0.4029483 1.9 -288.34676 194.29858 -265.90609 31.96846
178 13 0.14706591 -0.13471337 1.9 1.4316958 -1.6984995 -3.7687376 7.4502797
179 14 -0.010898355 -0.026805611 1.9 180.07664 89.485124 -352.75058 33.667198
179 5 0.078885556 0.25716308 1.9 -1.2681165 1.7120812 -3.5518021 30.113129
179 1 -0.20693273 0.050375315 1.9 -51.810961 -10.145929 -71.11021 13.905589
179 14 -0.16891402 -0.1345884 1.9 -0.051723254 0.25118742 -0.5440554 39.729407
180 14 0.36123932 -0.44891629 1.9 38.199018 66.846735 -396.02192 11.200315
180 13 0.15193141 -0.63829153 1.9 0.056129067 -0.41531277 -0.60242289 9.8989674
180 14 0.079170501 -0.16278017 1.9 -4.2043306 3.511988 -4.7927119 12.420644
180 14 0.44005977 -0.27554868 1.9 -0.55426 -0.91764914 -2.521821 49.100787
180 3 0.35485762 -0.11018692 1.9 13.091571 -6.7624624 -19.626406 38.730604
180 2 0.30335415 -0.56763679 1.9 -0.069368226 -0.1518433 -0.3792168 22.083496
180 1 0.29745092 -0.20702983 1.9 0.084276408 -0.17896875 -0.24956589 19.180876
181 14 0.039053089 0.77800375 1.9 232.2229 88.607841 -266.71068 3.1722859
181 3 -0.38461809 0.72375931 1.9 0.53803361 0.94973644 -1.2814045 29.635758
181 13 0.11842939 0.56291071 1.9 7.6096572 -6.4090781 -8.5740193 16.566435
181 2 0.12674959 0.73791501 1.9 10.610638 -5.5990551 -12.901457 46.088209
181 1 -0.080240386 0.28578775 1.9 0.06605009 -0.11794044 -0.090708176 33.246908
181 6 -0.028996205 0.48281585 1.9 -0.029191854 -4.4051949 -3.5199756 8.2546184
182 14 0.41804198 -0.65733529 1.9 -288.06789 69.804204 -815.87935 14.192817
182 6 0.37907914 -0.27647773 1.9 -20.19975 -4.8008384 -12.68163 12.33318
182 1 0.10963587 -0.10070442 1.9 -2.0579654 4.5177266 -6.2949875 21.32354
182 2 0.53573892 -0.41703014 1.9 -2.9926873 -0.49807756 -3.3221743 34.100494
182 5 0.41508227 -0.43021311 1.9 10.132 -2.4448548 -17.521711 8.0134664
182 13 0.44171558 -0.41112927 1.9 11.56743 -23.066104 -49.729608 37.264419
182 1 0.5059206 -0.43410324 1.9 157.09418 16.496865 -94.089422 10.239611
182 6 0.23823746 -0.20197057 1.9 -15.053091 -133.08487 -407.5232 36.552877
183 14 0.31985616 0.17810434 1.9 2.3580772 -128.60511 -325.87323 34.55948
183 14 0.024478973 0.095859377 1.9 -1.1534138 -11.734236 -11.778181 2.3288362
183 3 0.36391173 0.16351381 1.9 0.80129761 -0.8751076 -1.5207763 21.481397
183 5 0.43934775 0.019935522 1.9 0.36275526 0.26374061 -0.28865947 4.7777445
183 13 0.22536713 0.50870616 1.9 0.0099824786 0.087355162 -0.05815775 13.631162
184 14 0.63229386 -0.11723467 1.9 -41.759667 316.19192 -286.32031 40.757332
184 5 0.67173666 -0.4413814 1.9 4.4559154 1.8454263 -5.6277352 32.139883
184 1 0.25239274 -0.33646304 1.9 0.96202684 -1.8280125 -5.2331596 45.005939
184 2 0.39270843 -0.30634956 1.9 -0.1163219 0.01609563 -0.17001486 44.841993
185 14 0.066272363 0.5268068 1.9 1301.8 992.35231 -1275.6051 4.0722127
185 1 0.37286546 0.5582702 1.9 -2.7507363 -0.55325526 -2.8152905 11.918748
185 13 0.40173296 0.33343714 1.9 -322.64039 166.66419 -486.46216 34.246484
185 14 0.50000593 0.66483951 1.9 -12.150966 56.359406 -83.321987 43.273789
185 3 0.071600818 0.46313627 1.9 2.5860777 170.99864 -168.83181 2.4969992
185 14 0.046732674 0.54714515 1.9 1.8629899 10.647299 -9.0556177 4.8360819
186 14 0.26029507 -0.30006195 1.9 -310.49607 54.019663 -292.02156 30.586132
186 2 0.17033786 -0.45614443 1.9 -50.959043 -61.80874 -67.037346 42.094639
186 2 0.11640924 -0.73161269 1.9 1.0135575 0.20745358 -2.9463603 9.932648
186 1 0.11948029 -0.33787138 1.9 -0.19039762 -0.71611879 -1.0291946 37.336306
187 14 -0.25565606 -0.4454474 1.9 -415.55899 -24.756079 -403.65082 38.352713
187 5 -0.032375829 -0.015269706 1.9 -5.8289805 -47.624235 -29.786399 46.973235
187 5 -0.29959212 -0.43158086 1.9 4.5346245 1.711145 -3.7949473 13.887037
187 3 -0.16376348 -0.0979664 1.9 198.93988 -131.5885 -149.91885 14.250448
188 14 0.44300989 -0.42339998 1.9 286.12128 -101.9401 -195.13204 47.422323
188 5 0.48600263 -0.88092265 1.9 -0.36122423 0.27186958 -0.54624069 15.588668
188 13 0.44137594 -0.61117858 1.9 -2.3931005 -0.5073716 -1.7495367 1.7513323
188 5 0.43224921 -0.49277158 1.9 0.089987831 0.086223329 -0.11526064 23.119381
188 13 -0.075459745 -0.42640561 1.9 -0.07116744 -0.016870542 -0.10953523 26.788833
188 2 0.44887354 -0.50888915 1.9 -0.81595833 0.93445215 -3.1394198 30.449949
189 14 -0.032537179 0.18149005 1.9 -59.521049 370.97352 -253.48049 30.685473
189 14 -0.1122614 0.22412038 1.9 -70.539577 -80.231413 -120.09459 33.543205
189 13 0.11459623 0.054408919 1.9 3.4146534 17.455668 -37.275286 23.046813
189 6 -0.059908609 0.25962803 1.9 -9.5484188 15.12113 -22.620333 35.087805
189 14 -0.020640954 0.24847327 1.9 0.24249772 0.30212355 -0.2548605 36.277014
190 14 -0.41874385 -0.49306126 1.9 -270.82306 92.960891 -240.69678 7.2556806
190 1 -0.28969694 -0.28429194 1.9 0.13023492 0.070106443 -0.087492973 36.889537
190 5 -0.25373507 -0.5264831 1.9 0.95614307 -0.45564304 -1.0087537 0.67725973
190 3 -0.3523361 -0.29939275 1.9 0.013095511 -0.14572576 -0.15895976 43.489167
190 1 -0.34953302 -0.081216658 1.9 0.037108674 0.043280233 -0.34347967 31.685274
190 5 -0.35235311 -0.30869828 1.9 -14.65783 -23.918574 -104.2438 43.155361
190 14 -0.013006785 -0.12376985 1.9 0.057083883 -0.023281912 -0.11275685 42.838299
190 1 -0.14172466 -0.55166296 1.9 5.6266228 4.0552948 -5.9469918 39.767063
191 14 0.26817496 0.13836681 1.9 -1113.5787 -151.31068 -651.80667 17.961265
191 6 0.23624593 0.37352164 1.9 108.18333 -299.32936 -217.32285 18.748916
191 2 0.027705963 0.11782938 1.9 0.65074854 -0.71109485 -0.87232978 31.130716
191 6 0.040738662 0.34312103 1.9 0.3996305 0.12436229 -0.42288235 0.14187161
191 3 0.24484245 0.27524219 1.9 37.483654 -120.72396 -95.982223 13.314399
192 14 -0.070706495 -0.13567658 1.9 224.16507 -181.94755 -269.08315 4.308486
192 3 0.2762382 -0.60601476 1.9 -0.4599799 1.3378037 -0.96138876 1.3003553
193 14 0.44317977 0.08760061 1.9 0.59543477 -21.189775 -631.97488 13.772602
193 5 0.21147042 0.16512277 1.9 12.053702 -23.986261 -25.113263 15.433972
193 6 0.11680446 0.41152831 1.9 -4.3372238 11.62541 -13.603884 10.961813
193 1 0.082651442 0.14056393 1.9 -62.380775 -87.468989 -66.034219 46.152348
193 3 -0.13287445 0.47659096 1.9 -65.423876 -7.8215372 -71.64998 8.1456947
193 13 -0.013216161 0.19288781 1.9 -109.63805 138.82106 -103.53335 37.141488
194 14 0.59941149 0.60260926 1.9 41.751281 -295.70314 -293.23197 9.9955529
194 13 0.44686225 0.37756737 1.9 -1.0808681 1.8004916 -1.2935103 36.684388
194 1 0.45966991 0.32431979 1.9 26.150725 -136.11749 -162.98235 0.15108834
194 14 0.40128438 0.22987322 1.9 -54.772085 38.176725 -85.022897 16.981589
194 14 0.59148202 0.35118265 1.9 0.33876497 0.24630256 -1.8107963 12.897238
194 13 0.38901499 0.15283485 1.9 0.14562504 0.3320245 -0.60603868 5.557419
194 2 0.25101164 0.42688965 1.9 -0.56568792 -0.098629326 -0.71387325 15.005649
195 14 -0.20762394 0.30688535 1.9 -444.83 242.46985 -355.09083 17.352641
195 1 -0.50503596 -0.0020656956 1.9 0.42425718 0.14756976 -0.30288637 23.233473
195 1 -0.45185011 0.33991001 1.9 -84.129388 55.702606 -117.98021 45.646827
195 3 -0.52089686 0.12714525 1.9 4.8467031 2.8107308 -4.897919 3.7999833
195 13 -0.63699681 0.24851312 1.9 -3.9924971 3.7356369 -7.2418972 32.224469
195 13 -0.59575377 0.34420153 1.9 -0.53163469 1.6001398 -2.6782394 6.4479069
195 14 -0.7020412 0.31392082 1.9 -0.3315935 -1.5356523 -2.5240165 32.893544
196 14 -0.078936773 0.62030192 1.9 -54.101813 -291.85702 -201.24179 10.117607
196 14 -0.33798003 0.78426482 1.9 2.1686411 -0.26093545 -2.2493433 3.7497117
196 3 -0.51873983 0.44101544 1.9 -119.65289 -25.777345 -137.43409 26.530158
196 3 -0.41935031 0.5666272 1.9 10.919045 3.7352349 -7.0603114 39.836795
196 13 -0.31765088 0.52771893 1.9 -1.1766626 1.8499949 -2.414127 48.164137
196 3 -0.097414276 0.49008357 1.9 -1.7037713 -1.7750443 -2.5086901 40.47987
196 2 -0.15771735 0.38786291 1.9 0.015261889 0.002593209 -0.11426258 25.905275
196 5 -0.55061233 0.48041475 1.9 9.2639589 -2.2786984 -7.0769139 41.824756
197 14 0.082293496 0.2804826 1.9 -6.4079325 -96.716178 -551.75246 28.369877
197 14 0.3639178 0.66404688 1.9 0.15126855 0.25178638 -0.89267339 20.585965
197 14 0.15559182 0.62836977 1.9 -0.035393483 0.070618352 -0.39155577 4.953224
198 14 -0.31624286 -0.0071762865 1.9 -93.363201 -76.065494 -460.80115 9.9515973
198 5 0.18700178 -0.16580229 1.9 3.5036948 0.75628334 -3.6547965 33.232684
198 3 -0.16200607 0.097482841 1.9 -0.054665679 -0.081115425 -0.11367466 12.615423
198 14 -0.058659661 -0.057334989 1.9 47.330083 -83.809834 -89.719621 8.2371965
198 13 0.16358152 0.1192547 1.9 0.0021951305 -0.80955367 -1.0926022 5.8859063
199 14 0.088560644 -0.040683616 1.9 -51.410868 54.857566 -396.05006 42.871803
199 3 -0.32100387 -0.109669 1.9 -96.820543 -103.22536 -85.87257 24.903082
199 1 -0.13444394 -0.42090098 1.9 3.7035282 -1.0719904 -3.7199078 31.405096
199 5 -0.2767073 -0.28372637 1.9 -0.045708527 0.72812893 -0.5249278 25.094191
199 2 -0.27029718 0.052169765 1.9 0.0059761837 0.14788671 -0.10272145 38.364481
199 6 -0.47755408 -0.096861164 1.9 -0.045284311 0.071805724 -0.17139494 41.916078
199 14 -0.053067296 -0.087532988 1.9 26.718491 1.0506242 -22.360687 7.2621927
200 14 -0.43383938 -0.67458093 1.9 -335.45227 -255.54075 -303.51879 31.476275
200 14 -0.59386536 -0.40755903 1.9 -0.181876 -1.6182036 -11.623528 41.634059
201 14 0.2750179 -0.19538311 1.9 -413.1948 -68.892979 -448.49903 12.993916
201 13 0.13134586 -0.070854872 1.9 -2.5084901 -12.108586 -9.8457144 29.269647
201 6 0.032687396 -0.45489602 1.9 55.492136 94.495437 -323.70921 4.1689885
201 1 0.21339209 -0.35990174 1.9 -9.0009459 -5.2719395 -9.3932576 39.192079
201 6 0.31459105 -0.032873776 1.9 -0.071873677 0.24621472 -0.33316644 31.613922
201 2 0.24129879 -0.42006996 1.9 -8.8652037 6.064209 -10.226432 7.9341593
202 14 0.0063196466 0.30961197 1.9 -184.99231 267.8178 -196.79563 24.991696
202 14 -0.067061187 0.38656027 1.9 34.124455 -4.3333514 -35.679949 27.861206
202 2 0.223095 0.48419094 1.9 -0.56026002 0.50007803 -2.2060423 38.257
202 14 0.11354465 0.19738865 1.9 0.98553546 2.8771466 -1.9698888 1.3343635
202 2 0.06110721 0.32310058 1.9 -0.097416651 0.036106949 -0.10576221 21.00217
202 6 0.17217666 0.2899511 1.9 35.942925 -45.747096 -100.29451 8.2635188
202 1 0.2703096 0.19248187 1.9 3.6358296 7.0759912 -11.329241 5.6274309
202 13 -0.11454311 0.49101706 1.9 4.7426898 -38.714811 -32.437962 21.940287
203 14 0.40394788 -0.41690733 1.9 -800.44758 589.88603 -921.44034 9.8464874
203 14 0.14716967 -0.20969538 1.9 3.2239248 0.81211839 -3.2831378 26.696751
203 3 0.17510141 0.011929088 1.9 -0.20575886 -0.69529041 -0.73776463 12.077215
204 14 0.059263192 -0.42520456 1.9 -13.359519 -157.75051 -435.79673 35.754141
204 6 0.21812569 -0.54818818 1.9 -10.110552 1.6914252 -8.7334952 8.720582
204 13 0.14229802 -0.50854007 1.9 -23.529672 8.6236548 -45.349302 17.459638
205 14 0.25916579 0.57380224 1.9 -159.90706 -166.49181 -697.47701 46.738983
205 6 0.39007407 0.38790985 1.9 -1.0680982 0.50274971 -3.211317 33.569055
205 2 -0.034900146 0.39435119 1.9 0.45522963 -2.8396914 -3.9011079 33.875051
205 5 0.42788241 0.26339738 1.9 5.3994162 -4.4606828 -4.6032179 22.334082
205 13 0.066827458 0.34524731 1.9 0.43639067 -0.32590955 -0.33983763 29.921336
206 14 -0.0864585 0.00025964161 1.9 81.693471 323.79714 -346.04898 17.659898
206 3 -0.045448993 0.32917936 1.9 1.2958964 -0.35195727 -0.86716222 26.478579
206 1 -0.021915933 0.39398332 1.9 6.0570398 -4.7449016 -19.121359 14.027043
206 3 -0.016319991 0.37959102 1.9 -25.588159 -4.030294 -18.084022 23.912768
206 13 -0.042385394 0.51875988 1.9 -11.115979 0.6189789 -9.0871382 43.489452
206 3 -0.34995967 0.36055722 1.9 -1.29822 0.33975827 -1.0289764 46.48677
207 14 -0.22316687 0.27995703 1.9 -578.44794 -954.95366 -1184.239 2.5006882
207 1 -0.088919943 0.15420069 1.9 -236.41982 245.77896 -209.72372 29.85485
207 2 -0.14229925 0.50246045 1.9 164.92218 -10.886968 -143.32408 40.664973
207 5 -0.038069602 0.45903555 1.9 53.19264 21.003674 -58.031394 43.984617
207 3 -0.16499109 0.70400511 1.9 -0.5852864 -0.96245985 -5.7423851 8.5574185
207 14 -0.031820978 0.36699702 1.9 -18.465998 -33.7498 -36.645876 42.025325
208 14 0.048519421 0.37864115 1.9 207.33183 141.18973 -248.80439 7.6963493
208 6 0.15637072 0.11883398 1.9 -1.623585 1.2614829 -1.2616204 12.371479
208 6 0.39703966 0.35941477 1.9 -0.013829602 -0.0081686802 -1.441924 9.6462059
208 6 0.17270423 0.50353241 1.9 1.9075672 -7.5190965 -5.6121094 36.467484
208 5 0.27962583 0.49173272 1.9 3.4346171 -5.0765346 -10.931604 20.899146
208 6 0.31093584 0.25142273 1.9 5.466732 0.78419711 -7.8969065 20.663324
208 3 -0.31221375 0.47904081 1.9 0.33529543 0.25349085 -0.68424041 49.907947
209 14 -0.3110895 -0.33437873 1.9 71.524952 345.21597 -203.64029 21.624679
209 6 -0.045684847 -0.36375422 1.9 0.39396755 -0.34285443 -0.52011808 36.351052
209 5 -0.43462703 -0.43207121 1.9 0.055528286 -0.064261514 -0.13594954 39.058468
210 14 0.33761725 0.29794386 1.9 -277.78078 46.40357 -214.08017 8.8504656
210 13 0.29783931 -0.12095297 1.9 26.598843 -39.557836 -49.664077 17.424153
210 2 0.24479257 0.12968991 1.9 0.062318619 -0.05435023 -0.084491448 5.1090931
210 1 0.11493322 0.052141519 1.9 -69.874337 -29.948579 -72.884871 3.8129416
210 5 -0.089517621 0.1541653 1.9 -0.006485977 -0.28102199 -0.42687627 34.098398
210 1 0.30514729 0.24167759 1.9 -43.91935 -47.453264 -49.969216 26.296647
210 14 0.43938099 0.060086931 1.9 -2.509206 4.9992281 -8.8630458 14.697866
211 14 -0.16146718 0.11628168 1.9 -679.16916 -1920.0448 -1440.5814 0.80036803
211 2 -0.071616281 0.038668258 1.9 11.226976 -17.000677 -62.581685 4.0339939
211 6 0.069851706 0.049904239 1.9 -1.3630438 0.69566088 -0.98898669 48.418867
211 13 0.027833879 0.1002603 1.9 7.2651993 -0.55637029 -18.562378 3.0561415
211 6 0.012540482 -0.18806433 1.9 99.021946 23.074487 -196.35615 40.088006
211 5 0.018925767 0.18317156 1.9 0.55326293 -1.8154833 -1.2588078 4.6114627
212 14 -0.60733145 0.46075595 1.9 3318.6902 1385.2617 -4184.657 18.523474
212 13 -0.51517996 0.42842234 1.9 12.131487 15.090802 -13.490769 1.079235
213 14 0.6182995 0.11326075 1.9 -846.46946 395.25797 -994.5835 40.255881
213 13 0.59355191 0.46066191 1.9 228.24745 300.63726 -258.89018 35.021696
213 5 0.59035874 0.14193883 1.9 -36.346876 146.34327 -104.35429 47.04813
213 13 0.39069844 0.12076516 1.9 268.77728 -220.82926 -615.05646 0.69799042
213 6 0.43919115 0.15836345 1.9 -22.213274 -23.638303 -42.174266 1.3799913
214 14 -0.35900725 0.63299902 1.9 -1209.3769 930.46299 -1389.716 11.212796
214 3 -0.43348562 0.59315661 1.9 -42.03713 67.276834 -60.519737 20.473499
214 3 -0.29365888 0.91871278 1.9 1.58293 0.49704179 -1.2041483 19.425289
214 14 -0.62559552 0.60537088 1.9 -5.923925 -4.6892196 -4.586226 34.258196
214 3 -0.2900544 0.64487373 1.9 59.561552 -16.068592 -44.482952 34.724098
214 3 -0.24253615 0.69265188 1.9 24.070358 -1.1565951 -42.76969 7.1966616
215 14 -0.26554602 -0.5363193 1.9 -253.45671 -116.39515 -498.19805 37.816051
215 2 -0.0052006987 -0.43211049 1.9 -0.20570547 -0.19025422 -0.24378714 7.3249344
215 5 -0.27777074 -0.45416724 1.9 1.4848728 0.1647436 -1.9781327 32.896339
215 1 0.0048637318 -0.24046962 1.9 -0.75574551 -0.94709058 -1.477071 11.477298
215 2 -0.050434996 -0.042437734 1.9 -0.2892087 -0.36930445 -1.902624 33.831247
215 5 -0.27318391 -0.26243398 1.9 -0.10702398 -0.2764642 -0.19496921 21.93042
216 14 0.54254257 -0.256553 1.9 -215.49251 -309.42024 -1486.0315 2.1542426
216 1 0.56812487 -0.17755093 1.9 130.66849 80.459678 -144.05799 35.120214
216 3 0.20212594 -0.46652834 1.9 -10.06689 17.356377 -21.559482 20.189654
216 5 0.47003678 -0.066553448 1.9 -1.9521821 -1.619598 -2.3660352 25.275142
217 14 0.1183638 -0.16643948 1.9 99.725222 -106.07975 -463.04794 0.33577968
217 6 0.027610213 -0.11156424 1.9 -0.97872912 -0.80030561 -0.77837725 30.798798
217 3 -0.18179754 -0.093361581 1.9 -0.058458594 -0.16272995 -0.24975911 22.331781
218 14 0.42093389 -0.14051551 1.9 -194.29234 224.84028 -258.31514 10.809514
218 13 0.07956391 0.0067007623 1.9 -0.033469104 -0.056363835 -0.10164279 27.490905
219 14 0.10775716 -0.51211388 1.9 -82.150554 138.75911 -314.93538 42.409269
219 2 -0.11331677 -0.60343279 1.9 -0.086848303 -0.036941482 -0.23069722 29.937412
219 14 -0.23951207 -0.58415124 1.9 -2.7364752 2.4140378 -6.7467424 18.253885
219 6 -0.12886976 -0.61478296 1.9 38.306766 68.781454 -66.216255 37.820084
219 2 -0.00025554467 -0.67828129 1.9 -2.1918806 2.7083665 -4.3639629 49.388818
219 13 -0.045690339 -0.59590155 1.9 -4.3062429 -1.2900396 -2.667058 39.288051
219 6 -0.040795885 -0.52115837 1.9 5.7095807 -6.9169975 -6.7303354 18.944929
219 1 -0.10231613 -0.67421898 1.9 0.034525492 -0.09239165 -0.091202429 4.965811
220 14 -0.72816129 -0.13734062 1.9 920.29922 234.51594 -807.74505 25.082179
220 2 -0.5873374 -0.18348758 1.9 0.33116686 -1.0179975 -0.89761173 36.302128
220 3 -0.48929605 -0.17906586 1.9 -32.526991 -62.196449 -75.186864 4.5563671
220 5 -0.57004522 0.066359999 1.9 0.29694544 0.3158386 -0.65127837 34.280929
220 1 -0.36220722 0.01264401 1.9 -0.46513719 0.60656817 -0.50372011 4.6539809
220 13 -0.55528177 0.14575096 1.9 -49.94066 393.7615 -566.06555 14.090589
220 1 -0.51496571 0.052843595 1.9 7.6414064 -14.312711 -9.8185374 42.233553
220 6 -0.63006122 -0.18397165 1.9 -12.534133 102.28873 -316.30916 44.079127
221 14 -0.10381757 -0.025444506 1.9 -184.52661 63.31414 -380.75636 21.580009
221 14 0.08816618 -0.26905362 1.9 8.8968794 -7.1448584 -10.722091 34.709236
221 3 -0.069699546 -0.11916933 1.9 -0.78002876 -0.3514212 -1.5531528 29.219993
221 1 -0.21626463 0.031083523 1.9 7.0421261 -1.9153841 -8.4650069 43.945181
221 13 0.043458948 -0.22216832 1.9 -1.1420492 -0.58301517 -0.80223671 32.877333
221 3 -0.17074054 0.063765061 1.9 -15.200239 29.378482 -41.473971 26.287969
222 14 0.14544882 -0.29801508 1.9 312.70576 -254.16559 -270.97346 37.210078
222 5 0.10289129 -0.18763868 1.9 -22.678989 0.87504377 -22.256059 6.4363637
222 6 0.014836677 -0.037003491 1.9 0.45021529 -0.55956426 -9.3937028 38.254419
222 14 0.010919184 0.16412216 1.9 -3.5235428 -0.35908281 -2.2523582 41.880669
222 13 0.069699021 -0.09952184 1.9 -41.78843 20.390102 -47.752781 44.131381
222 5 -0.0063894312 -0.16899324 1.9 1.2201661 0.18076172 -1.5447315 44.834231
222 2 0.01267046 -0.19736296 1.9 -1.4925069 -0.32939873 -2.1476193 13.804223
222 13 -0.00066320928 -0.27239224 1.9 -16.614267 3.4019136 -10.148191 47.966301
223 14 0.033021659 -0.68710305 1.9 -311.22658 -47.371713 -262.33881 28.02651
223 2 0.011044429 -0.33697299 1.9 0.42407662 0.39794127 -0.4323948 15.245347
223 5 0.010104413 -0.58418373 1.9 -1.107554 -0.003973949 -0.77707157 2.0818308
223 14 0.29204017 -0.57947374 1.9 8.9206607 -9.3002861 -23.445014 36.234689
223 14 -0.14614684 -0.38552605 1.9 -1.3907862 -1.3056989 -1.6623964 24.901309
224 14 0.36114956 0.043464189 1.9 -109.28403 259.22073 -297.82224 7.6390496
224 5 0.493703 -0.1719974 1.9 -0.049500308 0.0047757897 -0.26547936 11.509614
224 14 0.50303246 0.099019362 1.9 0.14959404 -0.032392027 -0.41895249 40.700205
224 2 0.56150254 -0.051719368 1.9 -13.245171 5.0327225 -21.066239 22.48301
224 3 0.39201612 -0.0052077957 1.9 -42.06218 -44.118133 -159.90058 4.3061243
225 14 0.38092784 -0.56878614 1.9 227.79877 -303.58535 -321.0211 12.122887
225 5 0.18566123 -0.9697838 1.9 20.969238 -8.6377134 -25.556954 4.5897746
225 3 0.50779402 -0.63181464 1.9 74.832102 58.659152 -112.943 9.0821621
225 1 0.33847383 -0.71309246 1.9 -0.17713719 -0.061095418 -0.12580975 23.630684
226 14 0.25979272 0.7076292 1.9 -43.965415 2.3850425 -379.65122 48.30298
226 5 0.057451039 0.7502824 1.9 44.55874 -10.061439 -37.933758 19.775698
226 1 0.0040814146 0.53439035 1.9 -78.829587 25.995688 -48.388289 25.539459
226 14 0.28215894 0.58293537 1.9 3.2119561 -8.2576992 -14.653227 24.282099
226 3 0.10382295 1.0122773 1.9 0.0066638164 -0.84568409 -0.57411126 29.000158
226 13 0.1762736 0.35682813 1.9 0.15318447 0.84219501 -0.88370189 2.4631958
226 13 -0.15125231 0.50767068 1.9 -5.9557842 5.8504007 -7.6623373 7.6256417
227 14 -0.31723601 -0.49149406 1.9 -149.47984 -88.425627 -343.88793 18.338124
227 5 -0.17129761 -0.31882111 1.9 1.1075538 -1.9649726 -1.4563988 43.865127
227 6 -0.13950794 -0.29706632 1.9 -25.983353 -122.46253 -79.434357 0.41647134
227 2 -0.067823661 -0.43882428 1.9 26.292799 65.757244 -58.478731 29.807044
227 5 -0.34442593 -0.59810807 1.9 1.2820539 -1.7167805 -4.0672434 31.670782
227 6 -0.77833597 -0.32640766 1.9 11.456153 23.898396 -19.659793 6.4704127
227 13 -0.23799019 -0.30275393 1.9 -0.27009608 2.5035877 -2.2057372 5.2236288
227 6 -0.36062288 -0.18655129 1.9 0.76380643 0.21163846 -1.0522716 3.8081152
228 14 -0.024013471 0.69425813 1.9 -154.26023 -149.89043 -391.42295 32.993313
228 6 -0.074235425 0.51893159 1.9 0.24113868 0.13047241 -0.25741966 7.592982
228 2 -0.0057523452 0.57826239 1.9 0.004239254 -0.07231688 -0.22852851 22.738441
228 1 -0.31624473 0.38870523 1.9 -19.74325 -16.08799 -28.408581 8.4368302
228 14 0.018633321 0.73386776 1.9 -4.1583741 -4.1979638 -20.204063 0.78842022
228 2 0.32291202 0.53152175 1.9 0.38039843 -0.14848528 -1.0406649 37.977412
228 14 0.13504705 0.5503101 1.9 -0.50262072 0.43511385 -2.867142 35.957521
229 14 -0.23941625 -0.11960991 1.9 506.13939 -142.27122 -554.71624 13.014073
229 14 -0.57596104 -0.30562533 1.9 0.92642355 3.0918971 -2.4429331 9.2711535
229 3 -0.79153615 -0.36800709 1.9 5.1177815 -19.985082 -22.82584 19.554551
229 13 -0.22352973 -0.41350861 1.9 -2.0033972 -1.2693743 -1.5452343 28.416809
229 1 -0.58785871 -0.25844044 1.9 -0.029042257 -0.76363129 -16.266622 24.532827
230 14 -0.59528712 0.20594195 1.9 -375.1991 -566.76457 -1850.5031 24.176639
230 1 -0.40863409 0.34029637 1.9 2.4846778 1.9696139 -2.0736783 45.339182
230 13 -0.56708521 0.076046453 1.9 -92.198526 -411.58099 -409.092 21.981584
230 3 -0.67190635 0.3086358 1.9 -0.54390204 -0.0071722957 -0.36859176 7.0008543
230 3 -0.54587811 -0.089725693 1.9 -6.7049885 7.0927574 -9.1482386 11.626646
230 6 -0.16789598 -0.084342145 1.9 399.87515 339.86939 -410.334 40.030867
230 6 -0.36741875 0.22907412 1.9 -9.9645885 -10.2095 -14.29377 28.570501
230 2 -0.5888569 -0.12099715 1.9 -0.57197743 0.69141547 -2.901358 12.338907
231 14 -0.54441789 -0.12663132 1.9 248.71458 272.93834 -234.66314 45.568967
231 1 -0.46234521 -0.073069317 1.9 -89.004211 -22.878824 -79.335288 23.928181
231 13 -0.43426961 -0.17812011 1.9 0.29097858 -0.8843212 -0.85773028 28.841264
232 14 -0.14201858 0.14018483 1.9 -90.633327 316.89565 -266.52228 48.502869
232 1 0.21215634 0.21413948 1.9 -56.19358 25.238294 -67.700187 37.643911
232 13 0.30229416 0.51542681 1.9 -7.0993359 0.14180667 -20.180277 38.927354
232 14 -0.084134619 0.33044065 1.9 -0.26831107 0.33961972 -0.3008025 24.899587
232 14 0.035748513 0.58154099 1.9 0.017524184 0.10647619 -0.11926377 12.700764
232 13 -0.14457745 0.23026624 1.9 -1.8692718 1.829672 -8.3385739 13.866213
233 14 -0.5499798 -0.30674854 1.9 -242.83229 41.246549 -366.26438 30.0292
233 3 -0.64947487 -0.41083286 1.9 0.028584971 -0.12400415 -0.28914998 9.7254354
233 6 -0.67469944 -0.32909652 1.9 -6.4536559 1.8207673 -8.0179516 24.307149
233 13 -0.3452789 -0.13712704 1.9 -9.2400493 -0.17184299 -53.172823 45.216445
233 3 -0.64167116 -0.44228908 1.9 -25.316609 -63.020823 -56.271321 8.9375175
233 2 -0.41331963 -0.32964019 1.9 -0.061315696 0.062622921 -0.14749598 4.272835
234 14 -0.69510703 -0.45572625 1.9 -15.101227 530.90457 -623.97983 38.508412
234 6 -0.56909653 -0.56693517 1.9 -60.233846 -114.51002 -92.404763 30.804867
234 1 -0.2446007 -0.84645603 1.9 11.858103 -0.53289663 -6.9871957 43.00465
234 3 -0.65848604 -0.50658086 1.9 -0.13588371 -0.085914988 -0.19842087 31.595437
234 13 -0.50145889 -0.79548039 1.9 0.31277802 -10.837254 -12.856306 18.365388
234 1 -0.52593151 -0.58770365 1.9 -0.089121148 -1.974512 -2.4383601 18.27695
235 14 -0.53779731 0.38748508 1.9 -789.33982 200.77735 -861.7703 4.3189704
235 5 -0.66608964 0.46692898 1.9 0.67669169 -2.3494944 -4.3754133 36.43861
235 1 -0.58602379 0.64350151 1.9 44.846471 -1.3067623 -38.336037 13.646985
235 2 -0.54254161 0.37909226 1.9 -11.218857 23.031837 -32.889251 23.349829
235 2 -0.2156963 0.55348964 1.9 0.15923178 0.039341469 -0.53634995 34.816081
235 1 -0.55749606 0.66824208 1.9 2.9307337 4.4421309 -10.740202 32.770026
235 13 -0.38795921 0.57135691 1.9 -101.29821 26.610677 -104.02522 5.6324211
236 14 0.61712551 0.41130175 1.9 245.88141 81.331329 -345.21202 18.964726
236 6 0.55545605 0.44781212 1.9 3.0036594 -8.4385018 -7.3006551 11.475495
236 3 0.38357448 0.62528024 1.9 -0.2192512 -14.99103 -12.378001 21.382673
236 2 0.40114104 0.27263338 1.9 -5.6461407 1.8240571 -4.7091807 37.369486
236 5 0.45945684 0.37585396 1.9 20.344008 -39.938404 -49.369231 33.557847
236 2 0.72359593 0.25704724 1.9 4.4718833 -110.89951 -104.72591 32.626598
236 14 0.61678191 0.63184314 1.9 -0.1597905 0.65510555 -0.68324221 49.768788
237 14 -0.46948863 -0.14341803 1.9 -141.33769 174.61263 -314.22743 20.375343
237 5 -0.20276747 -0.28313316 1.9 0.14341015 -0.12715683 -0.15170353 1.9956143
238 14 0.25208441 -0.20757615 1.9 202.7647 161.49536 -377.43727 12.614477
238 3 0.12438059 -0.060419404 1.9 -12.629797 0.55778964 -7.9004788 41.990927
238 1 0.32126394 -0.12736749 1.9 -0.045883625 -0.024191159 -0.16204708 17.489555
238 3 0.54897761 -0.086679586 1.9 9.0424842 -2.9803483 -13.536425 34.625738
238 3 0.25734008 -0.16449713 1.9 -0.31417555 0.11748021 -0.31829058 6.0550136
238 6 0.52259546 -0.2954569 1.9 34.994094 18.531966 -103.11498 9.5100378
238 3 0.19881049 -0.46331759 1.9 -4.9825426 7.3285477 -10.040307 39.820677
239 14 0.14551398 -0.69360161 1.9 -492.72364 -153.21681 -1737.6698 14.856058
239 13 0.11449126 -0.57518012 1.9 -1.6111737 0.45912953 -2.5099773 48.474548
239 1 0.52104322 -0.59003764 1.9 0.42240017 0.21791247 -0.52882181 15.28883
239 1 0.38634853 -0.46546334 1.9 532.57993 295.51376 -411.10517 3.0006317
239 6 0.34465186 -0.54769492 1.9 0.078256892 0.13108114 -1.0664104 42.999109
240 14 0.016987266 0.55141967 1.9 -119.03503 37.312972 -355.05302 29.987993
240 2 0.10240922 0.51726091 1.9 -13.46318 31.617181 -23.2085 39.07367
240 6 -0.28246814 0.31982454 1.9 -0.0049656577 -0.11668901 -0.12884766 5.24788
240 3 -0.28502445 0.62723848 1.9 0.13167676 -0.18801147 -0.24903327 24.72343
240 6 -0.2209826 0.62142652 1.9 -0.27918258 -2.2624241 -7.391702 16.547142
241 14 0.48363857 -0.60540648 1.9 -98.598032 320.51661 -230.60874 22.961236
241 5 0.23805649 -0.54192296 1.9 -0.14595879 0.34354752 -0.45185425 32.317441
242 14 -0.31333302 0.34223922 1.9 360.83818 78.061793 -742.55008 7.0090479
242 1 -0.17459904 0.26561736 1.9 -0.14795295 -0.031820683 -0.24674289 22.350386
242 5 -0.29231519 0.68072316 1.9 -100.90174 -141.10378 -101.49303 22.453421
242 2 -0.075404242 0.379623 1.9 -7.8311376 45.232073 -257.24745 31.789429
243 14 -0.12675015 -0.45306563 1.9 -474.45306 -91.990923 -480.06854 32.348135
243 14 0.13732753 -0.35318629 1.9 -43.006202 27.880944 -136.30964 12.685178
243 5 -0.2150208 -0.46948604 1.9 9.3131901 -19.322108 -39.690367 30.142922
243 13 0.01789389 -0.38976885 1.9 -0.062435114 0.14854725 -0.33422707 30.586441
243 6 -0.060495294 -0.43807916 1.9 0.0049606491 -0.49543579 -0.39172575 41.594874
243 3 -0.20570816 -0.44213602 1.9 0.11111253 0.78462093 -0.89962372 3.2440894
244 14 0.20770666 -0.42041251 1.9 354.29544 189.8162 -427.50948 25.786633
244 14 0.26061789 0.051496827 1.9 1.2650729 1.2337543 -3.5561195 17.937225
245 14 0.36549607 -0.061972808 1.9 -60.010502 -219.21103 -374.45868 1.3890042
245 3 0.5582442 0.09772437 1.9 0.57788601 -3.9524876 -2.3700885 24.058126
245 13 0.35804322 0.45246004 1.9 -22.122085 47.537307 -116.79707 25.62851
245 2 0.632097 0.25827411 1.9 3.7108001 -1.2306692 -10.991204 32.927408
245 5 0.50373805 0.13238764 1.9 0.86803879 -1.195278 -0.86692764 38.071688
245 6 0.53764784 0.47152265 1.9 1.235414 0.47002504 -1.1381854 0.99795017
245 13 0.2208294 0.34926643 1.9 0.85408744 -0.19095532 -1.2493979 41.15456
246 14 -0.22417547 0.09008063 1.9 508.99786 -305.66267 -453.31013 22.358505
246 1 0.16865435 -0.37419584 1.9 29.046798 -8.3706148 -19.172562 37.725705
246 13 -0.061608671 -0.23899023 1.9 -23.998687 -51.359495 -43.424323 6.1711864
246 1 -0.089009462 -0.33895983 1.9 -0.3720214 -8.7336311 -11.088073 38.164402
246 2 0.11160973 0.15214975 1.9 -2.4031688 2.0410899 -5.5467718 32.499013
246 2 -0.24403894 -0.29729068 1.9 0.5435641 -1.2255917 -2.3200817 25.752476
247 14 0.41209609 -0.045694882 1.9 9.3711977 -104.32363 -360.22722 14.410999
247 14 0.38782279 0.082552937 1.9 1.6947868 -2.2012476 -3.8320488 38.255045
247 13 0.32050544 0.029155484 1.9 -6.6951834 -5.6273919 -5.8881643 31.113902
247 14 0.20123613 0.0017848762 1.9 4.1499004 9.5790546 -7.14006 24.191215
247 3 -0.10039505 -0.11654866 1.9 -12.418984 -2.2990698 -16.503994 34.993211
247 5 0.4835934 0.10822522 1.9 0.1044971 -0.019421056 -0.11084934 33.895094
248 14 -0.19798272 0.84883775 1.9 787.64564 -48.820879 -482.14277 12.665207
248 2 -0.056159726 0.3095886 1.9 99.414852 192.93028 -148.45385 41.926352
249 14 -0.26111921 0.29082993 1.9 -189.05603 55.187548 -295.55318 45.00805
249 3 -0.29886722 0.46160873 1.9 -19.083736 -0.2670366 -18.633466 24.808015
249 13 -0.55750105 0.30968779 1.9 -0.27130022 1.1301133 -0.93663662 6.6581952
249 13 -0.46672796 0.35595464 1.9 -4.3483536 -6.7124469 -18.776655 15.69084
249 13 -0.69344732 0.37090363 1.9 -0.023521879 -0.076716485 -0.10271404 6.1091068
249 3 -0.23137497 0.19829738 1.9 21.984137 20.699698 -35.324051 0.70424899
249 6 -0.38094623 0.41580389 1.9 -0.077342544 0.064942723 -0.060574125 40.949075
250 14 0.36940185 -0.057528692 1.9 346.53157 405.53123 -612.81946 12.590772
250 6 0.68736425 0.13632945 1.9 3.0644373 0.73545668 -2.0784833 10.647605
250 6 0.3238474 -0.22932717 1.9 14.47823 1.3163878 -27.850393 7.1764039
250 1 0.62183101 -0.23211605 1.9 -1.3231283 2.9959091 -18.809156 0.52807031
250 1 0.50156622 -0.13217869 1.9 0.64503525 -0.26094303 -0.45002436 13.113459
250 2 0.52379132 0.025476348 1.9 -0.53815918 0.29079773 -0.55736486 13.963194
251 14 -0.098593192 0.45567513 1.9 96.356103 198.863 -291.36187 28.192599
251 3 -0.1116813 0.50789653 1.9 16.773856 4.4699958 -17.211278 20.469229
251 13 -0.0042462162 0.42159222 1.9 -0.022019781 -0.0076176599 -0.11580416 4.9628745
251 3 -0.070554651 0.78780291 1.9 9.2126679 0.93358699 -7.685758 46.670187
251 6 -0.29676692 0.76896118 1.9 -0.051061509 0.070763545 -0.12159949 40.252098
251 1 0.170268 0.52913794 1.9 0.083328968 -0.61716302 -1.7999446 0.46637249
251 1 -0.28792612 0.62511102 1.9 -0.065977529 0.056828418 -0.070550756 14.120221
252 14 0.3182933 -0.021087378 1.9 -175.51454 -296.1836 -608.22458 38.676959
252 1 0.23342147 -0.4546896 1.9 85.012955 -31.560915 -196.58477 46.08485
252 14 0.16293476 -0.32680683 1.9 21.092242 -109.40344 -194.54056 41.861595
252 14 0.22327105 -0.33485958 1.9 -0.061800356 0.17243797 -0.14737499 8.8774893
252 2 0.6383742 -0.33398865 1.9 -76.837672 37.211343 -147.04664 22.393856
252 6 0.36659122 -0.070992725 1.9 0.29122162 -3.9281879 -5.5384838 0.67647244
253 14 -0.47688891 0.045051068 1.9 -225.14424 -4.6248877 -327.86856 29.51363
253 6 -0.65364767 -0.034097959 1.9 7.659707 -3.6727041 -13.547702 26.192038
253 1 -0.43370459 0.030949493 1.9 0.45351814 -0.045659328 -0.44721437 34.722046
254 14 0.038565542 -0.22791103 1.9 -12.143483 -451.67664 -310.14794 22.407305
254 13 0.056378323 -0.30927493 1.9 -2.6713246 -25.990816 -15.253322 49.569643
255 14 0.33044764 -0.51199054 1.9 -13.367122 50.006264 -359.50905 7.0874919
255 1 0.55573929 -0.63064061 1.9 1.3501166 -2.6211057 -4.5273266 48.708102
255 2 0.70851886 -0.66368781 1.9 -0.60607342 -0.1532615 -0.62243339 0.83472655
255 6 0.20537132 -0.56107456 1.9 70.484265 -22.654717 -65.12185 17.164309
255 14 0.23922463 -0.45592293 1.9 2.4603181 7.049507 -11.86605 29.463956
255 3 0.36774197 -0.4768942 1.9 -0.57508966 3.4409157 -7.6000593 43.369467
255 13 0.3327426 -0.62617322 1.9 0.005144428 0.12792266 -0.11874636 44.475252
256 14 -0.29301692 -0.10035179 1.9 -100.42921 -287.03758 -469.73833 23.430558
256 6 -0.65289439 -0.45853726 1.9 4.1013936 2.5097233 -3.9755945 27.13447
256 6 -0.35784102 -0.030851001 1.9 30.656277 -5.1040925 -147.51043 28.457777
256 14 -0.45537946 -0.040362851 1.9 -1.1739464 -0.093644694 -0.83497037 35.19543
256 1 -0.54823471 0.1314068 1.9 5.7699151 -1.4928934 -8.8649331 13.337813
256 1 -0.50933958 0.039519425 1.9 -7.4871266 -15.502094 -17.670145 38.067436
256 14 -0.21244557 -0.080154295 1.9 -0.22400889 51.880841 -52.72708 30.145587
257 14 -0.0027099466 0.54957721 1.9 -1684.9309 -5354.1338 -3885.6687 26.201337
257 14 -0.11352481 0.42236697 1.9 254.24639 0.38676159 -328.49982 21.879816
258 14 0.47563065 0.016005874 1.9 -121.01445 281.89798 -324.94484 10.137542
258 5 0.26713444 -0.021726531 1.9 3.1373124 -0.65585575 -3.3876505 41.381399
258 14 0.10901658 0.047394357 1.9 1.7998442 -0.69286614 -7.6459779 28.482214
259 14 -0.06636119 0.49185744 1.9 165.94626 -128.06409 -306.66912 24.349055
259 13 0.30752698 0.61853187 1.9 0.70772776 -0.90293628 -2.1828666 34.182234
260 14 -0.63668488 0.22936625 1.9 -223.89043 154.42506 -335.67353 21.183593
260 14 -0.32036707 0.038271967 1.9 -13.52901 10.078525 -11.604322 10.997679
261 14 0.23860721 -0.27386915 1.9 -89.88372 -474.7272 -312.37606 24.342881
261 14 0.29881414 0.34125004 1.9 -0.019867788 -0.38227988 -0.27059993 31.52016
262 14 0.38490862 -0.44185285 1.9 -39.860878 -333.07218 -347.57794 37.828705
262 6 0.25465936 -0.023602869 1.9 1.1960642 6.4585812 -14.529752 0.50601943
262 6 0.1261035 -0.27808574 1.9 0.093693777 -1.3730873 -2.4836843 32.438613
262 1 -0.10667011 -0.15055751 1.9 -3.2212996 -1.1423787 -3.0691067 4.0693089
263 14 0.68310638 0.27661949 1.9 502.57844 408.92788 -1300.0573 25.513202
263 6 0.55645339 -0.012975014 1.9 -8.6925793 11.236544 -15.040332 13.961803
263 1 0.28442209 0.19858977 1.9 43.664953 -3.2984215 -50.622382 48.438427
264 14 0.52040253 -0.17981469 1.9 378.03091 350.75362 -391.64774 40.253727
264 2 0.17211022 0.060447199 1.9 0.8049511 5.0451283 -3.8552636 25.779454
265 14 -0.66653753 0.3434157 1.9 257.55574 -524.67367 -582.31988 25.460968
265 3 -0.48119932 0.47488584 1.9 -1.784088 0.34509199 -1.9908981 46.406914
265 2 -0.49092803 0.14477675 1.9 4.8883585 -3.9337976 -7.2277658 46.536506
266 14 0.4611131 -0.22256999 1.9 227.0211 277.34401 -530.54497 20.40274
266 5 0.3267252 -0.19601004 1.9 -0.36595189 -0.60979338 -0.54059217 16.516868
266 1 0.31790899 -0.38177781 1.9 7.0499614 16.484602 -16.372212 45.858318
266 13 0.4002927 -0.3814724 1.9 3.1539019 -3.1003329 -14.140996 4.8020035
266 1 0.51251363 -0.43372954 1.9 -0.74272269 0.085152738 -0.76871657 38.008859
266 2 0.45454336 -0.11668917 1.9 -1.333796 2.3829002 -2.6741557 0.013948296
266 3 0.046315487 -0.12958706 1.9 -28.086593 20.722989 -52.865835 25.264901
266 3 0.31059248 -0.12706052 1.9 3.2734598 0.77213064 -3.1390872 0.85641847
267 14 0.19656733 -0.34646748 1.9 -368.8181 -389.75271 -343.38863 14.814173
267 1 0.24983191 -0.25518113 1.9 1.9586934 3.4068505 -5.5882737 41.244792
267 5 0.359357 -0.59326395 1.9 -2.0310968 0.29229612 -1.7044374 22.185669
268 14 -0.40281331 -0.13320706 1.9 -208.90915 216.99499 -241.96082 23.508531
268 2 -0.40432933 -0.29903418 1.9 1.7008478 0.27011104 -1.0170113 27.607485
269 14 -0.74866344 0.51828219 1.9 -145.28952 -302.37509 -219.00699 27.614203
269 13 -0.59318524 0.39075442 1.9 -73.248721 16.827063 -57.52751 45.649024
269 1 -0.49903318 0.38330846 1.9 -114.25957 23.412686 -69.999634 37.380384
269 2 -0.33694401 0.48293267 1.9 -63.831502 34.752922 -49.075245 0.55508894
270 14 -0.65310075 -0.087281619 1.9 -542.17379 44.198836 -360.38653 2.1745047
270 6 -0.6194622 -0.32164451 1.9 -0.31830394 -0.1377244 -0.21487154 30.784244
271 14 0.14755164 0.46226146 1.9 179.5522 -526.82419 -653.05774 20.621118
271 13 0.13738156 0.35257528 1.9 1.9383176 0.74697815 -4.4005077 14.247735
271 5 -0.014033688 0.53502328 1.9 207.24727 127.57069 -266.68205 26.636934
271 13 0.16430232 0.42034043 1.9 -1.9148066 -1.5051713 -2.3697471 34.939185
272 14 -0.57426863 0.62167838 1.9 -210.65864 574.00957 -2277.637 7.5908734
272 3 -0.60609951 0.56099875 1.9 258.266 140.20713 -592.7182 24.835967
272 3 -0.50253529 0.59449944 1.9 47.163371 8.2452826 -31.025312 34.575236
272 2 -0.47302002 0.93108011 1.9 -4.7406209 2.2231527 -5.1596039 32.088381
272 2 -0.39379232 0.70928904 1.9 -1.8581056 -1.4182598 -3.8370667 5.2482231
273 14 0.56124207 0.65194727 1.9 388.38843 383.01697 -320.89 24.841053
273 14 0.59822141 0.49378099 1.9 -0.79246575 0.53778389 -0.7611234 2.6097214
274 14 0.18810922 0.10811107 1.9 -36.067822 -96.062323 -460.21529 17.260034
274 1 0.55974455 -0.2289504 1.9 -1.8022674 0.14585845 -6.2724 41.498988
274 3 0.42979932 -0.23786961 1.9 -4.2494926 4.2665528 -8.2135025 4.3385342
274 14 0.55040607 -0.27544136 1.9 0.032103632 0.21833326 -0.16522557 35.958104
274 6 0.6453539 -0.32724961 1.9 0.4925043 0.0094276509 -0.62576874 42.968464
275 14 0.42613287 -0.23113438 1.9 -271.07493 -189.89902 -508.07802 22.471146
275 3 0.29561578 -0.28622084 1.9 -67.403631 -46.008744 -78.278355 47.44115
275 6 0.316015 0.020301071 1.9 -18.481933 -19.332287 -20.28222 16.839558
275 14 0.56290829 -0.34096103 1.9 -0.94332667 -1.1601711 -1.6565578 20.073959
275 6 0.30673798 0.22352593 1.9 0.20803187 -0.31949946 -0.64499941 17.067395
275 6 0.37716983 -0.24108184 1.9 -0.19071455 -0.019544618 -0.19639659 31.923019
276 14 0.29030568 0.18900797 1.9 -855.42959 462.01008 -2939.2171 33.400581
276 5 -0.048140042 0.10188952 1.9 2.7551984 -9.2514093 -8.6103263 21.388089
276 6 -0.16644192 0.28032495 1.9 -12.735606 4.9039268 -14.79783 3.1844558
276 13 -0.012100511 0.55822319 1.9 -2.3949589 4.2585658 -6.5134177 11.74115
276 6 0.24434718 0.51175895 1.9 -85.327273 -449.39646 -575.87858 24.040565
276 14 -0.21374848 0.038883445 1.9 0.95535147 0.70429789 -1.6559481 8.7438718
277 14 0.072692682 0.31388297 1.9 -201.46278 630.84728 -461.05934 43.65754
277 14 0.11443484 0.53127908 1.9 2.1723888 -2.070948 -3.2704756 21.437613
277 13 0.17440583 0.19983305 1.9 71.471529 -45.746498 -54.219795 47.312058
278 14 -0.8212028 -0.22836026 1.9 54.995147 -204.65442 -334.05399 33.769701
278 2 -0.52772073 -0.21815384 1.9 -126.43407 8.2233959 -98.011149 2.1030603
278 14 -0.37599364 -0.2982357 1.9 0.7572873 0.66370323 -0.5827055 15.695009
278 6 -0.25802503 -0.20778818 1.9 -0.18500455 -0.12427249 -0.2514876 31.723827
278 6 -0.096268362 -0.28447018 1.9 -90.153389 -2.5999228 -91.081389 2.2078217
278 2 -0.34178984 -0.18625944 1.9 0.11120487 0.044192747 -0.10709902 2.326043
279 14 0.52488525 -0.36191141 1.9 -594.49303 -6.6071753 -423.81798 49.428383
279 13 0.21380022 -0.079357535 1.9 7.0410637 10.642278 -12.707226 29.767633
279 6 0.29051676 -0.21261133 1.9 -0.80444259 -1.583093 -1.4472485 27.841329
279 13 0.34708643 -0.24703809 1.9 34.995941 80.784537 -359.77004 19.006893
279 2 0.46523141 -0.2023585 1.9 -0.17795198 -0.1449575 -0.41690569 33.985432
279 3 0.39820413 -0.16138784 1.9 2.8582321 -5.9403298 -5.2331154 7.5213151
279 3 0.44616067 -0.34891481 1.9 -52.673544 20.824162 -48.300352 26.91822
280 14 -0.050872137 -0.12742548 1.9 730.54284 211.40245 -655.17886 34.179646
280 1 -0.17957282 0.059466343 1.9 2.8318909 -56.689917 -55.360846 47.134689
280 5 -0.2122415 -0.38634644 1.9 1.9044781 -1.4012259 -4.4942963 12.642532
281 14 0.56017607 0.44682289 1.9 -94.078662 264.73651 -234.61708 39.957809
281 14 0.22550009 0.45647665 1.9 -0.25222067 0.086744938 -0.54040127 17.958304
281 3 0.37182823 0.34541432 1.9 -0.031398361 -0.12785223 -0.09859258 7.258769
281 2 0.23641625 0.25985862 1.9 43.477364 52.393527 -123.16802 3.927205
282 14 -0.38516959 -0.3288265 1.9 -162.43506 -114.10681 -303.50991 9.7713821
282 5 -0.29904079 -0.59709403 1.9 -0.34323036 0.028888373 -0.43146572 47.704116
282 13 -0.51479938 -0.39107089 1.9 -6.9352923 -31.986222 -45.902988 44.285781
282 2 -0.49596863 -0.62572996 1.9 3.1209616 -0.31155663 -2.6498936 41.737621
282 5 -0.41822261 -0.42848483 1.9 -0.67858494 1.3475539 -0.97919954 15.851864
282 13 -0.64392554 -0.52209112 1.9 7.0085091 -5.1650883 -50.264162 41.314963
283 14 0.50331211 -0.090616359 1.9 -537.30551 456.19199 -1368.104 44.735465
283 1 0.33893314 0.1167323 1.9 -1.1715654 -1.3418348 -4.1132811 29.783316
283 13 0.22609824 -0.25886567 1.9 -118.78578 144.73449 -110.71166 14.18835
283 1 0.45907915 -0.17741021 1.9 24.884469 -0.92076629 -196.43344 33.411644
283 3 0.14942254 -0.035101691 1.9 0.31535177 0.20687582 -0.27677708 44.457187
284 14 -0.74174859 0.32870077 1.9 611.94157 -23.563472 -647.51844 38.868927
284 1 -0.43941526 0.095144973 1.9 0.81801137 -0.86828112 -1.3022314 41.448755
284 3 -0.40827784 0.10193993 1.9 -2.1626045 -3.6370185 -4.8571669 32.072028
284 2 -0.51125087 -0.063362976 1.9 1.1948527 4.6775957 -8.8404372 16.733305
284 6 -0.22621068 -0.11643508 1.9 3.0644426 2.6403028 -4.0431469 36.007169
285 14 0.76265612 -0.664517 1.9 339.63134 -145.66983 -235.60537 37.86533
285 1 0.43870193 -0.388774 1.9 -1.6371193 2.5552845 -3.6855277 48.435299
285 5 0.55772205 -0.17441419 1.9 -1.6578826 -5.2680833 -15.864909 48.371846
285 1 0.5882851 -0.35948339 1.9 1.3231954 -1.2013843 -1.9190217 43.87341
286 14 0.29480475 -0.39440463 1.9 333.99564 -73.758611 -443.41519 15.412068
286 3 0.13042078 -0.42082745 1.9 -0.55937812 -0.36851202 -1.4396226 8.7150675
286 2 -0.0019894525 -0.53579435 1.9 0.53332963 31.105565 -31.700399 34.28019
286 2 -0.067403005 -0.41058861 1.9 56.235313 -121.2159 -165.32716 39.707177
287 14 0.035475372 -0.40625254 1.9 -201.97702 -112.22488 -530.35103 18.792992
287 14 -0.19415878 -0.24503147 1.9 -6.9602815 2.8843691 -9.347805 11.331265
287 1 0.27332164 -0.15840039 1.9 -1.1413709 -2.3577987 -5.6071531 26.059107
287 14 0.22987156 -0.2385509 1.9 14.206243 -12.384484 -52.604467 6.4984877
287 2 0.098981876 -0.32644959 1.9 -82.542327 -100.83653 -85.067887 30.8927
287 14 0.19340374 -0.24523046 1.9 131.29489 -15.291573 -238.10645 1.0541645
287 14 0.0077806066 -0.5151417 1.9 0.032738641 -0.0068297259 -0.16278138 17.363197
287 3 0.28386581 0.01415441 1.9 0.030894911 0.89507982 -2.7324558 37.056744
288 14 0.48232906 -0.72541253 1.9 -208.60585 -271.01461 -271.64975 11.534863
288 13 0.41532479 -0.92923494 1.9 6.6100622 6.1184033 -50.975621 47.62594
288 3 0.51322451 -0.53374407 1.9 0.35240831 0.085956211 -0.29833951 10.028716
288 1 0.33139847 -0.62538273 1.9 -0.081643062 0.062577211 -0.15766006 31.704001
288 5 0.56042101 -0.53989016 1.9 0.096681433 0.20309995 -0.26813964 22.748601
288 3 0.33391924 -0.60172976 1.9 0.068035345 0.079969766 -0.078242669 16.271708
288 14 0.34539221 -0.50991889 1.9 1.5064046 0.82694228 -1.219811 18.744858
288 14 0.57191938 -0.47875845 1.9 4.7111473 1.9831407 -4.2852128 22.204905
289 14 0.55658516 -0.23946236 1.9 -219.98686 63.443578 -319.84861 41.67651
289 2 0.35021775 -0.33072075 1.9 -0.78969896 0.54322828 -0.84097359 31.890772
289 2 0.35954381 -0.69600518 1.9 -2.2278841 1.9620047 -1.973217 35.400514
289 5 0.31891294 -0.24025641 1.9 0.40023726 -0.46497274 -2.1268008 17.859327
289 5 0.59407891 -0.67213032 1.9 9.6721558 -13.948451 -106.62142 2.6147421
289 1 0.48065642 -0.54339798 1.9 -5.4036606 3.596959 -9.7200225 5.7113906
289 3 0.46549804 -0.61621939 1.9 1.171423 8.1466754 -11.897425 47.690915
290 14 -0.27261905 -0.35403999 1.9 -264.76237 169.03509 -581.60327 29.689164
290 14 -0.28501658 -0.13706904 1.9 -0.04192182 -0.21540982 -0.13985534 48.229553
290 3 -0.20614718 -0.15566754 1.9 -4.3718738 3.0744099 -9.131247 13.499076
290 2 -0.31579847 -0.25859033 1.9 15.109172 -6.6072734 -35.336074 31.002031
291 14 -0.15640806 0.16207829 1.9 -155.20962 175.25013 -391.56606 33.765814
291 5 -0.34257629 0.2750649 1.9 -0.064782219 0.023540979 -0.29878007 32.933303
291 6 -0.31343095 0.34409004 1.9 0.047274353 -0.032771076 -0.65482322 45.371467
291 3 -0.49215961 0.31475044 1.9 -0.19656528 0.023823315 -0.52005959 23.854575
291 6 -0.30888017 0.21812437 1.9 0.020819468 0.78747406 -2.0816336 15.886635
291 2 -0.58345673 0.48799294 1.9 -17.89964 -23.950529 -29.689416 5.9968959
292 14 -0.25950343 -0.77087765 1.9 -63.574355 -77.906646 -468.1672 22.537258
292 5 -0.14047035 -0.66727191 1.9 -56.54191 -5.0268508 -151.83246 42.918033
292 5 0.16267933 -0.63881646 1.9 1.2630775 0.1019519 -0.84566027 2.7284167
292 3 -0.28363716 -0.66773433 1.9 2.8515263 -7.5329265 -4.8975022 27.54422
292 1 -0.18365088 -0.61984643 1.9 10.127408 3.2404137 -26.056236 36.490086
293 14 0.61547287 0.46749835 1.9 76.818484 366.24169 -451.21946 6.9377536
293 2 0.60486715 0.3248271 1.9 37.866026 31.279244 -44.269888 18.978231
293 1 0.33652363 0.62283381 1.9 -1.3449167 -1.6536794 -2.7084454 48.238901
293 13 0.45878583 0.29793573 1.9 138.38327 40.822322 -149.42943 1.3500418
293 5 0.42151841 0.23649084 1.9 0.028701467 0.039589527 -0.25754604 15.576284
293 2 -0.0066069948 0.42144928 1.9 -2.5966084 -5.2156576 -4.7163051 7.1349382
293 6 0.22410821 0.4105628 1.9 -26.818233 75.041388 -133.97467 39.544774
294 14 0.14573202 -0.094347379 1.9 225.93406 100.91088 -377.84414 19.719593
294 5 0.27855861 -0.27066071 1.9 2.0877818 -5.8573734 -3.6461829 27.605412
294 5 0.12289909 -0.24023203 1.9 -0.7740117 -0.8949519 -1.1375351 15.503187
294 5 0.35095985 -0.20924242 1.9 -42.879254 -65.825012 -86.382163 22.621046
294 14 0.44669992 -0.40773573 1.9 -0.36881756 -0.60604207 -0.75140201 9.6264098
295 14 -0.19824149 -0.25414059 1.9 -213.62467 -429.44695 -532.79157 0.46441541
295 13 -0.37177008 -0.31887586 1.9 175.20899 25.620968 -221.00698 19.348487
295 14 -0.35474511 -0.24484201 1.9 -32.500623 -33.307139 -106.01832 21.892149
295 3 -0.47957564 -0.19124811 1.9 -235.34661 64.304735 -237.2206 32.296783
295 6 -0.54731616 -0.44721042 1.9 0.17856724 -2.1166093 -3.6151829 7.6498664
295 3 -0.45425377 -0.2209923 1.9 309.02434 -74.552012 -185.03169 12.378893
296 14 0.090843049 0.4243468 1.9 -197.28925 -210.94249 -243.71469 26.956782
296 13 -0.25814599 0.40484105 1.9 -0.56561926 -0.60635289 -0.61231088 47.665686
296 1 -0.28508641 0.076457636 1.9 -0.33281212 0.29476115 -0.28146982 44.339549
296 2 -0.16118634 0.33887889 1.9 -0.28863526 -0.37615098 -0.58457333 31.744888
296 1 -0.10117415 -0.032989933 1.9 -0.027001798 -0.0063549525 -0.24883876 28.450827
296 2 -0.13113117 0.14258229 1.9 0.17712357 -1.2302561 -0.8022924 36.078404
297 14 0.4653891 -0.6060642 1.9 126.45156 155.73382 -385.19829 4.1464335
297 14 0.33918695 -0.65837299 1.9 51.818474 -10.583465 -49.224294 47.815146
297 13 0.3829732 -0.53331219 1.9 -4.3484116 1.0166504 -3.2105388 47.340636
297 6 0.45105367 -0.49100894 1.9 -14.970333 -2.6061084 -10.601521 49.388649
297 6 0.34892621 -0.59787717 1.9 -1.780777 2.3186647 -2.5535495 33.340803
298 14 -0.0071253877 0.36584901 1.9 -1362.2969 -1685.8518 -1878.1339 18.647817
298 14 0.10198458 0.72066347 1.9 285.09448 214.30859 -587.51652 0.45082673
298 3 -0.10881897 0.50017683 1.9 -0.063294923 -2.2546751 -1.4407863 36.096515
298 2 -0.0031693222 0.32532716 1.9 -61.49898 87.895599 -68.328064 15.135149
298 14 0.044152658 0.32516438 1.9 -86.030407 87.980299 -148.52946 34.486674
298 14 0.03755768 0.4634341 1.9 -0.18437365 0.072945079 -1.1051942 45.004445
299 14 -0.56071006 0.012415965 1.9 2.4851538 -314.09246 -222.48555 38.267277
299 13 -0.0025723127 0.079164275 1.9 -9.0756753 16.87246 -19.61781 31.852286
300 14 -0.44549668 0.060971983 1.9 138.13907 -71.85435 -453.95693 17.709747
300 6 -0.34656764 0.46202365 1.9 29.470609 -32.48469 -31.075213 27.538232
300 3 -0.40868013 0.19394755 1.9 -66.288068 -30.67522 -101.73865 41.592677
300 5 -0.27081708 0.27696153 1.9 -11.957559 -0.42826957 -8.298489 1.7246668
300 3 -0.30171108 0.058760185 1.9 -1.6553726 2.8860758 -2.5766096 6.6209448
300 3 -0.30262929 0.48557808 1.9 5.6810876 -163.82703 -134.95738 2.5322412
300 2 -0.34290659 0.38291383 1.9 -0.82067647 -0.73013946 -3.1501249 46.211145
301 14 0.20598844 -0.0021935015 1.9 151.20677 -752.60878 -585.21383 24.455281
301 1 0.23612785 -0.2505844 1.9 -26.879454 -17.256549 -30.022 39.507773
301 13 0.36021851 -0.29180932 1.9 5.0086958 26.5506 -92.431447 16.424366
301 1 0.20413333 -0.16286097 1.9 -0.13278385 -0.20502462 -0.38551574 32.726427
301 3 0.053543297 0.016972432 1.9 0.92184968 -0.65725864 -1.4546725 37.262185
301 1 0.14029031 0.01258955 1.9 -82.458405 -83.50225 -167.74802 27.36923
302 14 0.078181162 -0.45997858 1.9 -440.26183 -244.27115 -1466.5052 8.0717117
302 3 0.24693668 -0.10151604 1.9 15.682869 -27.088604 -35.20862 41.971073
302 1 0.11376816 -0.19074438 1.9 128.40287 -265.05442 -404.54499 33.599629
302 5 0.19197435 -0.45548032 1.9 174.509 531.72812 -377.66907 37.261815
302 5 0.086555709 -0.26989526 1.9 15.313959 38.624087 -32.533654 49.011236
302 3 0.022643072 -0.32116056 1.9 -34.026223 8.5047451 -23.319336 23.489177
302 3 0.24014824 -0.58806494 1.9 -15.397133 39.315452 -32.138193 18.087341
303 14 -0.36481356 -0.066295588 1.9 -559.05723 -187.97424 -633.41003 30.644485
303 1 -0.35499861 0.1400192 1.9 19.357987 22.926276 -26.570027 11.06418
303 3 -0.25366559 0.34142297 1.9 9.7999897 5.6658179 -30.163483 21.923924
303 14 -0.092478467 0.26254361 1.9 27.102997 -177.56134 -198.23769 32.639328
303 1 -0.19852852 0.15764082 1.9 -2.7953299 3.4298051 -12.489741 49.251377
304 14 -0.25338665 0.081276332 1.9 -334.37704 538.36232 -694.22144 19.596575
304 13 -0.20657336 0.10462733 1.9 -0.035968199 0.58244684 -0.52298188 29.046438
304 13 -0.12412622 0.096725356 1.9 -1.3431143 0.43562412 -1.1101942 37.861962
304 1 -0.30404481 0.064780422 1.9 -0.048628628 -1.0596526 -1.8665616 36.815302
304 13 -0.24956773 -0.076676025 1.9 -0.049771027 -0.98088729 -1.2216206 32.212662
304 13 -0.40848535 0.087980082 1.9 2.9110189 -4.2364285 -3.2765948 37.158576
305 14 -0.63122371 -0.44263627 1.9 -354.45657 885.06994 -931.1182 44.131906
305 14 -0.48160957 -0.30791191 1.9 -227.20994 178.57546 -397.79955 39.028582
305 14 -0.079348679 -0.34640434 1.9 6.2491674 5.4961719 -6.4332317 5.3502276
305 1 -0.70037785 -0.37772104 1.9 6.2545565 -12.035569 -24.08791 26.047568
306 14 0.28219627 -0.28729303 1.9 -310.43337 -246.55359 -348.22516 17.467265
306 1 0.39189837 -0.16881136 1.9 -8.9682362 49.548913 -48.280966 24.689814
306 3 0.70202258 -0.44357834 1.9 -0.48920591 0.030270518 -0.62650973 48.155982
306 3 0.34423247 -0.0064946859 1.9 0.014173758 0.13948885 -0.1137507 45.672757
307 14 -0.75813664 0.33973207 1.9 424.37079 -145.14581 -391.19058 10.051886
307 14 -0.45119421 0.41200406 1.9 0.0063875799 -0.028373168 -0.28676551 20.695943
307 6 -0.83880336 0.25051545 1.9 7.9244106 -13.785027 -11.591215 46.772797
308 14 0.31153493 0.163646 1.9 -42.174745 -342.37172 -529.53067 37.996934
308 5 0.24752239 0.15977582 1.9 94.419808 -45.029444 -225.47812 35.41192
308 2 0.013494556 0.61446487 1.9 6.1614605 -13.465779 -26.435737 2.4663958
309 14 -0.47124336 -0.3559579 1.9 4117.8324 -1999.267 -2924.372 2.8149946
309 6 -0.30970815 -0.45583019 1.9 -237.36117 19.447249 -221.4099 30.305511
309 3 -0.2981812 -0.068224306 1.9 -16.19211 18.680043 -24.135455 8.1042562
309 3 0.06483675 -0.16140269 1.9 0.3660616 26.207559 -15.67378 44.485901
309 3 -0.30971299 -0.013829473 1.9 10.611265 29.713424 -55.611644 21.062183
309 2 0.048193445 -0.31460059 1.9 31.164501 -1385.9296 -1644.6858 16.513264
309 1 -0.15484283 -0.19394111 1.9 -6.7411443 -6.2393849 -9.8740179 38.859082
310 14 -0.21190374 -0.50348173 1.9 -376.48334 213.92799 -310.55977 38.613196
310 1 -0.46318068 -0.18623085 1.9 0.59570375 -0.57284943 -0.57696444 30.048162
310 6 -0.42138223 -0.43794697 1.9 0.36123529 -0.02288357 -0.36886522 35.156519
310 14 -0.21391825 -0.33593799 1.9 5.5938302 17.049097 -43.076535 10.575323
310 2 -0.26906055 -0.19647068 1.9 -91.969273 -61.924643 -217.36149 48.288988
310 1 -0.16053415 -0.71458633 1.9 5.9666074 -17.212255 -26.210123 10.09808
310 2 -0.36187488 -0.52551086 1.9 36.30864 18.375835 -32.64097 44.817728
310 13 -0.14769892 -0.89581665 1.9 14.758013 -5.6215357 -11.110447 11.552472
311 14 -0.44714936 -0.59509643 1.9 448.48246 281.07366 -1018.3536 38.808643
311 6 -0.39542174 -0.76287645 1.9 0.060459791 3.1795085 -7.6519218 12.580142
311 2 -0.26203348 -0.41793498 1.9 0.057984486 -0.36383596 -1.3828611 42.219482
311 6 -0.69835837 -0.59608787 1.9 -1.8772415 -0.11000867 -2.9269649 10.912895
311 6 -0.41589045 -0.50386005 1.9 100.28708 -2.8872881 -273.46373 45.220689
311 6 -0.45505583 -0.28970728 1.9 -183.90437 238.71893 -197.85922 5.4142369
312 14 -0.61292371 -0.11684581 1.9 28.514706 190.62866 -367.22179 36.932886
312 14 -0.21980086 -0.40275001 1.9 0.33815276 0.13542478 -0.40876591 3.2354704
312 2 -0.34133435 -0.4016395 1.9 -2.0899502 -1.8681815 -2.6595963 47.709356
312 14 -0.44396698 -0.76817687 1.9 1.533625 -3.0643761 -2.0755959 38.009779
313 14 -0.010927703 0.32128496 1.9 -481.46846 572.96949 -821.34304 23.352116
313 1 -0.24655742 0.17319619 1.9 151.53411 62.221656 -143.06915 48.139392
313 1 0.10550898 0.18716109 1.9 38.665007 18.929658 -62.245417 3.9842138
313 1 -0.22328514 0.01496855 1.9 -23.837784 -7.8369125 -16.318789 45.06417
313 1 -0.13054363 0.3587817 1.9 -0.3404854 3.4573508 -2.3063576 34.405358
313 2 -0.13062476 0.20936183 1.9 255.01011 228.67016 -265.79709 36.74196
313 6 -0.17171039 0.20235565 1.9 -150.53288 -140.00699 -144.69622 22.129966
314 14 -0.40108466 0.19429982 1.9 199.35497 228.08572 -213.86923 15.800024
314 13 -0.44062266 0.38740196 1.9 0.81227866 0.79875771 -0.82417053 27.939817
314 3 -0.33973831 0.2755573 1.9 0.58219124 0.44556782 -0.63571754 41.659141
314 14 -0.25890978 0.20444851 1.9 -61.101204 95.213635 -89.147986 4.1230429
314 5 -0.3250137 0.16485798 1.9 -0.039675648 -0.16000576 -0.18546777 23.011434
314 2 -0.46853899 0.34452791 1.9 49.076657 -61.398403 -82.250119 15.722172
314 2 -0.22641518 0.33615105 1.9 0.035725122 -0.018048911 -0.21725443 40.676403
314 13 -0.2653725 0.023907171 1.9 -12.081802 -0.12676384 -96.375685 18.230243
315 14 -0.52631244 0.36432138 1.9 -175.04273 -201.67583 -228.43869 32.098003
315 13 -0.41524323 0.29188922 1.9 -2.9632266 8.4740574 -5.3541571 22.982019
315 13 -0.63129575 0.51515097 1.9 47.449049 21.071339 -57.29549 12.755162
316 14 -0.52504195 -0.083361921 1.9 90.641197 -179.76376 -292.7028 2.6389077
316 2 -0.22895144 -0.048612037 1.9 0.22119379 -0.22867488 -0.29414668 18.836783
316 1 -0.20500509 -0.014511915 1.9 -2.1376667 -6.7422158 -4.4416346 33.358073
317 14 0.17215649 0.44262214 1.9 261.79468 127.26464 -367.21002 32.799279
317 2 0.12732167 0.52120037 1.9 0.13421373 0.10612357 -0.9699239 40.451062
317 14 0.23150427 0.2461938 1.9 -5.7325325 -27.211601 -18.411672 31.328672
317 1 0.37437262 0.59525614 1.9 -0.60551703 -3.084058 -4.4439345 20.917978
317 1 0.19845894 0.33161767 1.9 -11.764275 -13.450139 -12.970792 14.578687
318 14 -0.89851725 -0.26308942 1.9 58.162397 49.029668 -866.85184 11.020742
318 3 -0.46033503 -0.19152509 1.9 -1.7745315 0.51569892 -1.3159092 38.586577
318 13 -0.74632067 -0.099774867 1.9 -22.845197 6.798034 -15.329845 24.117234
318 13 -0.49324266 -0.12234133 1.9 -7.2086062 -22.545484 -21.164834 11.78212
318 1 -0.63550132 0.075171585 1.9 -0.27849134 0.70930534 -0.80841895 35.684049
318 1 -0.57988821 -0.092464686 1.9 -0.15500626 0.098675145 -0.34389033 17.676596
318 6 -0.3428949 -0.23828641 1.9 0.37047877 0.33347116 -0.3733432 23.608916
318 5 -0.48217838 0.061179551 1.9 35.428668 45.557717 -69.120357 40.820502
319 14 -0.14553642 0.55947668 1.9 180.91128 290.83309 -311.47593 5.8688316
319 1 -0.29883342 0.5348146 1.9 -0.35129133 -0.45164653 -1.9849224 12.297275
319 2 -0.21015133 0.61909819 1.9 -0.035407628 0.094416055 -0.10250926 27.361052
319 1 -0.31686121 0.63770206 1.9 66.636345 147.20003 -102.80475 17.46375
320 14 -0.68075129 -0.34153863 1.9 -172.75264 41.118226 -388.90285 0.24119341
320 13 -0.4383388 -0.035369569 1.9 0.08899974 0.058879316 -0.11518447 32.149565
321 14 -0.60245424 -0.066234942 1.9 -221.58094 -201.76504 -241.25002 47.586889
321 6 -0.6604408 -0.14966123 1.9 22.872872 -6.3501867 -28.189335 24.012761
321 3 -0.28511228 0.22574807 1.9 -0.0028185419 0.052771134 -0.13669507 47.989543
321 3 -0.58574486 -0.084548664 1.9 -0.40912016 -0.51392166 -0.82007346 38.154254
321 6 -0.13861202 -0.1842723 1.9 0.088844992 0.13777902 -0.13692446 7.0774715
322 14 -0.38870902 -0.33896416 1.9 367.64837 237.11362 -387.10646 35.204041
322 13 -0.47012061 -0.62083066 1.9 0.48748812 0.072142177 -0.4038593 28.442842
322 1 -0.6431167 -0.50114498 1.9 -0.10837027 -0.67159263 -3.2805035 41.071275
323 14 -0.51573398 0.30396644 1.9 684.72983 502.55816 -931.79908 41.387778
323 5 -0.37438416 0.20553202 1.9 1.2327332 3.1998792 -4.4018532 22.985582
323 1 -0.24705235 0.43102744 1.9 0.10220148 -4.4687186 -3.6700926 7.977784
323 5 -0.55293489 0.19023352 1.9 -0.2276322 0.26452103 -1.1586532 35.960923
323 5 -0.38542424 0.20982704 1.9 0.89738875 0.62571671 -1.4873394 13.378152
324 14 -0.25529567 0.57390506 1.9 -59.482081 -611.80299 -590.76241 31.76834
324 5 -0.20410155 0.45694967 1.9 3.1650052 -19.358527 -37.094532 18.021661
324 1 -0.19830534 0.41122069 1.9 -0.30337481 0.01160387 -0.44099691 47.907397
324 14 -0.2321743 0.17627059 1.9 -0.17959807 0.06265295 -0.17318001 0.94152525
324 3 -0.29157128 0.4422183 1.9 38.362186 -10.310708 -30.364536 32.425045
325 14 0.55923916 0.19872685 1.9 -248.48912 161.28749 -261.94826 29.520491
325 5 0.50969862 0.025501227 1.9 -0.93038124 0.51712416 -0.99837782 49.074916
325 5 0.41164606 0.25857586 1.9 53.560108 64.131092 -111.92852 24.795086
325 1 0.44579643 0.26594139 1.9 -0.028578008 0.06886859 -0.21809347 26.969546
326 14 0.20491378 0.58157518 1.9 -108.08216 305.95885 -232.06487 2.7149594
326 6 0.21805586 0.29039829 1.9 -1.3307843 -27.382844 -22.032935 5.4864913
326 6 0.21524287 0.21280482 1.9 0.39200934 0.50540646 -1.8684817 49.428948
327 14 -0.38649884 -0.066865862 1.9 118.37452 152.43572 -320.21799 27.297243
327 2 -0.39411799 0.05163678 1.9 -0.095941975 -0.046908559 -0.097087995 8.2409477
327 1 -0.29890172 0.022942504 1.9 0.28333152 -3.3321188 -6.1136474 8.7605652
327 1 -0.15992478 0.034904186 1.9 -2.1178976 2.1547555 -4.8977282 20.60475
327 2 -0.56288074 0.25089638 1.9 48.40312 -92.413142 -150.08271 6.3898004
327 6 -0.39058222 -0.12064307 1.9 -0.027288623 -0.2929355 -0.26095753 42.729687
328 14 0.031209488 -0.39380581 1.9 253.59454 -190.32594 -219.29648 11.381329
328 5 0.033529037 -0.42428428 1.9 7.9337434 -14.707838 -40.950161 30.471348
328 2 -0.10289093 -0.2757393 1.9 -0.42499299 -1.6975632 -1.0137888 43.716624
329 14 -0.10897998 -0.011912018 1.9 487.67576 -330.74926 -658.17624 11.114963
329 5 -0.33546063 -0.16207534 1.9 5.007989 -5.1647631 -14.382467 35.304028
329 3 -0.35739253 -0.55472316 1.9 -1.3966903 -2.9308978 -2.4895197 4.1407029
329 6 -0.21381285 -0.11777917 1.9 -36.398138 -82.803386 -65.205491 14.924316
329 6 -0.15013197 -0.52924253 1.9 0.4093869 -3.2392332 -2.4792598 9.9953686
329 2 -0.048763661 0.081995831 1.9 0.5841864 -0.2437248 -0.41362901 31.455368
329 14 -0.23979064 -0.43988232 1.9 1.7722865 0.90062171 -1.229371 46.178522
329 1 0.079207006 -0.31594527 1.9 15.842664 -22.120754 -24.13242 30.181017
330 14 -0.7372629 -0.15430172 1.9 273.01134 -49.291202 -265.66073 5.8184145
330 5 -0.50995589 -0.49949941 1.9 4.6427878 5.6234083 -91.347175 24.874832
330 13 -0.77631751 -0.38729254 1.9 0.031020881 -0.028874775 -0.10820437 23.017749
331 14 -0.52269365 0.02596878 1.9 -140.08861 -469.05431 -369.55101 49.860403
331 13 -0.36390407 -0.12881506 1.9 -48.526381 52.022957 -44.585997 49.638183
331 5 -0.32995474 -0.4201439 1.9 -0.13402602 -0.09447118 -0.53309983 13.463382
331 6 -0.51759065 -0.098908493 1.9 2.1229095 3.3908346 -2.6503746 11.88364
332 14 -0.11357402 0.64680973 1.9 -56.363909 258.08499 -526.42614 2.9288855
332 5 0.41522602 0.30275788 1.9 -0.22307236 -0.18086675 -0.64462588 32.256192
332 1 0.32013355 0.57433942 1.9 -132.64474 -88.967257 -99.473435 43.691292
332 14 0.065170439 0.31481468 1.9 48.145733 -9.2329075 -37.146507 13.958714
333 14 0.53278785 0.64997793 1.9 -784.54836 -38.022768 -567.89575 40.857613
333 13 0.42210172 0.63483671 1.9 -6.6367088 24.096827 -16.234293 8.2259774
333 2 0.55330481 0.84340172 1.9 4.3734311 0.65929775 -6.3307586 48.978041
333 14 0.47532003 0.35452275 1.9 377.00711 -85.849529 -290.99226 4.8672453
333 3 0.38051886 0.30903706 1.9 0.061089848 0.21296059 -0.36595366 17.499819
333 2 0.36989796 0.46359153 1.9 -1.3694074 1.2613496 -1.4762103 47.523101
333 13 0.67772626 0.56281642 1.9 1.0196737 -1.0185158 -0.93958576 15.896392
334 14 0.033277304 0.18375441 1.9 -651.52158 173.80416 -432.61031 23.93389
334 14 0.22248537 0.27058972 1.9 6.9532251 21.275523 -24.570076 41.957212
334 14 0.1287056 0.31117108 1.9 0.8843521 2.1542255 -3.3342587 45.209452
334 5 -0.022803746 0.28920126 1.9 14.411699 6.7111197 -20.624813 2.9597802
335 14 0.38048973 -0.071560289 1.9 31.898459 -99.795101 -380.90591 27.284679
335 2 0.02497711 0.13747979 1.9 49.748195 -85.144913 -147.73107 2.2994535
335 13 0.089743281 0.13478545 1.9 -0.18624541 0.13361732 -0.473091 15.313885
336 14 -0.36012532 0.19614031 1.9 143.11359 243.80915 -318.59759 33.823957
336 3 -0.070468435 0.1686145 1.9 0.24268356 0.1715335 -0.20925779 15.327336
336 6 -0.56041734 -0.046765919 1.9 -2.2218087 -8.2907795 -7.5515053 30.153427
336 3 -0.35389184 0.37812101 1.9 0.096776684 -0.045184407 -0.11881811 36.684435
337 14 0.34501437 0.44746738 1.9 -421.97243 -726.61753 -516.58584 25.178753
337 1 0.20765489 0.36004217 1.9 -0.44968857 0.07765978 -0.52558136 29.358837
337 3 0.31800645 0.62510743 1.9 12.99501 1.4710347 -15.16444 44.717845
337 6 0.50536311 0.61300113 1.9 1.3105291 -0.29370582 -0.86150329 32.13683
337 2 0.61932358 0.4150131 1.9 0.78842571 0.033730831 -0.64349765 30.337427
337 2 0.54549798 0.054937639 1.9 0.077198989 -9.3566635 -16.719784 22.80709
338 14 -0.020944603 -0.072354655 1.9 187.02142 0.1915788 -412.81128 25.294085
338 2 -0.012545879 -0.14863228 1.9 -57.756217 161.12474 -111.98081 1.0521246
338 2 -0.28007723 -0.094795704 1.9 -17.611937 -40.57255 -58.575752 28.53893
338 5 0.20195684 -0.22507454 1.9 0.03931303 0.17956671 -0.16306543 22.04242
338 2 -0.019737368 0.073809661 1.9 -76.467048 -181.32712 -115.85365 33.424195
338 5 -0.050958159 0.12744883 1.9 0.13314783 -0.028238609 -0.13889521 34.668252
338 1 -0.2089665 -0.13806619 1.9 17.598252 -29.509847 -78.079726 15.540688
338 14 -0.34481185 -0.24221638 1.9 -6.9181827 2.5308994 -19.225391 14.217502
339 14 0.11048827 -0.25176588 1.9 756.50757 -342.86044 -832.40743 17.230768
339 1 0.13799031 -0.049020528 1.9 1.3663476 -15.962091 -15.128611 0.39982199
340 14 -0.4324308 0.18494821 1.9 76.883798 -239.91857 -327.28283 38.820676
340 13 -0.23019216 0.09921234 1.9 -0.9760626 -0.81188391 -1.1233114 17.202161
340 14 -0.24849261 0.21006344 1.9 124.9296 -1.4564839 -130.17243 21.02389
340 2 -0.34318498 0.0010852697 1.9 -1.8910494 -2.1174352 -2.7209636 2.5210816
340 1 -0.31790681 0.44247213 1.9 -0.29802102 0.080356843 -1.2959631 12.932521
340 3 -0.22667327 0.45015677 1.9 -0.2267728 67.13904 -40.945767 36.74947
340 13 -0.49568472 0.085197055 1.9 0.33424277 16.915758 -13.874617 47.709532
340 1 -0.34641281 0.13663654 1.9 -0.22527377 -0.089160385 -0.1717491 23.873053
341 14 0.50170987 0.61840633 1.9 29.542158 132.21079 -377.39956 44.625503
341 5 0.46879936 0.4301848 1.9 -0.1033427 -2.7983911 -4.7758362 26.706759
341 2 0.53956521 0.65515964 1.9 0.21517747 0.91570547 -0.63014464 26.215406
341 13 0.53294604 0.34833366 1.9 -0.90144529 -0.75076301 -1.4215409 40.058335
342 14 0.55993836 -0.48867645 1.9 -275.4858 -45.324826 -355.61968 11.585661
342 13 0.40871035 -0.71312005 1.9 0.41594574 4.0282521 -3.9193937 41.264386
342 3 0.30359946 -0.35918944 1.9 -1.313564 -2.9233126 -2.0433832 33.299137
342 14 0.61478055 -0.52298 1.9 50.529533 -42.76547 -191.08439 15.822507
342 2 0.78308143 -0.53330387 1.9 -0.13101376 -0.13631034 -0.3783602 5.920317
342 2 0.27057607 -0.59611258 1.9 0.094290012 -0.013463544 -0.14363173 2.8269025
343 14 0.51094062 -0.31583322 1.9 72.033984 664.29564 -454.05445 41.768426
343 14 0.19382471 -0.19007781 1.9 0.020529721 -2.0686474 -12.44987 7.5545277
343 13 0.40397279 -0.11345817 1.9 0.37020702 -0.036644736 -0.63596671 40.412295
343 5 0.3421273 0.055463883 1.9 10.596544 7.477025 -9.0130341 35.80495
343 14 0.16806474 -0.58077855 1.9 15.455803 -52.72792 -50.488134 16.705844
343 3 0.47292741 -0.24632089 1.9 52.575168 6.5355246 -81.024396 36.372985
344 14 -0.65603605 -0.41153509 1.9 -448.83628 -221.29433 -610.10286 29.746455
344 2 -0.88463125 -0.2748195 1.9 -2.024804 1.8878022 -2.1403688 16.073912
344 5 -0.35036005 -0.3485416 1.9 77.265593 59.679677 -206.5188 9.5164196
344 2 -0.79510394 -0.318585 1.9 8.5410984 9.0961673 -16.454496 20.460243
344 5 -0.27558768 -0.13169697 1.9 0.11390281 -0.31411048 -0.50598626 46.604548
344 14 -0.55771476 -0.35050372 1.9 -3.5283257 3.8866731 -4.5799045 26.790385
344 2 -0.57757699 -0.19001237 1.9 0.11438001 0.11521429 -0.32633419 22.753687
345 14 -0.68433843 0.17729428 1.9 319.72445 284.48116 -399.07627 40.269407
345 3 -0.29924684 0.40841762 1.9 3.899669 -9.3486743 -44.571244 47.234756
345 6 -0.67360359 0.37469248 1.9 -44.947456 23.12724 -47.349317 21.915113
345 6 -0.351651 0.36812262 1.9 23.196107 4.4324385 -75.576505 27.150122
345 3 -0.60782132 -0.054832744 1.9 -12.364601 -14.757106 -13.871609 33.912833
346 14 -0.4231242 -0.32417902 1.9 -128.46787 -337.78645 -257.30318 36.31651
346 13 -0.55669405 -0.34661606 1.9 98.107635 60.752042 -79.571363 2.744705
346 14 -0.35225068 -0.32483044 1.9 3.6567901 3.4947083 -6.2001562 42.794703
346 2 -0.52909765 -0.21353813 1.9 1.6909894 -0.40074507 -8.0786606 4.1714272
347 14 -0.60396729 -0.21043267 1.9 953.36814 300.09517 -621.23967 42.786066
347 2 -0.44739859 -0.021636328 1.9 1.6655869 1.7030485 -1.5047097 26.107266
347 13 -0.7315352 -0.12591851 1.9 -0.087184511 0.41704517 -0.37947763 28.239378
347 5 -0.63311259 -0.17515306 1.9 23.013144 -2.0524439 -14.44742 44.191192
347 1 -0.48030926 -0.11654564 1.9 111.09039 -5.5004189 -139.02925 9.3085534
347 2 -0.70625925 -0.32833828 1.9 -0.60295454 0.391154 -1.1471495 22.80072
348 14 0.50405166 0.12351171 1.9 -15.098785 -20.229229 -426.93258 0.12783799
348 5 0.41004037 0.17936599 1.9 0.57779232 -1.8794042 -1.9123315 49.662673
349 14 0.13986155 0.69759334 1.9 269.00081 -88.256543 -223.93903 43.655726
349 3 0.060848258 0.41862887 1.9 3.427735 3.3340471 -4.6879567 45.120118
349 1 0.070852733 0.62754878 1.9 0.0018012706 0.02636653 -0.18613957 18.863315
349 2 0.24117178 0.41268348 1.9 -15.810987 -8.9401169 -17.469767 28.10905
349 3 0.23286198 0.45296175 1.9 0.37864017 0.71117699 -0.92607323 5.1455783
349 2 -0.10336303 0.45861393 1.9 0.097682111 -0.21382964 -0.40783807 8.8814132
349 14 0.08534692 0.42080666 1.9 -94.571795 77.680054 -128.88313 19.462888
350 14 0.38970252 0.037742073 1.9 -147.73575 446.3014 -273.79187 39.537932
350 6 0.33065403 0.42797063 1.9 -1.7120248 0.98565942 -2.1434239 8.4777203
351 14 0.11883569 -0.061150356 1.9 -35.240009 -121.93138 -352.25935 29.833464
351 13 0.00071479079 -0.20411292 1.9 -0.32181489 -0.13813554 -0.20243311 42.938743
351 14 0.21189514 0.13431094 1.9 0.14764545 0.041868645 -0.15908884 14.65546
351 13 0.26238807 -0.39518546 1.9 2.8515597 -0.53297142 -1.9892786 1.5625922
351 3 0.10712291 -0.20998445 1.9 0.18274713 -0.082880977 -0.11657495 8.5430532
351 2 0.19123407 -0.078802011 1.9 -0.27970621 0.3312854 -0.64870417 36.582268
351 6 0.17784637 -0.19847509 1.9 -2.8158283 4.0185046 -5.3994828 27.011814
351 5 0.18234818 -0.11658554 1.9 8.4654498 -3.5469638 -5.3490398 45.742989
352 14 -0.78245461 -0.075050227 1.9 -3563.7238 -1980.1175 -3754.5137 15.750239
352 2 -0.41065078 -0.10977758 1.9 2.4742665 -1.644434 -2.0000679 39.657892
352 13 -0.62907081 0.077415073 1.9 -340.71522 1444.3934 -1418.9225 3.7911026
352 5 -0.77289846 -0.37401166 1.9 -114.25067 89.43737 -148.77626 31.810645
352 5 -0.67381828 -0.62899985 1.9 -3.1669272 -3.3371918 -7.6872409 47.72698
352 1 -0.54545932 -0.015458004 1.9 0.27857731 -0.15607859 -3.0229629 11.652795
352 5 -0.80846956 -0.2613443 1.9 209.25861 3.2224412 -124.02063 19.450338
353 14 -0.60602245 0.09807498 1.9 171.77961 30.215471 -696.45484 31.751528
353 6 -0.55589329 0.17371848 1.9 -0.24973404 0.42718565 -0.48471285 13.205068
354 14 -0.53303001 0.021813803 1.9 240.79461 99.741168 -456.74778 0.59916443
354 1 -0.47190654 0.19621579 1.9 -37.937753 17.470539 -27.192333 20.263849
354 14 -0.60128241 -0.15409613 1.9 10.394946 -19.11823 -31.171656 45.708233
354 14 -0.30427494 -0.077387851 1.9 -0.40485039 -0.38083105 -0.57762125 30.503272
354 2 -0.57169061 -0.16284581 1.9 0.023887258 -0.641089 -0.49194471 8.7794219
355 14 0.11882517 -0.0086251715 1.9 -72.971327 -72.887318 -475.64189 43.454877
355 14 0.051006145 0.256365 1.9 -5.8567034 -6.1462577 -103.56323 20.993589
355 14 -0.16977831 0.24505606 1.9 -3.6004068 1.5611849 -3.5385792 16.46633
355 1 0.09074949 0.39535461 1.9 -14.186896 -18.946451 -23.618795 19.746606
355 2 -0.096006266 0.11463036 1.9 -0.53967225 0.25180666 -1.4675144 41.581289
355 13 0.062208023 0.098335564 1.9 -0.64156729 2.2602976 -2.5000992 14.145872
355 6 -0.10715582 0.13846584 1.9 -0.7300128 -3.8380973 -2.5073045 28.501362
356 14 0.47695073 -0.54785109 1.9 -63.801921 -389.39407 -284.172 31.512933
356 3 0.39027152 -0.37960086 1.9 -0.30629478 0.1953452 -1.0492606 40.701072
356 2 0.3935148 0.037644549 1.9 6.9475169 70.004279 -48.874809 49.533874
356 5 0.38025294 -0.22652339 1.9 -3.4137949 -0.34991247 -6.3586629 31.714437
356 6 0.38623176 -0.06265169 1.9 1.6202312 3.5592718 -3.2008684 49.434719
356 6 0.28716371 -0.15443894 1.9 0.060313312 59.477684 -66.911795 11.926264
357 14 -0.35798713 0.40792707 1.9 246.76938 -182.63472 -225.33056 33.326392
357 14 -0.51439969 0.25527295 1.9 2.6972652 1.6880279 -1.9073982 44.241001
357 3 -0.29070805 0.26707264 1.9 1.0187364 2.345858 -4.1473819 32.577618
357 14 -0.36621333 0.42215809 1.9 -1.6441918 -5.9764475 -37.561259 47.81637
357 5 -0.28430629 0.63205346 1.9 1.3453519 -1.5941159 -3.9204237 6.2401971
357 14 -0.43154667 0.22970212 1.9 -0.27618313 -0.0074656269 -0.17585309 11.972359
357 13 -0.23586099 0.41828526 1.9 -14.904351 32.345918 -57.56132 16.222937
358 14 -0.73003302 -0.51407367 1.9 -281.21054 -140.81185 -271.96274 15.452513
358 2 -0.63560021 -0.5044821 1.9 0.060437226 0.033569648 -0.098444309 41.525101
358 2 -0.42872574 -0.59152417 1.9 -3.51289 -2.3417613 -4.3645462 47.028519
358 14 -0.66137893 -0.47522979 1.9 -2.2490129 2.1201963 -2.1074219 23.46073
358 3 -0.22421469 -0.53183552 1.9 0.41768503 0.43058864 -2.0127474 17.632385
359 14 0.0092669857 -0.14400856 1.9 -154.69881 62.371657 -758.54119 14.582433
359 5 0.062264418 -0.010776719 1.9 2.6704652 -5.0261852 -5.2344631 20.352272
359 1 -0.21743057 0.12922093 1.9 0.10815507 -0.24852301 -0.2130958 44.148684
359 3 0.11296241 0.37421793 1.9 11.964247 15.600958 -149.16863 31.590293
360 14 0.56993879 0.033958349 1.9 556.35663 -584.19565 -482.97188 21.731983
360 6 0.32894032 -0.5183151 1.9 0.56110349 9.0921611 -15.349499 38.094211
360 2 0.19843357 -0.48728483 1.9 381.29797 27.02078 -370.42555 13.663245
361 14 0.40554118 -0.4498163 1.9 298.40346 -37.7123 -379.76976 15.33713
361 2 0.43935174 -0.21221007 1.9 0.042104065 0.048514341 -0.17278352 30.158938
361 2 0.19677169 -0.13591433 1.9 -0.34643629 1.7038812 -1.4598836 19.940246
361 1 0.45273605 -0.34286147 1.9 -74.311168 104.43978 -200.82178 38.064864
361 6 0.20249655 -0.19646414 1.9 1.0378652 -2.5498872 -1.6663914 9.2463123
362 14 -0.37739127 -0.19017971 1.9 318.37534 -238.25163 -344.21044 31.230101
362 2 -0.26687967 0.016754357 1.9 8.5071381 -1.2926961 -6.6299706 38.263765
362 5 -0.47585245 0.015324183 1.9 -0.3100654 -0.035058377 -0.2307583 14.62702
362 3 -0.32858654 -0.27877245 1.9 4.6300775 5.3334479 -6.0993842 49.207348
363 14 0.069733533 -0.48474542 1.9 -1601.9394 2246.4988 -2102.5276 5.0037351
363 13 0.18823887 -0.4493205 1.9 -7.1524457 -5.0043647 -7.0983187 18.681084
363 5 0.39681666 -0.40056125 1.9 -51.589675 82.240831 -95.549975 41.395655
363 3 -0.17042298 -0.29891503 1.9 1.4348726 -0.41557542 -1.3527418 12.228805
364 14 0.15771584 0.034047311 1.9 -334.98421 -574.6859 -597.16263 39.198945
364 6 0.27798815 0.15962391 1.9 1.3637144 0.25454617 -1.4830352 47.585436
364 1 0.17079022 0.10968876 1.9 -0.18763542 0.22263143 -0.29014068 38.68726
364 2 0.35534054 0.0067091264 1.9 -3.9473552 4.7653532 -6.9216852 46.974342
364 3 -0.11001341 0.06865724 1.9 0.29842888 0.022837656 -0.26860118 30.482305
364 1 0.23074163 -0.16647562 1.9 0.13777301 1.1651289 -3.1801389 41.910325
365 14 0.26570167 -0.22385919 1.9 -96.296674 264.78217 -218.76447 45.248687
365 14 0.25908917 -0.2804196 1.9 -2.0029569 -1.5418072 -3.2306737 18.526274
365 14 0.69993388 -0.16900037 1.9 -0.07500215 0.15092527 -5.5150802 25.52706
365 5 0.43288356 -0.054910094 1.9 -1.4288144 1.4018964 -1.6885039 1.2741211
365 3 0.37479971 -0.27931907 1.9 -0.023834775 0.19449169 -0.61237184 30.720457
365 5 0.3966676 0.034999488 1.9 -22.063179 8.408944 -34.812805 37.869567
366 14 -0.34909473 -0.43909093 1.9 821.57254 -312.29715 -1155.946 30.239362
366 14 -0.11657413 -0.53174322 1.9 -35.287196 110.82835 -303.28249 10.306416
367 14 0.41057296 -0.26664423 1.9 413.41544 146.52271 -415.04876 6.5846995
367 1 0.4918233 -0.20911389 1.9 0.11963588 0.029268301 -0.23771029 7.3902419
367 6 0.38651009 -0.3372306 1.9 -41.367043 -80.210027 -104.94206 35.928105
367 2 0.48557357 0.013609482 1.9 15.941326 14.61335 -26.820551 6.732532
367 13 0.74533001 -0.51577786 1.9 4.6359214 2.5322004 -9.2585381 38.086671
367 14 0.41538253 -0.24113426 1.9 -0.28203933 -0.28381663 -0.60892109 13.829983
368 14 0.34861037 0.3840724 1.9 -15.964166 201.37615 -410.98466 2.5324882
368 6 0.52679349 0.083669846 1.9 -106.43793 19.494365 -64.310819 39.603145
368 2 0.39963782 0.27280711 1.9 -0.73150657 -0.37519665 -2.3863229 42.357192
369 14 0.12452062 -0.027343878 1.9 -46.894619 192.2087 -433.11539 43.980888
369 2 -0.037400696 -0.2016367 1.9 7.5434746 -1.9865384 -13.437113 7.0200241
369 1 0.22469246 -0.27552096 1.9 7.378343 -4.3109415 -16.921286 20.911165
370 14 -0.17225287 -0.20116613 1.9 -588.36577 269.8299 -536.36024 38.422412
370 14 0.30902594 -0.45072524 1.9 -3.2754659 -23.648872 -15.143773 22.343508
370 6 0.081649232 -0.25404739 1.9 54.606514 -77.643131 -69.184931 10.091338
370 6 0.15366976 -0.52582216 1.9 -4.5922471 4.816682 -25.594322 3.5841324
370 3 0.083823463 -0.52974297 1.9 -14.795611 9.5125484 -12.842944 2.8241811
370 14 0.079183786 -0.47204994 1.9 0.055232699 -0.10933672 -0.45541267 37.300976
370 5 0.13773556 -0.19520878 1.9 0.60873557 -0.32138941 -0.49355783 37.158494
371 14 0.21123734 -0.4131952 1.9 -395.10396 125.50915 -298.75197 9.8231693
371 13 0.32465188 -0.23720134 1.9 48.901217 16.253564 -113.94418 31.075172
371 2 0.40879624 -0.23065527 1.9 16.732191 -11.849053 -12.709702 15.618944
371 3 0.49623542 -0.4006331 1.9 59.217597 -45.684598 -117.55541 22.352644
371 3 0.64210184 -0.51875961 1.9 1.5097502 -0.2708372 -3.7286943 41.559282
371 3 0.3326682 -0.36059917 1.9 0.39966204 0.055899032 -0.374801 23.333146
371 5 0.19708579 -0.30525876 1.9 -2.0583516 1.099994 -1.555259 1.2120498
372 14 -0.63327996 -0.48365188 1.9 -114.63375 27.181044 -438.3393 30.295106
372 14 -0.47703405 -0.78585324 1.9 -0.73487689 -4.7551884 -4.8805431 19.298084
372 2 -0.83638679 -0.40837499 1.9 -0.0060588516 -0.10530018 -0.90569114 10.546111
372 1 -0.46649416 -0.86106786 1.9 -7.9911965 -18.387847 -19.792571 37.39013
372 3 -0.52766499 -0.68745692 1.9 -0.95327697 0.045683521 -7.4064392 3.2966416
372 14 -0.66276758 -0.65943163 1.9 -6.4773128 -36.404858 -170.70511 20.806727
373 14 -0.33244387 -0.062733421 1.9 -565.14205 370.27814 -695.95495 31.928951
373 1 -0.33939434 -0.26057938 1.9 19.249483 -36.915707 -27.164525 27.432236
373 6 -0.34499561 -0.44780051 1.9 1.0203319 -1.2955221 -1.3254052 46.714663
373 6 -0.42651595 -0.082312275 1.9 -0.2031283 0.13748418 -0.17520414 28.435113
373 3 -0.13617724 -0.26829735 1.9 -1.6514487 -0.29434431 -1.5550001 10.68788
373 13 -0.307863 -0.25756257 1.9 -0.48565262 -0.12966864 -0.75003597 44.86932
373 3 -0.50431989 -0.066813591 1.9 -25.297267 53.780395 -60.862193 37.643679
374 14 0.58435862 0.70511584 1.9 328.60045 45.734436 -519.454 20.321723
374 13 0.40806356 0.6297659 1.9 1.3956257 -0.41325379 -1.0611582 38.953209
374 5 0.35472512 0.58034055 1.9 -0.72073612 0.99072339 -1.7550282 6.854867
374 14 0.56421328 0.45736488 1.9 -0.033355482 -0.26429554 -0.4024722 42.139728
374 2 0.64419995 0.79647395 1.9 -4.2724221 -5.1225082 -6.637075 9.1748569
374 6 0.75687877 0.53055674 1.9 -0.9411007 1.361565 -1.8028395 49.136594
374 2 0.29145974 0.64566623 1.9 -0.77443116 0.19378051 -2.5109916 30.921587
374 1 0.5094781 0.5077411 1.9 -183.24745 -122.55533 -132.72271 40.671411
375 14 -0.15021955 0.20420768 1.9 441.04897 2137.0897 -3017.9209 17.545627
375 14 -0.55428945 0.13029291 1.9 247.5973 -181.02517 -543.52928 13.587934
376 14 -0.45741069 0.38118767 1.9 697.84228 -2661.4171 -3222.2927 43.403788
376 5 -0.20939987 0.4992496 1.9 -161.20393 -51.42594 -136.17967 8.6653072
376 13 -0.34344201 0.33389771 1.9 -1.1165853 -1.7877699 -1.2885878 33.051365
376 1 -0.30619417 0.43933691 1.9 -572.55729 336.16931 -885.93389 8.8044665
376 1 -0.38161047 0.41592404 1.9 -211.54605 64.11479 -784.19533 46.075959
376 2 -0.51954881 0.39620834 1.9 -3.4617046 1.301106 -7.4527021 38.090045
376 3 -0.46401628 0.47059782 1.9 -0.23506831 -1.0239518 -0.71351887 13.917738
377 14 -0.077199065 -0.061631513 1.9 -239.40031 -242.40794 -210.05589 1.3007087
377 3 -0.24363198 -0.012668829 1.9 -0.17705759 0.3033066 -0.31041786 46.760254
377 13 0.019911091 -0.33659318 1.9 5.3567229 -10.568598 -17.285401 28.21975
377 14 -0.10318791 -0.31643218 1.9 1.9832783 -1.1376476 -6.2349367 12.041264
377 13 0.093762801 -0.30607773 1.9 -11.030435 -6.0554403 -12.83921 37.765355
377 14 -0.21775817 -0.29818121 1.9 -8.263194 -46.608561 -31.171191 11.411276
377 13 -0.05360161 -0.21485363 1.9 -2.0119545 0.95415878 -2.2394364 29.298634
377 13 -0.073545045 -0.61016132 1.9 11.588443 -7.0136934 -19.71699 20.799716
378 14 -0.44555369 -0.3292677 1.9 -83.960868 -251.40617 -321.10687 33.37212
378 5 -0.40699128 -0.73257396 1.9 5.3380332 2.8513395 -4.4446025 19.491977
378 5 -0.35059342 -0.69316429 1.9 0.3035898 0.27721701 -0.8874846 0.61017901
378 14 -0.25255588 -0.7093341 1.9 30.314171 -1.8223701 -58.891 42.438368
378 14 -0.34873536 -0.85904857 1.9 -8.884427 1.894186 -12.711349 17.182971
378 3 -0.44270751 -0.3829459 1.9 -59.97465 -127.26116 -98.72836 0.72864511
378 13 -0.36598148 -0.36038129 1.9 -0.22816407 -0.44559292 -1.0797618 22.221744
379 14 0.30860115 -0.40826022 1.9 -294.45199 44.151587 -355.89017 11.228588
379 3 0.22247051 -0.22455256 1.9 -10.983732 2.8215785 -27.928907 5.5631817
379 5 0.23865056 -0.12353701 1.9 13.863371 -6.7972076 -17.055877 43.350136
379 14 0.64919567 -0.64485433 1.9 -30.097504 192.1516 -135.87169 49.019854
379 1 0.27578535 -0.60716708 1.9 -0.3656175 0.61919488 -0.67406482 43.029814
380 14 0.2292184 -0.61454865 1.9 -220.69435 427.80378 -2029.6773 18.447455
380 6 0.25286178 -0.4064686 1.9 1.4311633 -0.63898444 -1.3293845 48.69282
380 14 0.30748567 -0.58246781 1.9 -2.3819572 -1.0671418 -1.7920692 32.983956
380 5 0.21848486 -0.43967111 1.9 41.907245 -195.60395 -187.75562 19.462663
380 5 0.24809498 -0.66341482 1.9 0.54977443 -0.28869684 -0.93889219 12.582338
380 14 0.37692906 -0.60168798 1.9 -29.040529 -113.98652 -521.34899 35.220663
381 14 -0.92501146 -0.61580109 1.9 156.84523 -252.50918 -225.81207 36.009449
381 5 -0.45702603 -0.93809897 1.9 -0.24792546 0.023119882 -0.22315244 23.1699
382 14 0.43490533 -0.1323893 1.9 370.21618 12.335488 -387.03165 16.416793
382 6 0.41339127 -0.24639802 1.9 2.5127671 -6.930666 -5.8376865 49.804289
382 14 0.42019377 -0.35132176 1.9 10.313142 4.5920412 -14.298323 48.536074
382 3 0.54723013 -0.11901107 1.9 1.0561375 -1.5104739 -10.635174 7.1237888
382 3 0.79268915 -0.20798973 1.9 14.298213 -9.4524407 -30.737611 30.57591
382 2 0.58543817 -0.31406322 1.9 0.87034362 -0.2675957 -1.1447268 47.122925
382 13 0.5468986 -0.16039353 1.9 99.651179 -7.6610131 -172.83985 0.30062071
382 6 0.52695604 -0.31408274 1.9 0.31416316 -0.21177529 -0.32809968 30.910899
383 14 0.70235386 0.37867946 1.9 171.78919 -290.61888 -281.40725 42.756165
383 13 0.57140741 0.53229061 1.9 36.014347 3.1550406 -52.456977 29.050998
383 14 0.67804038 -0.0020954846 1.9 -2.8845557 -28.712393 -27.81022 26.55927
383 6 0.50726076 0.53156746 1.9 -16.128289 65.035166 -43.415514 25.781768
383 5 0.75856505 0.25306152 1.9 0.17861258 0.25226295 -0.31473731 46.394977
383 6 0.56729808 0.31049592 1.9 0.14586071 0.19226721 -0.32807347 41.370868
383 1 0.55486541 0.29677854 1.9 0.95061804 -1.0250925 -2.3315244 35.616616
383 1 0.20051632 0.37208623 1.9 -10.621668 -16.230029 -19.67357 22.633995
384 14 -0.50841316 0.32136695 1.9 -74.516918 359.962 -300.21541 41.458282
384 14 -0.39397887 0.27344126 1.9 0.34215489 1.3993846 -1.2493107 34.847859
384 1 -0.15534773 0.38603156 1.9 -0.078618151 0.06883462 -0.27539062 24.1762
384 2 -0.22778522 0.18721149 1.9 -107.80789 50.381868 -119.70091 45.103378
384 1 -0.09769133 0.37396557 1.9 66.89722 72.98289 -75.582444 31.096366
384 2 -0.25551953 0.45239287 1.9 -0.70197506 -0.84232131 -2.046254 3.7778621
384 3 -0.23387483 0.45460695 1.9 -0.33797408 -0.057062499 -0.29271889 37.17479
384 5 -0.17694814 0.59373946 1.9 0.0095574458 0.48885336 -0.58103085 28.030961
385 14 0.47606473 0.0019686518 1.9 26.567607 -7.473699 -356.6218 17.734483
385 3 0.39240201 0.26447367 1.9 0.033223694 0.2422544 -0.30359794 28.395071
385 13 0.15397951 0.11009305 1.9 0.14665585 0.076171465 -0.67445931 39.534906
385 3 0.57485058 -0.040960645 1.9 -0.56736796 0.1015809 -3.1242181 30.341317
386 14 -0.27537693 0.3216396 1.9 27.868126 -154.37449 -416.75637 24.815361
386 6 -0.36400525 -0.035067787 1.9 0.85125476 -0.54048103 -3.5189639 17.072615
386 2 -0.35224087 0.20670385 1.9 0.78615552 -0.92505655 -4.2586404 22.989162
386 6 -0.2076098 0.56262343 1.9 -0.093146719 0.24768419 -0.43235823 12.724742
386 1 -0.1808656 0.26271039 1.9 10.855466 -8.0227847 -27.361216 26.73981
386 5 0.13742676 0.19236368 1.9 -0.090583302 -0.18266184 -0.21497424 28.220173
386 13 -0.27204062 -0.14122344 1.9 0.30769957 -0.41752239 -0.56385704 29.114133
386 13 -0.26756592 0.56231972 1.9 -0.052027987 0.10097518 -0.067400077 36.746352
387 14 -0.33577948 -0.63291187 1.9 195.94461 -620.15345 -455.68901 39.871253
387 13 -0.11978447 -0.53473796 1.9 103.74692 -259.49159 -315.02641 3.9997841
387 14 0.052026617 -0.53483655 1.9 11.059002 -21.662193 -25.349914 33.864685
388 14 -0.7030182 0.22901939 1.9 417.88092 141.36689 -373.05671 29.51084
388 3 -0.46445924 0.14585114 1.9 -54.403092 64.486143 -164.39066 44.177722
388 5 -0.58255607 0.20164107 1.9 -44.797863 -102.54152 -68.949753 35.092592
389 14 -0.24099021 -0.37972127 1.9 -41.94827 162.69889 -345.3466 10.693481
389 6 0.01372586 -0.26566769 1.9 -0.55935939 -1.5067346 -3.2613257 2.793849
390 14 -0.30476926 -0.27409732 1.9 490.74529 -272.94008 -384.53324 41.073958
390 13 -0.49282262 -0.16106007 1.9 -1.8532935 -1.1031286 -1.8291196 5.0189558
391 14 -0.51274321 -0.71794017 1.9 -143.95606 -237.90342 -434.85576 49.366429
391 1 -0.57791147 -0.67236134 1.9 0.12239724 0.012041712 -0.093808012 12.754525
391 2 -0.2166162 -0.48264486 1.9 2.4353312 2.0457197 -4.3490752 40.378029
391 13 -0.1117927 -0.25584557 1.9 2.1244391 -0.58727937 -1.6707311 39.334543
391 1 -0.1400483 -0.45759983 1.9 13.645111 -20.521826 -24.914428 33.538399
391 3 0.066925017 -0.63240664 1.9 66.764804 -5.3135393 -94.536587 11.007892
391 13 -0.17238198 -0.5593601 1.9 -11.436501 -2.989897 -11.230484 40.57365
392 14 0.57848113 -0.34601987 1.9 -782.95076 636.09697 -4630.1744 19.003939
392 13 0.27327893 -0.49933171 1.9 -0.9869158 0.66448313 -1.0587748 18.226291
392 1 0.64532141 -0.061294974 1.9 -1.3336257 2.3316314 -2.1717325 41.041186
392 6 0.45085453 -0.053825796 1.9 -223.70441 606.38749 -477.66917 3.7888376
393 14 -0.3237727 -0.56567728 1.9 -117.01609 -401.8055 -331.88995 18.371767
393 14 -0.13888522 -0.57288712 1.9 -0.37659808 0.36995328 -0.51498453 49.610135
393 13 -0.43247132 -0.40279451 1.9 39.363463 -186.9701 -128.35862 40.194551
394 14 0.59587508 -0.73763741 1.9 629.83583 -47.517068 -542.15287 6.2862003
394 3 0.58511957 -0.51770952 1.9 -0.54872106 0.20698969 -0.43687224 29.329551
394 13 0.78253171 -0.31876436 1.9 2.5069421 -0.87200143 -2.5971685 31.335464
395 14 -0.00478807 -0.56716089 1.9 227.13456 -210.79764 -274.05013 45.537177
395 6 0.17188207 -0.40664629 1.9 -0.5499859 -2.9154539 -2.1186607 27.384555
395 13 0.40765235 -0.1098832 1.9 0.11709126 0.67306086 -1.0297775 21.595451
395 6 0.29556384 -0.68302011 1.9 0.217916 0.1976679 -0.36392541 21.108458
396 14 -0.091395409 -0.12282906 1.9 415.23243 -138.99262 -311.58183 12.316897
396 3 0.015529219 -0.02570718 1.9 90.267413 61.592112 -194.20958 21.090252
396 13 -0.22803069 0.06923632 1.9 -56.327898 28.698869 -84.866517 49.075692
396 14 0.13688416 -0.26372806 1.9 -0.092662246 0.019896298 -0.12279564 39.167599
396 2 0.047209294 0.069432499 1.9 1.4160688 3.0674169 -2.6557644 44.770577
396 6 0.14457725 0.07691642 1.9 5.915868 3.2397937 -3.9650392 40.996787
396 13 0.39416463 0.011794904 1.9 -0.30588374 5.4966307 -13.191339 31.994911
397 14 0.16798805 0.59334548 1.9 -348.25275 144.00621 -304.78204 27.589384
397 5 0.19018188 0.70486926 1.9 -78.079607 -18.826312 -118.70619 2.7933615
397 2 0.31495648 0.51272903 1.9 -0.10253531 -0.1097366 -0.66876333 8.6381667
397 3 0.45198469 0.45380051 1.9 -80.306149 75.662127 -69.086477 47.410302
398 14 0.13127038 -0.14193955 1.9 761.57486 -1075.8597 -1323.1199 26.98161
398 14 0.036191799 -0.22768684 1.9 -7.6643375 11.223917 -11.913012 35.849271
398 3 0.17828352 -0.011628587 1.9 -0.56402553 -3.7328677 -2.7902294 11.214774
398 14 0.29946306 0.073938145 1.9 -362.72434 -311.06064 -608.28044 14.29234
399 14 -0.21959145 0.34734734 1.9 -38.017394 -25.790803 -369.44255 49.068294
399 6 -0.21637311 0.4512526 1.9 -1.9529975 4.7034152 -3.1021767 3.3652596
400 14 -0.59940031 -0.62089193 1.9 187.64427 41.934071 -325.89907 10.921096
400 6 -0.39922316 -0.31975441 1.9 -3.8207205 -3.7584051 -6.2006462 49.338671
400 2 -0.42689592 -0.81607675 1.9 0.12376389 0.019599328 -0.17659031 13.512703
400 5 -0.55363072 -0.48885562 1.9 -1.1320572 0.091860993 -1.937159 32.408984
400 3 -0.58107567 -0.25168431 1.9 -10.853508 -5.0454094 -10.373688 47.351802
400 5 -0.45292062 -0.47107658 1.9 -2.5610576 5.331594 -4.6589309 29.389619
401 14 -0.28941926 -0.4748837 1.9 211.3134 -14.056598 -302.28146 18.609114
401 6 -0.54101118 -0.19439264 1.9 0.3570968 -0.1290497 -0.31486018 31.747095
401 2 -0.74366205 -0.2792215 1.9 9.8132767 -121.11361 -126.35423 6.9523175
401 2 -0.28088958 -0.31971494 1.9 4.1512476 8.7655695 -7.0531898 9.1951915
401 1 -0.24805457 -0.19316451 1.9 0.9532006 3.637045 -4.4485772 18.822083
401 13 -0.36478871 -0.36932522 1.9 0.14716487 0.26452128 -0.27026688 10.855103
401 3 -0.36193985 -0.43430968 1.9 -27.858109 46.22019 -65.019855 41.398795
402 14 -0.44044184 0.53608952 1.9 339.71709 -345.14665 -393.91787 30.70506
402 1 -0.28747019 0.44855462 1.9 -1.3914071 -29.356824 -20.102994 20.495794
402 5 -0.14941785 0.26370434 1.9 -0.0031194375 0.036275149 -0.17895634 36.688343
403 14 -0.092960846 -0.48781664 1.9 608.11043 39.448647 -550.55849 8.8936925
403 13 -0.16804758 -0.38606901 1.9 -19.042793 -1.8505105 -50.704923 22.303264
403 3 0.13358278 -0.38270563 1.9 -0.14426992 -4.3424737 -6.267632 46.87788
404 14 0.52109824 -0.65427376 1.9 89.171004 197.10855 -331.31349 46.188804
404 6 0.29479172 -0.53591811 1.9 -9.5007645 -59.862275 -96.848117 1.128816
405 14 -0.070698082 -0.022962482 1.9 194.55587 914.84309 -778.47996 20.527222
405 5 -0.14264356 0.01185082 1.9 246.35615 40.056157 -255.00126 41.152749
405 3 -0.068934965 0.42752558 1.9 -131.14712 -5.753077 -262.94635 1.9596558
406 14 -0.12105711 -0.083057349 1.9 -200.30083 -124.53461 -313.45369 40.428493
406 5 0.1324122 -0.10077324 1.9 -0.19284896 0.45433456 -0.49826978 45.787885
406 5 0.076458214 -0.21916863 1.9 0.1555047 0.5174343 -0.40766653 4.7160592
406 5 0.028078287 -0.028270595 1.9 -0.10771101 -0.041061383 -0.14030598 36.363221
406 1 0.013953319 -0.14003737 1.9 -39.207057 -2.2910529 -23.400083 14.800561
406 3 0.05064128 -0.25117596 1.9 0.21089089 0.12729162 -0.30821505 31.555564
406 13 -0.023042262 -0.05415623 1.9 -3.0987854 -6.6086951 -9.6392218 41.386952
407 14 -0.20848545 0.26512321 1.9 -155.70485 -2625.3471 -4194.5851 22.394418
407 3 -0.40804983 0.41234586 1.9 -72.218114 179.47189 -149.55901 22.893945
407 2 -0.11237508 0.21880696 1.9 -6.7688864 -2.4390308 -9.1105787 42.4216
408 14 0.49309595 0.36996695 1.9 -548.97776 327.8565 -971.12564 46.825191
408 5 0.87688452 0.61346128 1.9 -0.33490222 0.078236734 -0.3588563 30.513456
408 14 1.0214462 0.4548639 1.9 1.1794509 -9.057209 -7.3688484 2.4136086
408 1 0.5709399 0.38641502 1.9 0.63032427 -0.57518243 -1.6558315 1.8649294
408 2 0.6584185 0.36085555 1.9 1.306836 1.8701698 -2.8696275 45.383036
408 13 0.47472639 0.662305 1.9 348.13751 260.61837 -270.58982 32.044464
408 13 0.51716657 0.2631078 1.9 -3.7575928 -25.686459 -32.773662 16.25012
408 3 0.84238324 0.35643811 1.9 -15.124716 -4.2262528 -15.309645 21.305986
409 14 -0.52777494 -0.36166773 1.9 1232.577 -447.24073 -1600.4393 42.359895
409 2 -0.27718937 0.025393116 1.9 -0.89550716 0.16156069 -6.2602354 8.890734
409 2 -0.60534793 -0.18558624 1.9 -57.513359 -36.454508 -42.418136 47.415628
409 5 -0.36123023 0.035254828 1.9 -2.168289 -2.484996 -6.8235505 13.410799
409 5 -0.60598084 -0.076821039 1.9 0.25313773 2.9588982 -8.3431269 22.089066
410 14 -0.39365121 0.62580053 1.9 -58.04471 249.97691 -247.28344 25.545822
410 2 -0.15124269 0.50752297 1.9 -0.037804678 -0.057212889 -0.095558066 24.312533
410 14 -0.45594392 0.53437338 1.9 -89.623424 -37.947092 -124.63593 10.006173
411 14 -0.46804825 -0.19021722 1.9 -761.1457 -150.36746 -1169.0653 30.926847
411 6 -0.25534702 -0.10795039 1.9 2.6956785 16.324304 -14.639945 24.372839
411 2 -0.48604006 0.012442911 1.9 -2.0532221 -8.6358568 -11.184594 5.5172491
411 5 -0.54797236 -0.36378679 1.9 64.954627 -0.22211922 -107.675 8.2055065
412 14 0.32025098 -0.30934158 1.9 326.26653 34.500161 -248.89216 0.83379153
412 14 0.72900454 -0.095586799 1.9 -1.8484729 3.2040752 -2.4003324 10.868649
412 5 0.26463947 -0.19175594 1.9 -32.073659 2.0016904 -34.185595 48.644487
412 13 -0.090502528 -0.099955884 1.9 -18.110568 5.6040488 -21.438432 26.153865
412 14 0.2206608 -0.37451177 1.9 0.10240044 0.043678368 -0.21535214 29.858207
412 6 0.49424016 -0.18417156 1.9 1.4552533 -0.59217769 -1.7598944 42.668951
413 14 -0.076806461 0.23055955 1.9 546.7266 -164.89715 -429.30195 17.149121
413 14 -0.12432296 -0.088781278 1.9 -2.1186527 -5.4222796 -4.8157821 4.0655514
414 14 -0.32987302 -0.40913979 1.9 61.121065 298.44075 -446.06101 47.379192
414 1 -0.18113188 -0.27726683 1.9 1.6140578 1.0245947 -3.8896203 2.5032118
414 14 -0.19815957 -0.49265638 1.9 2.9825524 4.9521681 -5.5336338 45.743091
415 14 -0.37242616 0.39897737 1.9 -208.62164 122.38306 -391.59583 27.984149
415 13 -0.3898748 0.51498994 1.9 19.997026 1.7396121 -34.763872 40.437883
415 5 -0.36034499 0.37576689 1.9 -15.480643 -16.403442 -23.022986 9.4673202
415 5 -0.55195668 0.57711953 1.9 -2.342884 7.3411431 -10.398467 15.728751
415 6 -0.49611534 0.71135767 1.9 -0.39425607 0.46625917 -0.68520251 12.096993
415 1 -0.49170358 0.43262831 1.9 -3.0653026 -7.7770506 -5.8316134 46.134093
415 14 -0.619179 0.26684688 1.9 -71.970056 -91.286492 -87.989722 19.794871
415 14 -0.55487758 0.48471016 1.9 -0.32597527 0.052276681 -2.2725352 9.411774
416 14 0.075351713 -0.089285456 1.9 294.0076 99.46385 -214.40174 7.0340257
416 3 0.35145748 -0.035325284 1.9 0.56704338 -0.47760505 -0.96429624 18.389665
416 14 0.42725205 0.1903852 1.9 31.978292 47.958768 -109.67784 8.1667042
416 6 0.39094564 0.19551075 1.9 -0.3647173 1.7987901 -5.8665464 1.0141776
416 3 0.27655328 0.012309312 1.9 0.047200249 -0.18720415 -1.7990317 15.521957
417 14 -0.74039689 -0.011402038 1.9 -551.32643 -1387.9169 -1899.7545 28.392804
417 13 -0.37864493 0.18620862 1.9 -526.58722 -20.829218 -586.46583 1.1103991
417 6 -0.68907583 0.28618743 1.9 492.97606 44.686664 -355.90041 3.0493824
417 3 -0.58656209 0.28211287 1.9 -6.5168806 -2.2864455 -11.510309 25.290445
418 14 0.23985563 0.51840761 1.9 -18.844335 -210.1488 -294.7305 1.6860393
418 5 0.18049929 0.49035079 1.9 -0.080394719 0.4264474 -0.30640654 35.809227
418 6 0.30002696 0.37633607 1.9 -0.49146098 -0.11340258 -0.55030883 11.634335
418 1 0.31970225 0.78960658 1.9 -0.81399893 -1.2711609 -1.0801429 24.157888
419 14 -0.078636078 0.45398258 1.9 212.82587 -91.397207 -282.91522 43.282428
419 13 -0.097309276 0.39846816 1.9 -4.1146567 2.5440446 -19.923431 6.0600243
420 14 0.30025256 -0.05837108 1.9 -240.50984 -66.130958 -287.02795 5.9732882
420 6 0.10427673 -0.43479352 1.9 -3.1488084 0.11962402 -13.510179 27.220743
420 3 0.21655812 -0.2544015 1.9 1.3863666 -1.0924493 -4.0605139 31.276278
421 14 0.29856303 -0.25013647 1.9 -228.08903 32.231136 -506.68261 3.5815485
421 6 0.0089102186 -0.41887163 1.9 -85.808735 -11.394144 -65.609623 1.7599256
421 3 0.35425793 -0.42261679 1.9 -0.0177674 0.13285563 -0.11718916 11.870838
422 14 -0.14194185 0.19843678 1.9 540.53007 -2.5003819 -394.60123 8.4582201
422 5 -0.23384718 -0.0050046787 1.9 26.203022 -205.21802 -275.26413 6.3248862
422 1 -0.3320995 0.20152642 1.9 102.5645 102.91846 -152.25673 29.549319
422 13 -0.049837225 0.20952195 1.9 -2.246415 1.9640922 -1.9657297 3.5445947
423 14 0.70760754 0.52183765 1.9 -170.46402 -220.43289 -284.0377 44.416747
423 3 0.50462665 0.25672925 1.9 -0.083407695 -0.18574276 -0.1223026 0.13531706
423 2 0.31134894 0.29168831 1.9 3.0835344 -2.6752993 -19.125643 5.6258166
423 1 0.55461887 0.039773524 1.9 -0.1527812 -0.59894793 -0.80029226 23.649632
423 13 0.2927869 -0.0067445324 1.9 0.33195738 -1.7682747 -6.5749258 47.508028
423 6 0.3684069 0.069229859 1.9 25.582985 -2.9366728 -16.064678 18.642045
423 3 0.67076188 0.055648381 1.9 -2.5857277 -2.244655 -2.7719716 0.74394316
423 1 0.7095384 0.29924776 1.9 -0.051650277 0.17414379 -0.15971994 34.751659
424 14 0.26015001 0.42721968 1.9 -322.7049 102.02135 -217.36771 48.399233
424 13 0.31488589 0.12951334 1.9 13.483034 -10.098764 -35.679815 0.13774964
424 6 0.2109718 0.46426152 1.9 -0.50701811 -0.16072714 -0.48610273 7.0874989
425 14 -0.089827049 -0.23379032 1.9 -26.56838 143.13222 -321.29509 6.3626203
425 13 -0.33444244 -0.40186021 1.9 42.961989 -5.1576968 -169.95054 30.507431
425 13 -0.16103003 -0.053936457 1.9 0.056763752 0.10813613 -0.27304073 20.083014
425 13 0.12045204 -0.39287756 1.9 -98.917308 -21.44293 -76.228387 22.173452
425 1 -0.023773497 -0.35507452 1.9 1.085124 -16.241135 -38.309738 15.191477
426 14 -0.5373722 -0.55504826 1.9 -400.48814 81.812198 -435.28221 36.709486
426 14 -0.52509537 -0.58955817 1.9 -8.6944702 75.746164 -46.571605 19.758318
426 5 -0.31980106 -0.6927527 1.9 -0.10948348 0.12922295 -0.1384714 24.068768
426 3 -0.29926769 -0.33129883 1.9 70.756098 -7.8803291 -294.65734 16.337435
426 13 -0.46220355 -0.53488953 1.9 0.68063744 0.76782395 -1.6902786 24.075838
426 1 -0.17671428 -0.71694473 1.9 40.793845 -109.09327 -92.32062 12.852337
427 14 -0.074179339 -0.4566184 1.9 -55.434879 -26.274327 -612.80896 44.411182
427 5 0.042705181 -0.40178665 1.9 -0.80638716 0.15879276 -0.48992251 31.13241
428 14 0.32868252 -0.2189053 1.9 59.610677 -116.70518 -516.38096 25.713151
428 5 0.23944931 -0.55596033 1.9 8.3274495 -10.187462 -15.52169 34.59696
428 6 0.23527305 -0.47053607 1.9 99.581737 -161.73845 -206.85739 19.590597
428 2 0.19350288 -0.61051889 1.9 1.2203601 -1.4288973 -6.0264563 0.80206869
428 5 0.12797234 -0.55298708 1.9 0.19493376 -0.072542799 -0.90683977 18.900161
428 3 0.11294776 -0.48078321 1.9 0.5918751 0.54120756 -0.84126772 3.9866241
428 14 0.34242375 -0.33289496 1.9 54.835913 183.51392 -180.42149 14.576429
428 6 0.18277038 -0.34620941 1.9 1.4430117 -1.3189736 -2.4174571 5.6041984
429 14 -0.12160241 0.54894093 1.9 -8.2653822 24.386962 -429.44497 11.346727
429 13 -0.024577722 0.33839591 1.9 1.1151666 -0.52475052 -8.08978 25.11505
430 14 0.11963106 -0.13089028 1.9 167.45654 -536.75883 -429.61784 16.698143
430 1 0.13840707 0.2445246 1.9 -0.70976761 0.18974813 -0.52371677 13.548025
430 13 -0.061548984 0.095560308 1.9 -1.183794 -0.065345318 -4.9247973 14.075552
430 6 0.15884063 0.32090174 1.9 -2.2832956 -2.9025709 -2.3141992 27.399623
430 14 0.21346621 0.25357386 1.9 -0.38373045 0.11584365 -0.48941567 44.69848
430 3 0.31324204 0.22615826 1.9 -0.41997782 0.20520715 -0.44297119 19.460495
430 6 -0.11944246 0.52965924 1.9 -0.44482637 -0.41090466 -0.41422279 8.0785774
431 14 -0.56750132 0.078209907 1.9 270.62995 104.11462 -254.88505 28.724688
431 2 -0.70386578 -0.32655469 1.9 2.5664171 8.1106297 -39.604681 0.78140113
431 1 -0.52853429 -0.47030784 1.9 0.10212164 -0.11449418 -0.38576275 4.4731495
431 5 -0.49744354 -0.12336102 1.9 -1.1033187 0.97385376 -1.0558406 28.618931
432 14 0.25077115 0.11216953 1.9 563.10039 -1182.6882 -902.11799 22.57319
432 3 0.74302937 0.40004546 1.9 -311.09087 398.76742 -710.87796 21.02011
432 5 0.31002214 0.42348439 1.9 -4.6734258 -96.487724 -60.410267 27.523711
433 14 -0.013048987 0.68641965 1.9 -132.18334 -191.89243 -477.94975 20.933262
433 3 0.10531618 0.18824449 1.9 2.8556332 1.7401937 -107.09542 35.228856
434 14 0.48638855 -0.2690279 1.9 -290.32042 119.29472 -285.2461 19.300096
434 3 0.78091864 -0.48698914 1.9 -13.523102 -0.89512856 -75.094622 30.585217
434 6 0.54605289 -0.21438841 1.9 -7.3416553 -10.209881 -8.3745274 5.7599045
434 2 0.47035513 -0.41946085 1.9 7.6516962 -1.0743874 -9.6360801 21.800654
434 2 0.39331668 -0.29838086 1.9 0.83855749 -0.042255448 -1.1868708 19.780737
434 1 0.41980221 -0.52986568 1.9 -2.6074662 1.174112 -2.5610072 46.219166
434 5 0.66948774 -0.5552367 1.9 0.83474781 1.0735387 -5.0389921 24.669576
434 2 0.41496005 -0.27933267 1.9 -1.7418287 -0.42164758 -1.1672583 15.004856
435 14 -0.23452377 -0.3605709 1.9 -27.192495 286.78403 -511.52234 28.5323
435 5 -0.11558439 -0.14808181 1.9 101.70795 -227.72732 -177.85367 22.174574
436 14 0.59233234 0.21135105 1.9 424.92305 -81.902132 -255.1841 35.560237
436 14 0.059241682 0.099461809 1.9 -9.6091667 5.1473193 -11.689595 36.127535
436 2 0.79248392 0.21991014 1.9 146.75816 -131.34729 -177.57451 41.375896
437 14 -0.43025355 -0.62215614 1.9 -206.59487 -230.55502 -776.89033 27.464759
437 1 -0.30715972 -0.43731728 1.9 -0.44770102 2.1620893 -3.3244041 3.8210644
437 13 -0.17452885 -0.54217001 1.9 2.3415602 3.0395175 -6.8055725 28.327273
437 2 -0.54650107 -0.7564373 1.9 96.690829 87.147003 -166.52493 34.397549
438 14 0.57154582 0.017464954 1.9 19.306836 139.76795 -344.21688 22.613122
438 6 0.48734487 0.19649047 1.9 -0.67606933 -0.18097069 -4.3745019 19.37791
438 6 0.34143911 0.28829952 1.9 -0.062812082 -0.054653302 -0.088524842 9.9762377
438 2 0.62010039 0.65198712 1.9 16.94851 -10.081635 -15.759715 29.445634
438 3 0.29490779 0.47458439 1.9 -0.53750334 3.4826548 -8.2229523 29.325289
438 6 0.57959745 0.50891337 1.9 -2.6943304 6.8791554 -6.9446412 19.897754
438 5 0.41687276 0.70434895 1.9 -0.11868754 0.74341294 -0.46511085 47.61629
438 5 0.3027366 0.18451845 1.9 0.44969871 -0.053868181 -1.2169758 15.078567
439 14 0.10112758 -0.53724048 1.9 -55.756553 73.32068 -349.59962 7.4399469
439 2 0.15537298 -0.6907413 1.9 -0.056462332 0.22127165 -0.168285 23.892159
439 6 -0.058898847 -0.32711192 1.9 7.6035541 -26.377009 -29.594191 10.317583
439 5 -0.36851598 -0.68206054 1.9 1.2171432 0.38447823 -0.99144905 3.786223
440 14 -0.06965609 0.26004626 1.9 -80.507401 879.21944 -565.72052 35.258737
440 3 -0.23801503 0.039088277 1.9 -0.20150391 -0.069036889 -0.94821873 29.955474
440 6 -0.20075425 0.030118984 1.9 -23.919289 -2.8503924 -23.687555 31.064587
440 14 -0.03984747 0.137711 1.9 0.35202489 1.0109169 -0.74502514 10.585612
440 13 -0.20308158 0.22801297 1.9 -5.6195965 -2.6981985 -4.0953186 45.418543
440 3 -0.36317199 0.30290162 1.9 -74.694649 4.421937 -106.86238 30.20404
440 13 -0.038544871 0.37699733 1.9 46.566698 -47.534455 -99.026869 30.330921
441 14 0.55899547 0.13024729 1.9 -125.74692 121.88983 -790.49242 16.882623
441 1 0.40787158 0.0708607 1.9 -1.5926369 -1.6737802 -1.5100176 15.044734
441 1 0.35969117 0.17398673 1.9 -67.379982 25.005149 -221.73549 22.310372
441 1 0.26693652 2.8231948e-05 1.9 -68.591274 34.850154 -85.326712 48.373483
441 5 0.61484326 0.084820519 1.9 182.48819 -288.07361 -244.0328 2.7450119
441 2 0.18373498 0.29950655 1.9 0.21095135 -0.51612112 -0.53534179 46.572693
441 13 0.3986694 0.050059176 1.9 0.14482199 -0.20294544 -0.14551247 33.779909
441 2 0.52550767 -0.024264979 1.9 0.37037777 -0.4994417 -0.53149157 8.9015336
442 14 0.40404271 0.26306895 1.9 -252.73314 232.25823 -228.61078 38.525827
442 14 0.16063534 0.32822854 1.9 -0.20430624 0.035495057 -0.12171296 8.8745182
443 14 0.87941369 -0.49708634 1.9 264.7973 23.596434 -559.62406 16.398939
443 2 0.43813288 -0.27234493 1.9 -4.4068643 0.28910666 -4.4314726 21.457332
443 3 0.42877217 -0.14869289 1.9 -11.17767 9.6932086 -226.91184 46.27956
443 13 0.59731466 -0.16779057 1.9 -5.2054227 14.04586 -13.828532 3.9833674
443 1 0.53936683 -0.38024623 1.9 17.861618 -20.325159 -15.990354 32.702647
444 14 0.19424149 0.057733486 1.9 126.74314 -192.29466 -332.48375 32.086635
444 3 -0.32500966 0.12333079 1.9 -6.3105083 -1.0253183 -10.084274 1.0934197
444 3 -0.15617368 0.091927252 1.9 1.3862421 0.097318382 -1.5147625 31.366771
444 2 -0.25356225 0.19689872 1.9 -44.803519 80.279371 -161.12196 32.131195
444 2 -0.35261427 0.15771374 1.9 1.0263775 0.56242762 -0.7218159 7.7497272
444 1 -0.18036629 0.21318099 1.9 49.035399 37.521156 -184.51475 16.517081
444 6 -0.0043869295 -0.056534091 1.9 20.89196 25.65339 -42.955951 12.317731
444 5 -0.043819316 0.34497394 1.9 -6.6877608 14.615754 -12.000561 33.465457
445 14 -0.48531069 0.24955412 1.9 -116.85774 29.755483 -569.18505 3.7239082
445 3 -0.18513923 0.42180478 1.9 -6.0964282 2.8825259 -4.6615672 17.893479
445 14 -0.38207964 0.50463078 1.9 13.239224 -77.357376 -48.693334 18.032154
445 5 -0.30246207 0.50111062 1.9 1.8193603 -0.22893754 -1.2416992 37.835228
445 14 -0.48628514 0.74214173 1.9 25.175711 -52.209175 -190.55577 32.048344
445 2 -0.41617956 0.50596946 1.9 -0.20987746 0.28208408 -0.48378712 25.444989
445 13 -0.2121653 0.39933525 1.9 -96.10141 -1.1756512 -87.21964 15.13859
446 14 0.32642806 -0.45442745 1.9 504.7989 348.08462 -1164.9698 36.39515
446 5 0.078116612 -0.54708133 1.9 91.983287 -20.703193 -64.931112 16.325167
446 3 0.44713957 -0.28020604 1.9 2.5172386 -2.1751076 -2.6086282 37.597844
446 5 0.015384346 -0.37580432 1.9 0.86985287 -0.78953718 -1.3967889 23.94592
447 14 0.14043151 -0.61946443 1.9 -40.230493 -51.090073 -379.53879 10.398258
447 5 0.05135699 -0.47148445 1.9 0.03905954 0.056111957 -0.31960435 23.959337
447 14 0.20547083 -0.64255149 1.9 3.1849195 2.6989306 -3.2059104 21.090977
447 3 -0.028534713 -0.6518901 1.9 -0.018440794 0.1235149 -0.44209737 46.956392
447 14 0.21864355 -0.60153731 1.9 52.84446 14.495326 -168.46368 17.222559
447 2 0.10544992 -0.4982332 1.9 -2.4015952 -1.8801842 -4.5615491 37.721924
448 14 -0.16469336 -0.45656893 1.9 228.78075 34.142388 -469.92511 8.7218127
448 13 0.019208878 -0.4688462 1.9 0.34216882 0.040417809 -1.0217565 48.464998
448 3 0.027848414 -0.73354076 1.9 9.814768 0.76451663 -10.88917 13.977447
448 2 0.038440962 -0.55654497 1.9 -0.21842833 0.1263898 -0.20064345 20.977778
448 3 0.19575994 -0.43162075 1.9 -10.580089 38.474611 -25.66987 31.186648
448 2 0.036719225 -0.4647538 1.9 25.643897 -13.619344 -34.161782 27.407031
448 2 0.12800105 -0.66754657 1.9 -2.7321216 3.1720948 -3.2102739 30.623195
448 1 0.16212468 -0.3242853 1.9 53.124315 43.49006 -73.588633 38.889928
449 14 0.041438314 -0.045319572 1.9 140.828 -197.42288 -271.4856 2.1738136
449 6 -0.41999078 -0.30423155 1.9 -16.889238 9.2132163 -30.499642 25.758772
450 14 -0.31564494 -0.13396981 1.9 336.33735 127.71103 -261.22508 2.5849509
450 2 -0.27054994 -0.44255705 1.9 -0.076426936 0.1167786 -0.16152202 6.862059
450 14 -0.26538705 -0.39695093 1.9 0.019227985 -0.11051132 -0.1091543 38.077509
451 14 -0.14205713 -0.07523949 1.9 29.057411 445.20863 -1157.9152 49.39681
451 6 -0.23865512 0.077760323 1.9 198.27829 -140.47376 -629.88217 35.8036
451 5 -0.19741097 0.14361182 1.9 -6.3104476 0.94180466 -6.061636 21.178038
451 3 -0.070651385 0.38106922 1.9 0.456961 0.095171076 -0.85521887 10.798014
451 2 0.091924726 0.076577843 1.9 32.264509 -51.739455 -89.284647 18.292498
451 3 -0.1685733 -0.029220017 1.9 9.8301238 0.64030715 -13.827681 24.939071
451 5 -0.0069472025 0.090645738 1.9 -31.018614 -23.628224 -46.180872 23.89098
452 14 0.39509931 0.63769413 1.9 -151.3843 84.046696 -441.56865 17.769397
452 13 0.51810276 0.56264756 1.9 -81.646507 -82.310912 -96.317187 25.599973
452 14 0.40498967 0.31535558 1.9 -3.8586688 -2.7514521 -7.340502 27.234517
452 3 0.46675482 0.38631518 1.9 -10.615467 4.8766893 -12.234793 11.176269
452 6 0.48035029 0.55519175 1.9 97.445703 -139.85871 -133.72543 20.492331
452 1 0.2309372 0.65033927 1.9 -0.17620556 -0.39806206 -0.35427017 17.152936
452 1 0.32642127 0.34008953 1.9 -2.1465788 -3.6811394 -4.0456495 10.251375
453 14 -0.61882588 0.01862539 1.9 -243.02918 -407.98531 -323.3662 28.266853
453 6 -0.40407421 -0.10187125 1.9 -3.3911113 3.1213173 -4.2248955 13.877878
453 3 -0.50518012 0.059373632 1.9 -0.071041561 -0.037831848 -0.29770318 47.86262
453 13 -0.56236311 -0.020029563 1.9 4.4103615 7.2736946 -36.239377 22.250652
453 13 -0.36083201 -0.08187621 1.9 8.0762548 -18.412485 -15.193479 49.124702
453 5 -0.54798562 0.077831488 1.9 7.4475723 -20.913865 -39.420123 29.142607
453 2 -0.57308815 -0.1627772 1.9 -2.577112 -7.7203229 -8.2590423 5.412039
454 14 0.30056419 -0.34858336 1.9 -1318.2942 655.62075 -1416.2377 1.0883926
454 14 0.50449211 -0.24653565 1.9 0.24388872 -0.13149064 -0.52811576 28.393644
454 1 0.32105699 -0.10789024 1.9 -35.863904 20.663473 -51.880467 22.218967
454 14 0.22406578 -0.44593067 1.9 22.091981 -9.2998112 -17.048951 5.7891685
454 13 0.40434983 -0.2456048 1.9 12.203753 29.057045 -97.333092 28.618581
454 2 0.3118716 -0.34610768 1.9 -12.280693 -4.3759072 -26.485409 23.21171
455 14 -0.32509214 0.13163905 1.9 196.17446 175.86611 -251.73054 28.694902
455 6 0.07537848 -0.10806705 1.9 -8.5213361 -6.5799593 -10.133582 13.890693
455 6 0.11172545 -0.25440519 1.9 5.928085 5.5288521 -6.2523004 35.757737
456 14 -0.14255882 -0.21966103 1.9 252.95594 -266.20829 -260.07964 13.057117
456 5 0.061760039 -0.39155983 1.9 -0.054846395 -0.068931077 -0.43114394 49.144839
457 14 0.53513318 0.60768768 1.9 -277.45788 -66.504017 -495.83226 22.899998
457 5 0.52395927 0.4778775 1.9 -0.20369788 -0.27511382 -0.29814053 46.369511
458 14 -0.86884078 -0.022673775 1.9 314.16489 -190.87935 -337.83494 45.971311
458 1 -0.59841996 0.019261473 1.9 6.746509 -6.383517 -7.3442855 31.741872
458 6 -0.58148232 0.1504923 1.9 -1.1272417 -0.53299874 -1.4383881 40.091903
458 6 -0.6179555 -0.13086925 1.9 0.38582047 1.3445085 -60.337088 10.946975
459 14 0.57843676 -0.41421889 1.9 -132.6657 -381.44092 -582.33115 24.226238
459 1 0.40290629 -0.31948623 1.9 -0.59147303 0.3896323 -1.0548201 9.557298
459 1 0.52908437 -0.23848222 1.9 -0.40311815 0.4376761 -0.76960393 13.009227
460 14 0.058757785 -0.66951078 1.9 -218.61141 -253.2405 -224.39066 24.908612
460 5 0.33152188 -0.73609697 1.9 24.958903 12.565142 -26.077599 43.881839
460 3 0.22074964 -0.48521466 1.9 0.13147327 1.3297451 -1.5435159 22.913389
460 1 0.16460144 -0.32611943 1.9 -0.073225646 0.16065726 -0.17312538 46.480437
461 14 0.05043695 0.60152318 1.9 71.053958 -205.18593 -287.98492 7.0456893
461 13 0.033365556 0.60603374 1.9 2.8182649 4.7322332 -3.3791556 35.651654
461 14 0.21595821 0.60727373 1.9 -0.019506647 -0.92381883 -0.54965707 49.715091
461 14 0.24117231 0.34427948 1.9 -57.090558 80.145797 -98.132598 25.672031
461 2 0.10520645 0.48491375 1.9 0.19794929 0.057483925 -0.1738732 40.689916
461 6 -0.26988576 0.5217111 1.9 -14.244094 11.341349 -25.005646 26.29803
461 3 -0.037209573 0.2477086 1.9 0.06345934 -0.04825624 -0.11611171 7.9168967
462 14 0.29095481 -0.2594063 1.9 -229.53273 -268.55761 -278.28364 38.460351
462 13 0.58848275 -0.54066884 1.9 56.979286 -33.866523 -77.382362 23.60417
462 2 0.17581361 -0.37591524 1.9 0.021988312 0.11484024 -0.090933751 22.327098
462 13 0.28795618 -0.46187568 1.9 30.828327 15.960222 -24.838766 42.104376
462 3 0.20868293 -0.32056935 1.9 -31.158716 25.079112 -44.47366 25.274254
462 13 0.15520276 -0.21711839 1.9 -149.82731 34.27892 -107.2722 26.936547
462 13 0.26187291 -0.38859386 1.9 6.5737885 5.6011244 -19.402626 17.712968
462 14 0.24489906 -0.15932727 1.9 0.062709152 0.10072983 -0.32888131 8.3236977
463 14 -0.13362648 0.30218202 1.9 -288.06347 64.534588 -388.15842 28.238578
463 2 0.16169894 0.36829092 1.9 0.13086925 0.13025727 -0.11939947 14.776303
463 2 0.18542814 0.51665934 1.9 0.1974225 0.015289099 -0.14001743 43.459952
463 5 0.08646848 0.18061319 1.9 0.0092126774 0.01057093 -0.21202413 40.734813
463 2 0.2001489 0.4724843 1.9 0.0085218469 -0.32282425 -0.61468163 45.23594
463 6 -0.15846631 0.30732102 1.9 -2.6524955 14.617644 -11.627965 32.201082
463 6 -0.1800568 0.087540271 1.9 7.0155479 -6.6785263 -16.910727 20.425829
463 13 -0.085801197 0.36186383 1.9 0.79837382 3.3439213 -7.4179722 4.9103915
464 14 -0.12953982 0.58078099 1.9 -432.89445 1353.2883 -941.88757 49.39504
464 1 -0.21618083 0.54891593 1.9 278.29806 119.96866 -251.01998 10.314088
464 5 -0.53979522 0.45156572 1.9 6.2034559 -7.5316592 -10.566471 45.155735
464 5 -0.30077522 0.46825964 1.9 -77.914751 49.563937 -685.92311 18.886971
465 14 -0.32166689 -0.68286646 1.9 182.68338 69.611923 -371.42267 24.559465
465 3 -0.19794089 -0.54501867 1.9 0.092001724 -0.10584997 -0.31472554 22.262808
465 5 -0.12933307 -0.44020192 1.9 -0.063506239 -1.2358635 -1.0393393 12.902862
465 6 -0.25723659 -0.7137556 1.9 0.11049726 -2.8597366 -1.7609498 16.751285
465 6 -0.31615616 -0.52769028 1.9 24.62393 -8.2815927 -16.737455 40.541153
465 5 -0.26269543 -0.6181221 1.9 -1.4630674 -0.1164719 -2.23165 46.956753
465 6 -0.21591574 -0.66997866 1.9 -0.20500709 0.088736388 -0.15642646 5.933221
466 14 0.28476294 0.42424977 1.9 85.418233 280.02772 -251.58095 26.972473
466 14 0.22446553 0.77615735 1.9 0.17180472 0.47127356 -0.51930065 5.6865748
466 14 0.066897986 0.67828278 1.9 -0.0380317 0.17793937 -0.32710693 34.877046
467 14 -0.49387295 -0.1742053 1.9 235.96267 -297.32404 -303.12104 13.151956
467 2 -0.53576131 0.29950828 1.9 -11.780881 -14.560839 -20.842382 10.330107
467 14 -0.62500355 -0.022609441 1.9 -0.59022778 0.28579105 -0.51204845 46.693038
468 14 -0.31644775 -0.27565562 1.9 -293.40177 -134.09766 -385.14241 37.652241
468 2 -0.23140763 -0.30819862 1.9 -0.60937621 -0.6721128 -0.59111251 44.381849
468 14 -0.4419864 -0.67582864 1.9 -2.0512347 -6.2367111 -5.9602845 25.64698
468 2 -0.22768946 -0.39022548 1.9 -0.18749729 -0.26380328 -0.21980832 28.207756
468 5 -0.47611682 -0.32696534 1.9 0.073185706 0.084391693 -0.097586562 47.842517
468 14 -0.37670138 -0.60063706 1.9 -3.0559457 -8.8738942 -13.54352 7.5664267
468 2 -0.27340165 -0.15399624 1.9 -31.720079 -29.155255 -121.34571 0.49895519
469 14 -0.53335134 0.093165523 1.9 -149.88589 -34.814651 -333.25432 44.542179
469 2 -0.31953111 -0.0074174598 1.9 -2.7951729 -10.700952 -9.338902 19.842482
469 13 -0.73163483 0.11250153 1.9 0.02787275 0.14108157 -1.5079999 47.427057
469 13 -0.6725978 0.084566849 1.9 0.0057326878 0.03572181 -0.1134134 45.03413
469 14 -0.65390663 0.2504502 1.9 1.6172873 1.0045366 -5.118518 3.8489889
469 14 -0.51341521 0.14525396 1.9 -0.2628255 -0.13191533 -0.65513297 23.937037
469 3 -0.4099951 -0.034298773 1.9 -0.10661083 0.33055649 -0.90026807 46.616741
470 14 -0.051320052 -0.070298742 1.9 180.96326 377.30409 -294.42014 2.1584894
470 6 -0.11368274 0.10769136 1.9 136.28618 -202.8609 -144.46797 8.8289185
471 14 0.28925439 -0.61556748 1.9 386.73205 514.67811 -431.09131 33.763343
471 2 0.42304151 -0.43455986 1.9 -24.659513 -108.11303 -149.22321 19.924112
471 2 0.11373947 -0.51845738 1.9 0.044590251 0.0087532914 -0.68162899 18.477886
471 2 0.3778009 -0.33073256 1.9 0.71353213 0.4616783 -1.1726787 27.908093
471 5 0.52458915 -0.61913079 1.9 -2.4065071 -5.492911 -4.7582178 47.559213
471 14 0.61703641 -0.63359118 1.9 0.49629423 0.23960584 -0.44427054 0.12930034
471 3 0.45025037 -0.50658761 1.9 -0.062163147 0.33937185 -0.23219625 17.874529
472 14 -0.018933295 -0.2746669 1.9 60.657148 1262.171 -1092.8661 13.978335
472 6 0.11084211 -0.36627851 1.9 -0.36408708 0.94800385 -1.1602764 15.993098
473 14 0.1958419 0.06528877 1.9 -560.16173 -322.2441 -843.0339 2.0952837
473 3 -0.016825953 0.10610252 1.9 28.802283 -3.0633815 -18.225633 7.4409579
474 14 -0.58894397 0.012200283 1.9 -337.89992 -1377.096 -6742.8124 45.069731
474 1 -0.53360033 -0.010727673 1.9 99.450857 -167.95247 -285.12633 35.914555
474 2 -0.45104244 -0.050208013 1.9 -364.20544 268.81494 -412.5847 1.790446
474 13 -0.24879293 -0.070729253 1.9 -215.4253 145.22084 -317.87866 32.548492
474 13 -0.65487298 0.055665658 1.9 73.848396 -71.444664 -706.11753 34.992507
475 14 0.1333018 0.30217962 1.9 9.7641528 294.22478 -237.16227 0.36768514
475 1 0.11819052 0.69300941 1.9 -28.212437 -0.14123873 -54.362682 36.212654
475 2 0.043849985 0.37042505 1.9 0.36427269 0.48366484 -0.56272093 11.746979
475 2 -0.23821134 0.4829143 1.9 150.02816 67.634495 -134.47933 43.500026
475 2 0.022393441 0.48739244 1.9 -0.17223818 0.20509392 -0.64256806 41.972068
475 5 0.15387404 0.69857731 1.9 14.404836 -3.6448802 -26.607827 22.184082
475 14 0.14297977 0.59071744 1.9 0.069717086 -0.060722475 -0.068699653 18.631057
475 3 0.047540973 0.64435441 1.9 1.8257023 21.491401 -15.452985 4.0060876
476 14 -0.30115674 0.27459124 1.9 44.719397 -252.29258 -365.13782 8.5866227
476 1 -0.40995722 0.35312344 1.9 -0.81455993 0.67569355 -1.2308719 8.2125149
476 2 -0.25151641 0.19258304 1.9 -0.60409503 -0.90516087 -0.78504616 21.345306
476 6 -0.23589302 -0.022604446 1.9 0.3509604 1.216658 -19.685595 39.572022
476 5 -0.15413724 0.17615165 1.9 -11.418084 23.528419 -18.278626 40.584216
476 14 -0.17344407 0.01248839 1.9 -75.806281 34.093623 -48.672871 41.979385
476 6 -0.24259725 0.26853718 1.9 -30.036424 23.593511 -25.803417 1.5681761
476 6 -0.19812428 0.14263419 1.9 0.8483294 -0.49180512 -0.86561983 12.811927
477 14 -0.27074818 0.65575189 1.9 -251.04703 119.16058 -384.27785 38.799257
477 5 -0.49653569 0.59117688 1.9 0.098506133 -0.13498275 -0.12288548 29.183371
477 14 -0.31131098 0.74573897 1.9 78.059628 10.015241 -71.6059 4.0055442
477 14 -0.3265029 0.77279063 1.9 0.096615638 -0.1173292 -0.18259626 25.578339
477 3 0.0052968602 0.49623445 1.9 10.643695 -25.224496 -21.748765 3.6486454
477 1 -0.54970087 0.59126431 1.9 0.18140916 -0.23550561 -0.2309673 4.3466185
477 13 -0.20892711 0.63915085 1.9 -1.4707881 2.9816286 -3.1917659 13.735319
477 1 -0.56731657 0.52390292 1.9 -0.55071148 -1.1495643 -1.7919641 43.3326
478 14 0.74536904 -0.51208535 1.9 329.06292 445.92606 -754.61222 43.751862
478 3 0.53482428 -0.33003344 1.9 0.047335809 -0.57286849 -2.045087 32.53052
478 2 0.23645732 -0.33603057 1.9 0.14288891 -0.28788243 -0.24052521 23.976105
478 5 0.6325851 -0.36806393 1.9 1.4159498 -1.7689546 -4.9983498 38.96665
478 13 0.39157711 -0.24167983 1.9 1.2906121 9.2786176 -7.0036046 19.458654
478 3 0.62789632 -0.49103501 1.9 -0.18921324 -0.32937213 -1.6493217 34.120645
478 1 0.74429423 -0.36988805 1.9 -0.23372027 -3.907653 -3.0577707 4.4827615
478 2 0.49654101 -0.094835339 1.9 0.73764596 -0.62309924 -0.70157822 5.5921131
479 14 0.17728307 0.39935082 1.9 -510.46623 248.17271 -897.07922 38.527779
479 6 -0.32898898 0.84149246 1.9 -1.5770689 -1.2304406 -1.7975574 26.482499
479 2 0.16363868 0.42320973 1.9 -14.680358 337.41717 -327.57606 6.1599484
480 14 -0.25717181 -0.22755635 1.9 260.87776 87.460903 -348.04928 40.931528
480 14 -0.09534051 -0.22111965 1.9 -0.062191738 -0.065970286 -0.14921464 40.321095
480 2 0.15502926 -0.054680666 1.9 -6.2611727 8.7107223 -21.368681 33.470483
480 6 0.0058243021 -0.2122748 1.9 -0.34961045 0.23812454 -0.9115968 4.2957993
481 14 -0.33632907 0.22517519 1.9 -71.0149 -127.96826 -327.3979 15.321865
481 2 -0.38610506 0.33074316 1.9 -4.8830433 3.9541217 -11.487484 11.891266
482 14 0.69965164 0.1929816 1.9 -298.15161 295.96039 -849.06378 48.864344
482 14 0.54841196 0.14636152 1.9 -0.38759739 -0.36823037 -0.63170051 47.252228
482 5 0.66895836 0.14931166 1.9 -4.9287141 2.4773038 -62.87428 24.725442
482 2 0.57820504 0.01619564 1.9 -22.805262 -16.155629 -16.262636 12.2146
482 3 0.40528038 0.12539224 1.9 -12.15922 61.629456 -49.75317 43.521594
482 13 0.66011773 0.049772865 1.9 0.16744165 2.3768546 -6.2581157 23.602315
482 2 0.60552604 0.29082731 1.9 14.200337 14.797872 -66.588549 11.238632
483 14 0.22583682 -0.31393464 1.9 2.7639906 -414.5372 -256.58096 38.745018
483 2 0.062905377 -0.37016773 1.9 -0.18286767 -0.25573614 -0.8615542 38.261977
484 14 -0.36752982 0.32130951 1.9 70.542863 219.2444 -565.91261 10.375711
484 13 -0.37961411 0.12454248 1.9 -3.7635595 5.0386423 -7.5961097 18.906709
484 14 -0.60194387 0.68544851 1.9 0.12937221 1.9360287 -1.6211896 9.4690287
484 3 -0.089833559 0.36310273 1.9 4.0059546 -3.7544774 -12.53486 39.303788
484 6 -0.46272269 0.15077189 1.9 -0.38848552 2.3246527 -2.9807055 0.087271676
484 1 -0.2507524 0.34186433 1.9 0.088480276 -0.17574413 -0.12707261 49.833635
484 14 -0.24268507 0.20505649 1.9 -0.7930614 -2.2221844 -2.562773 31.645745
485 14 -0.58255389 -0.60659479 1.9 36.539197 -384.76085 -435.46717 49.571544
485 5 -0.50337548 -0.62690525 1.9 0.7123276 -1.6876644 -1.8086157 4.429724
485 3 -0.38812244 -0.23435586 1.9 4.9996482 1.2245113 -4.0719347 14.516069
486 14 0.30163616 -0.2889812 1.9 -375.03947 -47.081952 -301.91652 18.437868
486 2 0.6059696 -0.16356297 1.9 1.8084326 -0.85342716 -2.1297409 13.889602
486 3 0.4567856 -0.50775938 1.9 0.19318907 -0.18552119 -0.37116388 28.746417
487 14 0.47099462 0.31532547 1.9 574.02262 267.93158 -731.33269 30.153006
487 14 0.50601608 0.62016549 1.9 -4.7037819 -3.093167 -41.94078 36.472417
487 5 0.23139529 0.21048506 1.9 5.0166249 1.7830519 -4.7482517 25.241465
487 14 0.52868965 0.23449215 1.9 -68.384451 5.9764839 -67.60908 33.345214
487 2 0.25391257 0.38280053 1.9 0.3130697 0.5416073 -1.1311903 24.423364
488 14 0.20920423 0.084553484 1.9 -162.19921 -202.001 -256.97113 3.6897311
488 5 0.28891372 -0.066335253 1.9 -0.03585376 0.1279242 -0.21709952 7.5226461
488 6 0.29626462 0.21376325 1.9 -6.4872975 -5.9907798 -8.8285068 3.0762434
489 14 0.76058718 -0.3870454 1.9 -174.15601 -89.939333 -292.01215 43.275337
489 5 0.26370323 -0.51545779 1.9 -9.1767065 15.105886 -16.526878 32.939778
490 14 0.4595574 0.28619853 1.9 -220.92373 69.832808 -287.50982 1.9289577
490 3 0.64494332 0.1942395 1.9 -4.4667495 -35.801906 -26.39642 45.680307
490 13 0.24141432 0.20661585 1.9 -0.6408611 2.093173 -1.3561463 42.183137
490 3 0.43425045 0.64541332 1.9 0.82424038 0.57017272 -1.0536451 25.288924
491 14 0.37757797 -0.77061239 1.9 -386.27635 253.62381 -366.72262 23.474223
491 6 0.54635653 -0.70006091 1.9 0.44893377 -1.2098052 -10.552736 5.5980438
491 2 0.41442302 -0.40785947 1.9 25.841538 24.939866 -79.360888 1.1136369
491 1 0.43538841 -0.69336246 1.9 -163.76907 119.64172 -205.81151 16.674138
491 6 0.54063432 -0.532903 1.9 -13.062858 8.1409397 -10.638125 41.152349
491 13 0.47442507 -0.46024228 1.9 -114.81273 -205.32699 -231.78954 34.334749
492 14 0.15409332 0.40158464 1.9 352.08152 60.761154 -417.66131 37.631285
492 3 0.29030795 0.25307925 1.9 0.72333652 0.81454987 -0.73232689 2.2703802
492 13 0.358765 0.054237823 1.9 0.24086418 0.17716147 -0.18325051 26.115938
492 2 0.26841495 0.088648108 1.9 -13.926562 -3.4252373 -8.9978789 31.903727
492 1 0.11150364 0.41115477 1.9 1.0081466 -1.190966 -8.0581696 23.8852
492 6 0.18967011 0.3498541 1.9 33.885089 182.09032 -205.94048 40.610742
492 13 0.23215788 0.27106378 1.9 -0.60600914 0.92874612 -0.84629858 47.498969
493 14 0.11154394 -0.32860826 1.9 -157.44513 300.75982 -518.74848 24.479889
493 5 0.020898129 -0.60337488 1.9 0.1586476 -0.24680465 -0.69961018 35.882891
493 5 0.19055867 -0.36587236 1.9 -9.5470546 -25.02898 -38.677303 42.478751
493 3 0.20913685 -0.68858036 1.9 -0.54596507 1.942632 -8.7165282 7.8484764
493 1 0.21391588 -0.64081099 1.9 -0.067443689 0.18055512 -0.20684719 0.81019494
493 6 0.19208077 -0.61843089 1.9 0.77789073 -0.75181806 -1.1304141 11.246704
493 13 0.35317425 -0.92318777 1.9 -0.35802539 0.0028761108 -1.8162481 9.6050999
494 14 0.49377768 -0.31413172 1.9 -417.53986 -389.25306 -654.92154 14.051978
494 3 0.27088777 -0.43008578 1.9 1.0285712 -0.48014141 -0.70338708 11.317702
495 14 -0.55469637 0.11398072 1.9 -120.48482 17.930534 -392.37883 24.573959
495 5 -0.067513767 -0.3616837 1.9 1.1966414 0.26534048 -1.061919 45.51805
496 14 -0.35384586 0.47556197 1.9 74.814678 207.65135 -432.76582 39.038657
496 13 -0.43489739 0.45658202 1.9 31.817352 6.3817509 -19.04782 38.369038
497 14 -0.097155597 -0.4035519 1.9 124.58919 -207.16599 -269.07112 41.710018
497 14 -0.015042087 -0.46116389 1.9 -0.18260357 0.20457055 -0.20304367 43.767731
497 5 -0.030002619 -0.39797898 1.9 -0.25664186 -0.16170286 -0.44551394 14.909155
497 5 -0.16910182 -0.35754319 1.9 -18.149418 86.031282 -101.20976 34.008568
497 2 0.031618134 -0.42864103 1.9 0.62856362 1.6131322 -3.1167725 1.4033486
498 14 0.13721686 -0.087134874 1.9 -163.79205 112.72273 -374.24214 49.59462
498 5 0.24936795 0.14314028 1.9 -0.037555658 -0.1355774 -0.65153206 30.325357
498 13 0.10390632 -0.076703855 1.9 3.2385417 2.3284758 -9.5501996 1.4943359
498 14 -0.093780121 -0.32681188 1.9 0.73330125 2.9980286 -102.84477 1.2571861
498 2 -0.077567658 -0.31340863 1.9 -0.3694901 -5.4424895 -9.6318994 3.1359821
498 6 0.21151077 -0.026029912 1.9 4.0531702 0.31344935 -6.4627165 16.279751
499 14 -0.51483473 0.17867856 1.9 -1166.9995 -941.11958 -6304.4508 40.925004
499 14 -0.36080075 -0.11076938 1.9 -26.79432 -14.260265 -20.654698 34.015896
500 14 -0.25146441 -0.25558809 1.9 -158.1761 154.49848 -299.38698 2.869082
500 14 -0.4362232 0.092692534 1.9 -0.09847585 0.023674825 -0.30823317 0.19664745
500 5 -0.51360236 -0.018250418 1.9 -4.0101255 13.362216 -17.988654 8.2932678
501 14 -0.30447298 -0.48711813 1.9 -3549.2357 -3191.1299 -6019.813 32.837404
501 5 -0.32759816 -0.15590338 1.9 -4.9333213 2.460318 -28.237104 10.874834
501 6 -0.18202422 -0.12574352 1.9 62.35075 97.375711 -69.910791 30.438821
501 6 -0.36570945 -0.12373742 1.9 -209.95827 216.96198 -421.90502 35.602352
501 3 -0.32709637 -0.34266149 1.9 38.041265 -1045.8951 -979.99972 27.347117
501 13 -0.4726316 -0.35957366 1.9 -186.16616 -6.5894832 -233.98652 22.012099
502 14 0.25713516 0.19179038 1.9 -480.45154 26.308183 -311.98722 22.985343
502 1 0.32413219 0.083016108 1.9 36.461505 -26.826846 -81.545759 2.6155081
502 14 0.017631691 -0.0053239533 1.9 0.46674163 -0.84097318 -0.71223064 0.49646476
502 2 0.27577092 -0.18119322 1.9 -69.545433 114.5292 -83.001758 9.4310289
502 6 0.06803388 -0.04968109 1.9 -29.65263 4.4004443 -28.49251 35.263506
502 1 0.18310874 -0.065986566 1.9 -7.1331005 -5.7814727 -73.926132 16.731733
503 14 0.17217054 -0.096280317 1.9 -81.11746 67.931391 -334.9371 38.396298
503 1 -0.2049642 -0.46845078 1.9 -0.51630864 -2.0150056 -1.3839892 16.802537
504 14 -0.31521214 0.034373794 1.9 231.83216 205.51954 -372.2675 33.480209
504 13 -0.23315706 -0.16578962 1.9 -3.6646777 -12.493855 -26.896079 10.785915
504 1 -0.1487952 -0.19672431 1.9 -0.49398802 0.46233569 -0.94679601 45.607114
504 14 -0.44184191 -0.043483237 1.9 0.10633072 -0.19117961 -0.16113476 4.7081619
504 3 -0.716795 -0.034138105 1.9 -1.0961054 1.5359009 -1.9916636 25.381591
504 6 -0.63148309 -0.1208296 1.9 0.0033799533 -0.158788 -0.42169322 31.985266
504 13 -0.31807704 0.20528519 1.9 0.1856083 0.83436808 -1.3399217 3.0861193
504 1 -0.53632742 0.019001439 1.9 -31.954464 -2.9913709 -19.840832 9.604985
505 14 -0.11162114 -0.25360084 1.9 93.626749 -232.12402 -275.97022 42.347909
505 6 0.028442851 -0.11326508 1.9 0.4761973 -0.20601423 -0.61227811 30.290137
505 13 0.040634994 -0.13862008 1.9 4.7959337 2.8952392 -3.7516263 17.751429
505 1 -0.040921036 -0.0954811 1.9 -8.1789614 23.954832 -19.234052 30.143717
505 14 -0.25529414 -0.043292041 1.9 0.61573757 -0.42370406 -0.78059937 34.314902
505 6 -0.050852927 -0.36114249 1.9 5.2285921 -47.177156 -33.635769 24.535804
505 3 0.050756115 -0.21118028 1.9 -1.9668022 3.9604456 -8.7277428 32.937642
506 14 -0.34327456 -0.088337834 1.9 40.652372 577.87653 -394.61396 3.9002959
506 6 -0.24995738 -0.25641851 1.9 0.0017494086 -0.47034084 -0.85125771 15.869699
506 14 -0.73027452 -0.0044012734 1.9 -77.740562 147.00436 -360.41311 34.406598
506 14 -0.61958073 0.047923989 1.9 -14.773591 -8.4981494 -10.282476 40.957317
506 14 0.10623459 0.054104607 1.9 -30.436304 1.3446316 -29.365672 9.9166328
506 2 -0.31311107 0.051862181 1.9 27.637498 -7.6461974 -39.930096 43.791096
506 1 -0.4908591 -0.057158375 1.9 -6.2195449 -6.0356527 -66.569082 19.427626
506 13 -0.36421717 0.074352508 1.9 20.610513 -121.14278 -260.38486 18.478526
507 14 -0.49903977 0.12406023 1.9 -175.18931 -101.71194 -313.14282 35.554656
507 13 -0.39259641 0.1976357 1.9 -5.2900874 3.1700636 -10.921602 30.489812
508 14 0.42344761 -0.69982186 1.9 248.04096 58.800598 -421.41954 28.694869
508 1 0.51819454 -0.69424082 1.9 -30.422305 -34.82948 -40.776111 7.581741
508 6 0.41135634 -0.4669025 1.9 -1.8486806 -47.42357 -69.765169 24.363502
509 14 -0.37665703 0.10375907 1.9 -302.91054 180.99219 -217.38671 27.400244
509 2 -0.30265975 0.1045918 1.9 0.41258871 0.17259531 -0.48729571 41.430204
509 2 -0.446106 -0.10012361 1.9 0.19281105 -3.2781395 -2.7913339 7.9561328
509 5 -0.27978914 -0.10724244 1.9 -0.080620965 -0.10243674 -0.1617662 42.103904
509 13 -0.23333264 0.18621756 1.9 15.201918 -3.465086 -13.478615 45.049103
509 5 -0.30678321 -0.0048000135 1.9 -46.511321 2.2941893 -168.80237 27.579695
509 3 -0.4485667 0.10268112 1.9 -0.36765279 -0.066583841 -0.98035779 44.303397
509 2 -0.53999144 0.23500503 1.9 -0.17093373 -0.073550639 -0.13561555 36.615164
510 14 -0.52524354 -0.10910721 1.9 19.880299 806.37836 -1629.8303 38.899004
510 14 -0.15272098 0.11073699 1.9 -270.58821 139.55569 -323.58675 9.2102693
510 5 -0.13571824 -0.14633375 1.9 13.842585 -45.149646 -40.290383 11.741939
511 14 -0.44482374 0.18064354 1.9 -266.16242 -42.339914 -376.1833 0.40982151
511 6 -0.51535607 0.24200699 1.9 0.34390919 -0.83292341 -0.90750925 15.907014
511 5 -0.6620885 0.51083796 1.9 1.1311849 -3.666086 -4.2113948 49.15829
511 1 -0.72913127 0.35267655 1.9 -0.10495347 0.54905795 -0.433057 17.185499
511 1 -0.48665855 0.37182717 1.9 -52.333314 -96.250676 -188.68995 18.293271
511 6 -0.82644104 0.41398423 1.9 -74.216086 184.16848 -145.77742 30.140892
511 2 -0.40428303 0.44455455 1.9 7.8561854 18.519651 -18.024687 41.964488
511 2 -0.48446552 0.44165037 1.9 -8.6467167 3.1339485 -15.143611 35.272245
512 14 -0.017000291 0.31978305 1.9 -98.445856 -226.27654 -298.04732 21.363992
512 1 -0.16339323 0.46267217 1.9 7.7692327 8.5076397 -9.3173147 40.302959
512 13 -0.50244638 0.54630009 1.9 -6.7121708 -10.197406 -59.067737 13.380326
512 3 0.029068366 0.042002405 1.9 93.098419 -49.899498 -86.798372 41.477454
512 6 0.019298247 0.31616114 1.9 -0.325064 1.3069145 -2.0276219 6.302934
513 14 0.81411651 -0.67302079 1.9 -280.55687 93.540315 -225.4436 12.220406
513 1 0.53080437 -0.79418947 1.9 -3.1345598 5.8390402 -5.4970148 2.4755795
513 6 0.7910873 -0.72159178 1.9 -0.27852929 0.10120174 -0.64769903 45.920651
513 1 0.33515736 -0.50732022 1.9 4.653759 1.7410256 -3.8103843 46.122907
514 14 -0.33194581 0.4563572 1.9 305.58997 1262.9397 -1169.935 18.621382
514 5 0.28305176 0.12988673 1.9 0.50963949 -4.2426581 -4.5488708 2.3968166
514 5 -0.22344239 0.073838984 1.9 -9.4714352 5.9703807 -15.535616 8.7686176
514 2 -0.0039443353 0.17960284 1.9 -3.7561873 -0.39811522 -8.6251141 47.186236
514 5 -0.21195047 0.19363242 1.9 53.386976 51.185354 -107.74257 2.437412
514 2 -0.067364815 0.41239648 1.9 -0.23401419 0.78082383 -5.8755949 37.576346
514 2 0.11556304 0.26344791 1.9 -0.54841477 0.51367168 -0.61759314 32.531332
514 1 -0.099447263 0.035421519 1.9 -0.10628888 -0.19043103 -0.47639763 11.147285
515 14 0.30977904 0.16150139 1.9 -111.71801 345.72789 -423.29815 4.4190688
515 1 0.32511268 0.07781753 1.9 1.5047527 -1.3580002 -1.4878613 8.2143132
515 5 0.63336515 0.36604651 1.9 -49.279697 -56.277089 -277.87973 22.30317
515 13 0.29887578 0.35134339 1.9 0.63461326 -0.073431898 -0.63593453 16.307827
515 5 0.31886686 0.2215304 1.9 -32.038239 -43.442644 -36.347086 44.380539
515 5 0.31165362 0.24843071 1.9 -0.46757085 -0.66948765 -1.0557517 42.187712
515 2 0.51370709 0.37306828 1.9 0.0089901533 -0.0028020959 -0.74123183 39.525928
516 14 0.49336604 -0.34031792 1.9 324.16574 -46.618109 -359.72551 35.047615
516 2 0.62764528 -0.27494106 1.9 -0.084350661 0.07555578 -0.28248157 38.677787
516 5 0.55546082 -0.35820087 1.9 0.60163683 -2.7696385 -2.5112093 38.331449
516 5 0.39136571 -0.44399023 1.9 8.514765 -20.759243 -52.50796 28.456874
516 5 0.27868993 -0.43167605 1.9 -0.0093864221 0.10608558 -0.15474529 49.084286
517 14 0.29136675 -0.62606471 1.9 -181.09092 -150.12903 -431.05806 22.984741
517 14 0.0087781362 -0.42934906 1.9 3.6361706 47.749847 -57.433945 43.673428
517 6 0.096019675 -0.36041198 1.9 -0.05407321 0.38664015 -1.4885477 20.808393
517 3 0.46080268 -0.44325865 1.9 0.21601731 5.1427671 -4.8689829 40.853971
517 3 0.20900522 -0.34778692 1.9 50.576325 -41.926137 -128.60208 31.050394
517 1 0.34245162 -0.41940714 1.9 0.13168793 -0.30741447 -0.29786924 21.291988
517 5 0.082368913 -0.42723066 1.9 6.6233282 -17.233819 -10.664031 43.674273
518 14 0.49743224 -0.076206309 1.9 42.990456 -324.49618 -353.09925 10.485623
518 6 0.43337999 -0.051202187 1.9 29.994366 -19.252663 -70.222645 26.499907
518 13 0.7284396 -0.21103079 1.9 -18.265947 18.524175 -47.018976 34.979176
518 3 0.31005885 -0.32811795 1.9 0.40616284 4.8950195 -18.242168 26.935709
519 14 -0.28258738 0.68104856 1.9 191.53547 148.49252 -315.26541 2.9806551
519 5 -0.13879789 0.25825442 1.9 -0.94112065 1.6485418 -2.0177394 24.287722
520 14 0.12622115 -0.19524117 1.9 -356.55889 -3.3618445 -463.0535 12.882129
520 2 -0.041222039 -0.24868777 1.9 24.059909 -40.093239 -47.189496 15.221311
520 13 0.12048149 0.049718068 1.9 -0.52320199 11.868279 -12.226241 19.60187
521 14 -0.48233649 0.20792527 1.9 125.88544 -235.42329 -405.88462 11.319039
521 2 -0.80573139 0.25579233 1.9 -1.4251257 -1.2240745 -5.2210161 33.393954
521 6 -0.46313408 -0.1383153 1.9 -0.56434831 -0.38466268 -0.62546361 9.4935744
521 6 -0.52064185 0.097228691 1.9 -0.12140574 0.81959105 -0.85990713 33.860211
521 14 -0.54484052 -0.020557287 1.9 55.828303 31.504729 -61.941658 48.034442
521 1 -0.4393679 -0.069911598 1.9 5.3306615 0.015234601 -3.2900363 1.9324232
521 14 -0.42094777 0.29729966 1.9 -0.76815446 -0.87986578 -2.1576577 42.18129
522 14 -0.58208389 0.60561683 1.9 3998.611 1707.6486 -4424.1299 32.84274
522 2 -0.64090927 0.4088478 1.9 64.89305 55.825662 -56.827221 22.610582
522 14 -0.63198112 0.63594086 1.9 -24.486635 -21.920917 -48.61803 15.409449
522 14 -0.52470506 0.30808416 1.9 67.691023 58.040398 -144.98818 46.629899
522 6 -0.46892171 0.36763066 1.9 -6.1685984 -5.8817407 -13.334926 40.597007
522 3 -0.64993508 0.52961329 1.9 -10.85917 -6.1943664 -23.956719 3.0985289
522 2 -0.49308601 0.44821836 1.9 293.51927 -66.332741 -403.70735 17.674493
522 2 -0.51049458 0.42374344 1.9 -21.982846 10.354116 -48.197899 2.3539091
523 14 -0.25081247 -0.16951759 1.9 535.44218 -405.71097 -873.05341 33.69967
523 2 -0.31907941 0.10600322 1.9 -42.034944 39.553132 -178.97236 11.166458
524 14 -0.13296857 0.22174942 1.9 -90.34824 379.59002 -279.68077 27.064786
524 14 0.073744687 0.24318486 1.9 13.411634 26.267436 -22.212338 37.043886
524 1 0.21397242 0.28577102 1.9 -7.2578147 -10.127618 -20.733578 34.428707
524 13 0.24527068 0.39371456 1.9 -0.78975777 0.5486368 -5.6503306 19.299801
525 14 0.011260426 -0.012178448 1.9 -237.78305 3.3885972 -492.70612 39.064244
525 5 -0.3261971 -0.31401469 1.9 0.072117765 -0.53672573 -0.42794531 12.780103
525 2 -0.28677532 -0.079210961 1.9 1.1572582 0.8704621 -3.2073709 8.423819
525 3 -0.25512814 -0.3712075 1.9 5.3023848 7.0117375 -8.6352747 21.183598
525 2 -0.58478905 -0.58244044 1.9 4.2534276 38.17138 -67.659445 48.195417
525 1 -0.23355022 -0.10367163 1.9 -6.8400489 11.665269 -17.336947 28.319654
525 14 -0.16869164 -0.41286033 1.9 11.904922 21.878007 -18.449821 36.555554
525 3 -0.16783414 -0.26095827 1.9 0.02260541 -0.0052605726 -0.24413693 27.483642
526 14 -0.48779937 -0.28678044 1.9 -150.69332 -12.481926 -623.60866 2.4505701
526 1 0.047615669 -0.43646641 1.9 -0.2022018 -0.081665105 -0.30364586 4.3590987
526 2 0.099882217 -0.079803018 1.9 2.2576651 -0.9813624 -3.193571 18.833742
526 5 -0.26075213 -0.55709496 1.9 -6.0982722 -2.0880913 -15.347234 31.223642
526 13 -0.17091605 -0.14860155 1.9 0.25741539 -1.0122035 -0.61728713 43.528399
527 14 -0.58180512 0.32281859 1.9 -23.378988 -180.80804 -322.64965 27.763717
527 3 -0.50155721 0.25939484 1.9 -0.91457863 -0.95865417 -0.78625318 48.2808
527 6 -0.43445398 0.14967634 1.9 -0.37476601 -0.46506716 -0.48802073 14.122846
528 14 -0.15830518 0.34556256 1.9 151.55765 44.652556 -545.15658 21.624902
528 2 -0.40132357 0.6926804 1.9 0.6547217 0.47970787 -0.96207377 17.111623
528 5 -0.14079106 0.40552223 1.9 0.0005070103 0.13042563 -0.1976393 27.219581
528 1 -0.10296908 0.62540369 1.9 0.92344282 -0.17765315 -1.0397883 13.802444
528 13 0.0063174867 0.7102826 1.9 0.26910579 0.84376748 -0.9189851 3.709026
528 6 -0.21054044 0.65152372 1.9 3.6902429 1.3531477 -11.460496 45.979558
529 14 -0.33406046 -0.18075696 1.9 -131.83431 -38.40024 -412.23131 26.36716
529 6 -0.30501809 -0.43577787 1.9 51.623678 174.30113 -105.81212 6.3116043
529 14 -0.096890998 -0.23610287 1.9 -2.9175946 1.7300472 -2.7175013 36.661347
529 6 -0.20533567 -0.2847902 1.9 -0.033618657 0.1236429 -0.11053302 19.319498
529 3 -0.0059804473 -0.33258389 1.9 -0.025360137 0.044182983 -0.50533425 6.2646143
529 1 -0.15041403 -0.13206784 1.9 -73.186721 -71.834535 -178.74311 12.225338
530 14 -0.024180499 -0.42842538 1.9 -23.101882 -128.85376 -359.80078 37.550876
530 3 -0.12594221 -0.19095881 1.9 0.02514403 0.16322725 -0.3122393 8.2595573
530 2 -0.34210163 -0.36377666 1.9 1.0329099 -6.7821215 -12.567609 27.165493
530 1 0.082872944 -0.24453228 1.9 -0.10335149 0.06142146 -0.19072173 11.26328
530 3 -0.042677507 -0.25795126 1.9 0.0036872423 -0.19970192 -0.15332576 42.845518
530 13 -0.12460838 -0.53229536 1.9 5.0007985 -26.166656 -30.26307 3.6340953
531 14 -0.38599621 0.35927531 1.9 112.55406 -69.735982 -491.29719 12.346098
531 6 -0.060055183 0.090816554 1.9 -8.0144799 -0.60969365 -4.9147008 34.709647
531 6 -0.13800947 0.33376698 1.9 -1.4995889 1.0224794 -1.4978175 17.542046
531 13 -0.33130403 0.25122461 1.9 -0.55721091 -6.4044028 -12.724889 36.714759
531 6 -0.13578779 0.16372752 1.9 99.82011 43.048352 -120.1848 17.394322
531 2 -0.25658392 0.23625549 1.9 -0.11673635 -0.02610799 -0.14568991 19.713109
531 6 -0.39573878 0.24931597 1.9 -0.096165741 0.27888773 -0.74370787 21.726274
531 3 -0.07795591 -0.038319622 1.9 0.26250235 0.22926099 -0.24696413 2.6881637
532 14 0.68124192 0.048392388 1.9 273.44144 331.17091 -263.31166 26.505748
532 5 0.58485856 0.051665484 1.9 -0.004372972 0.38719577 -0.22513263 37.16559
532 1 0.61073499 0.14873432 1.9 -3.4742327 1.1659064 -4.4785072 21.822841
532 5 0.60076142 0.35817884 1.9 -3.3525144 -1.5124257 -2.2255562 18.586328
532 13 0.52202289 0.31251042 1.9 0.025558044 0.12293325 -0.24067163 6.141937
532 3 0.48614492 0.19195405 1.9 -0.09340045 -0.080964341 -0.081037711 1.0819262
533 14 0.14873642 -0.36221916 1.9 -318.3045 -325.91708 -543.59076 19.313387
533 3 0.083013017 -0.22530819 1.9 0.48479458 -0.49367834 -0.59242549 38.487615
533 13 0.17978763 -0.24299063 1.9 -0.48486529 0.018970913 -0.53476665 6.8804957
533 13 0.021284796 -0.35705205 1.9 -59.615598 13.877875 -73.106465 17.103641
533 6 -0.18251805 -0.44637238 1.9 44.346204 -99.834335 -97.663322 11.098879
534 14 0.32682929 -0.12538793 1.9 -62.237449 -129.59792 -455.34589 16.441443
534 1 0.27081463 -0.012502042 1.9 0.0025322583 -0.11064782 -0.080156413 19.813486
534 14 0.32737498 -0.14753416 1.9 0.5121978 -0.1360549 -0.37916486 41.457056
534 14 0.11675365 -0.0065779076 1.9 0.24795672 -0.36157391 -1.1310692 48.031139
534 2 0.47007679 -0.036197682 1.9 6.4160565 8.7047928 -13.675339 28.425512
535 14 -0.55061522 -0.64852115 1.9 366.57969 -230.95777 -433.39994 26.163695
535 13 -0.43982135 -0.60008799 1.9 -11.521221 15.983437 -17.125089 4.2013052
535 2 -0.81853064 -0.48028403 1.9 1.1088582 -0.56472583 -1.819207 1.0483892
536 14 -0.49642018 0.30212294 1.9 311.37845 -315.23439 -419.81221 46.799043
536 13 -0.44829635 0.4306125 1.9 0.69994428 -0.20597805 -2.232585 38.168235
536 6 -0.47859836 0.38516694 1.9 0.088421626 0.036273734 -0.1718198 16.49026
536 6 -0.1081118 0.39891403 1.9 -171.77803 94.66454 -119.67634 24.974441
536 13 -0.4377919 0.31552925 1.9 6.3272022 1.9883542 -66.690093 47.837052
536 2 -0.3185742 0.51554173 1.9 1.535136 1.1328728 -4.8847456 19.592145
537 14 -0.47994636 0.37926411 1.9 161.69003 -209.21065 -247.60703 40.532832
537 1 -0.65989775 0.38798292 1.9 -42.389592 50.21501 -43.140817 13.939308
537 6 -0.54869683 0.26563798 1.9 2.4334192 3.5380436 -5.9073769 42.164615
537 2 -0.4720922 0.24543817 1.9 0.032742301 0.10206482 -0.29662105 10.168602
537 13 -0.54356087 0.13825215 1.9 -0.2062412 -1.9944254 -2.2926871 19.86588
537 6 -0.53461587 0.44293105 1.9 -2.5455776 18.916629 -49.304167 24.213006
537 3 -0.40815269 0.32231743 1.9 0.080855593 -0.044966788 -0.087308782 48.629807
537 1 -0.67932787 0.16154648 1.9 -0.087102448 -0.012482559 -0.25410557 27.176254
538 14 -0.18959787 0.57995065 1.9 -269.98742 100.61393 -369.36934 24.249508
538 13 -0.17231493 0.51593877 1.9 -9.4370898 -14.080791 -10.620289 40.0936
538 1 -0.20031062 0.70018999 1.9 5.8558791 0.31574709 -4.5869731 34.762969
538 6 0.037369841 0.83711768 1.9 -14.728962 34.49733 -22.254043 20.637102
538 1 -0.089909073 0.48835769 1.9 -4.643304 0.80151849 -6.9011253 30.945302
539 14 -0.49167076 0.10513391 1.9 125.22426 202.29432 -402.04035 46.386425
539 1 -0.0957415 0.083657719 1.9 -1.5519227 0.77311103 -1.6461564 21.371815
539 6 -0.38855165 0.53105216 1.9 -1.9476516 0.35906284 -2.5209959 20.218296
539 2 -0.33245354 0.22420655 1.9 0.035987962 0.009044491 -0.20769684 0.70084075
539 14 -0.4617536 0.48616765 1.9 -80.550564 -97.157148 -131.25056 37.946209
539 3 -0.27393886 0.34333437 1.9 -55.339558 10.234602 -61.672688 35.109594
539 6 -0.28478789 0.098123023 1.9 -0.70732517 0.1728927 -0.7611142 48.052705
539 6 -0.58685555 0.41920911 1.9 2.2284951 -7.5551582 -6.8798193 13.105797
540 14 -0.67588031 -0.17971531 1.9 -1007.9918 4.8075975 -666.98184 6.89422
540 3 -0.44610303 -0.16748563 1.9 4.4631766 -2.1144996 -3.4029775 26.790746
540 1 -0.67010377 -0.053751509 1.9 -3.4546355 1.5074307 -2.7831763 18.628482
540 1 -0.31551826 0.15020879 1.9 -0.23472263 -0.24236411 -0.30489496 36.481017
540 14 -0.42649217 0.093357564 1.9 -0.26160561 -0.076311958 -0.2300743 8.3001541
540 1 -0.34515128 0.055117475 1.9 180.13645 144.54687 -166.13883 24.110091
541 14 -0.36468167 0.76880976 1.9 -172.28822 -576.95093 -411.27486 41.580599
541 13 -0.28924221 0.74230347 1.9 -1.9155749 6.4758284 -6.5779474 16.911051
541 3 -0.32582146 0.56002798 1.9 -0.01398996 -0.2805047 -0.82733079 48.58975
541 2 -0.48201258 0.86806941 1.9 -54.757527 -79.095295 -142.60078 34.319268
541 5 -0.68465851 0.61662362 1.9 3.7504911 9.8383428 -8.6110621 44.840236
541 14 -0.15076777 0.67073585 1.9 10.97113 69.177088 -89.871776 0.94445206
541 5 -0.4047011 0.38871758 1.9 -16.419889 -7.4397773 -75.752108 16.531798
542 14 -0.057219476 -0.64161745 1.9 -28.851678 -762.83012 -1423.5197 3.8979246
542 2 -0.31522079 -0.40496457 1.9 -0.95983907 -0.16871266 -1.4124664 43.030681
543 14 0.19858368 0.003823076 1.9 25.862309 320.88644 -190.32796 0.13649534
543 2 0.18406975 0.25970778 1.9 99.312531 12.629668 -132.52101 8.9595075
543 13 0.32790504 -0.016490554 1.9 0.58897975 0.59401582 -1.9396569 30.465143
543 5 0.182407 0.1961434 1.9 54.230988 -72.909381 -68.311508 14.493917
544 14 0.60331353 -0.64662027 1.9 353.25799 -44.508123 -632.83959 30.921023
544 2 0.64232176 -0.30499107 1.9 98.87035 163.07497 -313.94222 17.450126
544 13 0.45546048 -0.81475646 1.9 -4.8412714 -2.43257 -11.724615 14.214343
544 13 0.84783253 -0.19343431 1.9 -50.636813 -4.4084428 -51.261329 38.76516
544 6 0.60599622 -0.63730658 1.9 -37.498396 82.754118 -92.753024 3.9247193
545 14 -0.083489815 0.1347175 1.9 275.67821 80.456651 -463.8224 2.1095091
545 2 -0.54399245 0.0093317866 1.9 92.363641 0.45484138 -60.329505 4.8484486
545 2 -0.29544964 -0.25743132 1.9 -26.314774 30.51862 -38.498666 4.8235479
545 13 -0.34212933 -0.29518341 1.9 4.1906171 -3.9615476 -3.9672666 43.83529
545 14 -0.57723097 0.093110191 1.9 -4.3200311 51.076553 -65.843994 32.650044
546 14 0.074439956 0.33308974 1.9 -314.82416 -418.56479 -904.50927 44.453303
546 14 0.22404974 0.017010651 1.9 -18.215901 -6.6031937 -17.748868 15.215922
546 14 0.10254814 0.12067729 1.9 -10.420158 4.9919857 -25.481864 49.218128
546 5 0.013279954 -0.17073242 1.9 -0.0026094666 0.18774961 -0.32640627 32.370843
547 14 0.28234779 0.11543856 1.9 190.09974 3.1389376 -323.57765 14.466768
547 13 0.25477812 0.063068061 1.9 137.16322 38.575663 -111.60286 45.165558
547 3 0.38465016 0.35727657 1.9 0.86526128 3.6208583 -15.389939 28.834246
547 6 0.093652496 0.21198687 1.9 2.8178871 2.585641 -2.6977592 0.190429
547 3 0.26735873 -0.048863229 1.9 -54.044744 -3.9892557 -36.132791 31.822027
547 3 0.5198909 0.21837202 1.9 -32.665339 33.531179 -78.235379 34.204478
547 14 -0.10368412 -0.10404971 1.9 -0.3233457 1.9967264 -6.6705628 36.982152
548 14 0.30172596 0.18641923 1.9 1537.6434 1126.8743 -2437.5228 30.717084
548 2 0.017719522 0.27503747 1.9 0.90841118 -105.10629 -156.68444 9.2382048
548 6 0.28336249 0.27150853 1.9 -33.374763 18.096708 -124.39899 6.8782887
548 13 0.31098581 0.047565938 1.9 0.55074049 2.2759301 -8.0890172 38.953458
548 13 0.069083397 0.15320729 1.9 57.83982 511.46352 -374.87445 10.628622
548 14 0.20738361 0.11493744 1.9 1.283343 -0.65126797 -3.2851759 26.14858
548 13 0.11867657 0.13382102 1.9 -143.31419 -124.71088 -134.84295 36.098674
548 6 0.26532235 0.13623675 1.9 147.196 -123.48802 -429.271 14.47465
549 14 0.24933046 -0.39143538 1.9 -7.4851553 335.13275 -266.75874 15.012237
549 3 0.32403413 -0.78688911 1.9 -83.730809 52.043046 -142.46647 9.7521796
549 13 0.10369286 -0.34468255 1.9 -84.941146 -7.0002612 -186.2527 18.627842
549 5 0.0802407 -0.22062107 1.9 8.896623 -8.6668134 -10.162935 11.443496
549 5 0.32938763 -0.015681761 1.9 -0.3498292 0.62752263 -1.7080615 18.629191
550 14 0.4626944 0.53598145 1.9 490.10841 168.80962 -1113.3002 6.0423973
550 3 0.4027029 0.77185806 1.9 15.528291 33.981223 -49.922123 18.206361
550 1 0.20617699 0.65679842 1.9 -55.425409 -30.346931 -68.904864 31.77364
550 2 0.21086224 0.61893793 1.9 -175.70984 272.44171 -290.34149 42.069656
550 6 0.49795636 0.58361571 1.9 1.1182101 1.9739521 -1.4336756 32.7702
550 1 0.30764054 0.76409325 1.9 -132.16202 -115.03135 -275.5706 24.029104
550 14 0.24441164 0.6047332 1.9 -41.540495 -5.2043266 -92.117198 45.232565
551 14 -0.61168888 -0.55796872 1.9 982.53837 -1602.1139 -1197.8634 5.3040763
551 14 -0.63181926 -0.65689889 1.9 -1.4349547 -0.062244969 -1.2020267 9.7958086
551 14 -0.26820453 -0.43475563 1.9 -211.47447 224.8389 -451.13969 24.128724
551 1 -0.41759836 -0.48470335 1.9 -0.44396219 -0.79507122 -0.77663272 38.249568
551 2 -0.5630724 -0.81257901 1.9 -0.82014604 2.5692921 -8.2286519 18.804224
551 1 -0.60827802 -0.51460854 1.9 -714.35984 250.18949 -501.60054 24.732985
551 5 -0.32224268 -0.46120967 1.9 10.073895 -2.1961079 -41.554128 32.177114
552 14 -0.30676873 -0.045289735 1.9 -170.91999 169.72848 -290.37997 9.7475984
552 6 0.14946322 -0.38597275 1.9 0.23686873 0.44615414 -1.0700622 28.917044
553 14 -0.48725459 -0.12361003 1.9 112.25099 -245.97744 -468.1259 6.9527661
553 5 -0.61517836 -0.26998995 1.9 2.0316493 5.7499618 -13.798403 9.9351213
553 1 -0.3677175 -0.20934687 1.9 -0.57299578 -8.2254298 -8.3972807 20.425364
553 3 -0.64774819 -0.4236454 1.9 0.052751745 0.098463483 -0.21024583 19.958132
553 6 -0.23033657 -0.064277214 1.9 0.11822426 -0.22979293 -0.24784742 3.9899119
554 14 0.55535228 0.14652462 1.9 -336.89461 102.39078 -226.40793 23.958854
554 1 0.19164039 0.10299688 1.9 -5.4647773 -12.780115 -14.097652 46.943111
554 5 0.28196916 0.21644209 1.9 -6.8143423 7.6149991 -6.8921574 10.007356
554 2 0.054616735 -0.17038446 1.9 0.21697897 0.21165328 -0.19416492 32.777193
555 14 0.054426406 0.39953443 1.9 -701.68147 -452.50377 -502.0334 22.112869
555 3 0.28320019 0.49127129 1.9 -139.12126 258.35764 -226.65252 0.73183526
556 14 -0.45158776 -0.51657649 1.9 -648.07118 502.26435 -1087.848 4.7042194
556 1 -0.72387974 -0.49631056 1.9 0.47307482 3.1951515 -3.744296 14.491676
557 14 0.62669535 -0.29889874 1.9 1.3765293 210.52523 -284.21466 13.95928
557 13 0.64821675 -0.74042466 1.9 -0.97227713 -0.93380684 -2.3385991 7.4161947
557 2 0.42866134 -0.67135705 1.9 -2.9897129 -5.8693112 -11.21118 34.541417
558 14 -0.61115712 0.26784426 1.9 195.5197 -196.89697 -408.46021 45.379583
558 14 -0.40625174 0.39521909 1.9 8.8897486 25.855387 -71.983417 15.417409
558 14 -0.84605371 0.12227561 1.9 0.02202186 -0.64474185 -0.54392005 0.42957267
558 5 -0.71250784 0.4230615 1.9 -22.37076 9.4047697 -43.130573 21.235019
558 5 -0.47046485 0.49570318 1.9 -127.30972 51.962913 -100.28705 24.542032
558 13 -0.62839034 0.39828061 1.9 -0.39156517 0.24394745 -0.38242884 4.1939686
559 14 0.46670181 0.10020613 1.9 211.79448 248.99293 -269.81815 1.7180702
559 1 0.22859436 0.19561534 1.9 33.89402 0.60123458 -21.215798 6.8372354
559 6 0.064852773 0.17348727 1.9 0.21134202 -0.25012018 -0.29151568 34.25745
559 1 0.36146308 -0.044382851 1.9 -0.39975501 0.0610835 -0.3127099 21.902992
559 14 0.47670622 0.069220038 1.9 0.0587237 -0.05094758 -0.37848205 41.469405
559 6 0.14242022 0.44424362 1.9 1.5354893 5.758931 -3.5740643 3.8640283
559 6 0.16657585 0.10790046 1.9 -19.091688 -4.59671 -21.757231 14.199627
560 14 -0.43456594 0.40481547 1.9 323.53425 -186.58961 -294.02315 15.009747
560 13 -0.4165466 0.52637018 1.9 0.90376927 1.8628424 -3.7011972 17.498733
560 13 -0.39269195 0.60819157 1.9 -11.957566 -14.815146 -23.211002 7.4099078
561 14 0.10966912 -0.6690192 1.9 -318.45453 -791.15387 -2282.5862 25.842507
561 2 0.51455844 -0.55614438 1.9 -48.348657 -11.337281 -41.468526 26.532632
561 14 0.26852375 -0.66772564 1.9 -1.0177323 0.3447777 -3.8567911 12.771047
562 14 -0.71845345 0.061001338 1.9 64.607717 78.133294 -485.26926 19.768538
562 5 -0.80842545 0.035522719 1.9 2.4097345 -0.98076347 -8.5136202 9.8867475
562 5 -0.87506909 -0.14820409 1.9 -1.4497755 -0.9128817 -1.8760685 34.376539
563 14 -0.17430548 0.7883008 1.9 300.78892 290.84173 -284.56485 24.459324
563 2 -0.33468339 0.43577048 1.9 0.0039027339 0.10467698 -0.11472738 11.129334
563 14 -0.19205609 0.52421731 1.9 13.997026 11.367779 -22.559043 20.744301
563 3 -0.42736773 0.48208981 1.9 0.040489443 -0.018656451 -0.19228147 0.93208074
563 2 -0.24936192 0.56798093 1.9 0.84628655 0.43496948 -2.7795684 15.705546
563 2 0.030779355 0.025119289 1.9 39.114891 -30.784147 -146.37708 5.5942384
563 1 -0.080992213 0.49325038 1.9 -0.5454379 -0.15242572 -1.2319879 10.876408
564 14 -0.34111512 -0.065972509 1.9 -318.57625 -126.96848 -925.73759 9.7398758
564 13 -0.079621924 -0.12453887 1.9 17.203194 -100.24474 -178.75864 20.02838
564 3 -0.17371429 -0.20774622 1.9 0.70460627 5.019076 -3.175637 31.291983
564 3 -0.10676336 -0.22180758 1.9 1.6879377 -40.605069 -49.052962 47.474739
564 2 -0.38452917 0.076343793 1.9 -0.14648793 -0.35122362 -0.81132608 16.649077
564 3 -0.2415905 -0.33566612 1.9 -0.12272223 -0.16814617 -0.24704263 4.6787629
565 14 -0.14619477 0.42927774 1.9 -85.390893 -213.32882 -350.6521 31.775604
565 5 -0.041714699 0.35533259 1.9 0.062410511 -0.062319244 -0.14391085 36.751778
565 1 -0.2498452 0.67709523 1.9 3.3302205 -9.9143055 -8.7003098 45.272213
565 6 -0.26721441 0.29846351 1.9 0.45494513 2.0190811 -1.7074029 29.100593
566 14 -0.18491721 0.11351946 1.9 -704.81653 29.906071 -2656.6051 48.536653
566 14 -0.35071528 0.013978216 1.9 -4.550732 -19.058241 -23.18146 6.1200531
566 13 -0.31911635 0.24205045 1.9 3.6267881 -4.0706956 -4.0789796 1.2918576
567 14 -0.52122998 0.088397517 1.9 -125.0388 -192.62625 -277.49989 2.6762373
567 2 -0.35285254 0.16625427 1.9 -10.678887 5.9394262 -28.879323 21.381858
567 5 -0.14728417 0.2508301 1.9 0.18006427 0.025842522 -0.21691934 28.070328
567 1 -0.33033154 0.17815271 1.9 -34.44182 -10.068013 -31.966815 49.776045
567 14 -0.079347491 0.25258304 1.9 -2.9734523 7.2003995 -14.64495 24.747153
568 14 0.24785735 0.35549873 1.9 -82.711797 198.64616 -470.72892 31.625082
568 5 0.4452679 0.19209023 1.9 -0.38113828 -0.13821503 -0.36309766 2.5032743
568 13 0.68439103 0.36314066 1.9 -87.617116 -12.5064 -111.58266 31.306488
568 6 0.79835321 0.37721069 1.9 9.9141426 8.0879089 -11.576109 34.2721
568 13 0.6007777 0.50784781 1.9 -1.8541609 0.53235828 -1.6282012 4.547649
569 14 0.8036671 0.0094428876 1.9 61.489978 313.62937 -189.09975 25.099728
569 13 0.58936188 -0.079446741 1.9 13.189418 62.971315 -77.109458 6.1206141
569 14 0.56901993 0.1253732 1.9 8.1849922 -3.0562269 -5.3196529 46.994182
569 2 0.27722623 0.0014828626 1.9 0.12792524 -0.16163084 -0.12543916 14.682417
569 2 0.45114738 -0.14246928 1.9 -23.270493 11.416917 -17.419159 31.785405
569 2 0.46778172 -0.080506371 1.9 -0.10645867 -0.062694795 -0.085802509 13.852321
569 5 0.28426763 -0.092578953 1.9 -2.2237478 0.66426266 -9.1799552 32.29865
570 14 0.15278871 -0.23032863 1.9 -299.76 -374.26265 -334.13741 8.8657104
570 5 0.20192109 -0.24679689 1.9 0.21149276 0.039893335 -0.19875393 24.799848
570 5 0.13010144 -0.26394539 1.9 0.69419376 -2.2234987 -3.4520647 3.6033642
570 2 0.52525945 -0.33804426 1.9 31.027166 -9.9602764 -54.059821 35.422311
570 3 0.12637277 -0.091911729 1.9 -1.5401528 -2.2802049 -3.5752726 0.45003287
570 13 0.19059005 -0.15489819 1.9 -0.49234928 0.30077912 -0.93486473 11.795313
570 13 0.1883674 -0.39488447 1.9 -1.3842995 0.55679834 -1.034506 45.726795
570 6 0.054322658 -0.09918897 1.9 0.39813319 -0.0033740883 -0.53712721 38.116894
571 14 -0.021858944 0.3799213 1.9 -171.9892 236.49503 -354.85063 6.5298766
571 1 0.14713475 0.32416586 1.9 -15.957404 5.8800249 -50.792823 38.425879
571 3 -0.087169733 0.27811754 1.9 -7.0642028 9.0491219 -12.840081 42.315638
571 3 -0.10512639 0.44228928 1.9 -3.8910639 -6.2156256 -9.2292547 20.979206
571 1 0.16739224 0.0058948919 1.9 32.801072 -144.92006 -188.76841 45.532529
572 14 0.28899716 0.3554404 1.9 -210.46566 399.50436 -390.85265 0.81936572
572 14 0.44217296 0.40923744 1.9 4.623795 -5.0030614 -5.7814426 48.510152
572 13 0.067805646 0.49715812 1.9 34.485313 -107.12081 -164.07144 2.1465084
572 13 0.37209562 0.2611322 1.9 193.9863 -70.811087 -152.92793 16.075976
572 6 0.26534263 0.24936692 1.9 8.5172725 -8.8645348 -22.014801 9.0539218
573 14 0.44217029 -0.42630029 1.9 75.614352 -13.444618 -368.97073 28.165665
573 6 0.55842009 -0.38289397 1.9 -0.052494037 0.16285069 -0.12676687 21.498014
573 14 0.21692221 -0.63907211 1.9 -9.5678037 4.078824 -33.169422 15.651952
573 3 0.43479936 -0.49845232 1.9 -0.1977629 -0.093571846 -0.12941988 10.299408
573 2 0.61410883 -0.42762938 1.9 1.3529473 -1.1670879 -2.8861064 38.954045
573 2 0.72871533 -0.54772772 1.9 0.55419438 -0.17895501 -0.61834114 49.842117
573 13 0.42802886 -0.80081219 1.9 -35.484231 -132.80159 -126.29083 26.718704
573 1 0.33316081 -0.65231858 1.9 -42.658041 -26.377178 -46.862993 25.391137
574 14 -0.021428571 -0.46578806 1.9 85.972226 191.09696 -365.93837 8.1450329
574 5 0.013699186 -0.5606873 1.9 0.29492382 -0.040192561 -0.20924295 12.070511
574 14 -0.28846683 -0.37261139 1.9 7.6957846 -5.9921781 -9.9923813 13.862409
574 13 -0.12636351 -0.70347151 1.9 -0.60715694 -0.46460395 -0.76466589 37.029869
575 14 0.40041029 -0.50419673 1.9 -145.8839 71.719746 -390.85761 2.8237012
575 1 -0.091467391 -0.43167709 1.9 -0.077850444 0.20762009 -0.14450866 19.028603
576 14 0.11548856 0.33289145 1.9 270.23983 -62.740202 -304.11249 31.902052
576 13 -0.14413328 0.11049003 1.9 -0.37533022 0.21630872 -2.193705 30.451701
576 5 -0.2052725 0.53454184 1.9 0.64000696 1.0073601 -0.78033397 5.4445895
577 14 -0.087610856 0.72034149 1.9 397.24981 91.984117 -392.57779 49.518795
577 14 0.68908691 0.66013617 1.9 -0.16341735 -0.17557679 -0.42285781 30.491845
577 5 0.044228561 0.559368 1.9 1.3625536 4.674922 -4.182454 16.420599
577 14 0.14126841 0.38028658 1.9 -7.4342637 -0.6893319 -9.1761804 36.855799
577 3 0.1397694 0.53730958 1.9 0.32129376 -0.088546178 -0.91051592 35.220719
577 2 0.051251707 0.35470135 1.9 -1.0856847 1.5690273 -2.0870992 36.822805
577 6 0.13987898 0.57375157 1.9 0.96084177 -2.3379609 -2.1402772 49.281264
577 6 0.31796871 0.63670798 1.9 0.050876963 -0.13792408 -0.27564078 11.712309
578 14 -0.1388527 0.53429407 1.9 -74.989997 -914.66253 -782.89861 14.914946
578 1 -0.35737013 0.74323561 1.9 -1.8927237 1.5822036 -2.7364209 48.16037
578 3 -0.36679497 0.33096456 1.9 9.9354433 0.30466561 -51.349721 25.465881
578 6 -0.23483104 0.48736751 1.9 0.65482266 0.57970379 -1.1261045 21.660741
579 14 0.34953207 0.27188515 1.9 -266.47578 -209.02876 -447.78066 1.016192
579 6 0.076757695 -0.13320799 1.9 -0.00022761447 3.1905449 -4.9917964 38.642621
579 6 0.27604542 0.14118173 1.9 -9.9586852 24.91658 -16.26014 25.570689
580 14 0.17911125 0.038795295 1.9 -653.64709 -61.361501 -971.30716 44.314634
580 1 0.10913456 0.064329133 1.9 1.082256 -2.7688176 -4.1947572 43.890217
580 3 0.037423248 0.10565381 1.9 2.2063486 -9.0046383 -6.7260836 42.1118
580 2 0.020234716 0.0025700366 1.9 1.0672226 0.18311335 -1.5660895 49.745093
580 2 -0.1132425 -0.10566555 1.9 9.1705905 -3.4667246 -12.173272 30.287264
580 2 -0.15867606 -0.084101699 1.9 3.9218268 -16.784593 -14.346229 41.873915
580 6 0.13946026 -0.019768374 1.9 -5.2972364 0.87276899 -4.5069481 4.4943191
581 14 0.28088595 0.18525296 1.9 -81.443171 -44.856925 -658.50574 3.5204131
581 6 0.38560422 -0.074087154 1.9 -61.119501 -14.767845 -54.299579 18.760353
581 6 0.070843911 0.35268968 1.9 -0.066874149 0.12860063 -0.22263609 48.807206
581 13 0.12246244 0.075977029 1.9 0.12604362 -0.22075315 -0.18944473 32.62401
581 1 -0.029031236 0.19802604 1.9 -18.480027 -16.075996 -17.711902 47.992064
581 14 -0.079297995 0.072336448 1.9 -64.711459 -134.23567 -198.19207 32.186716
582 14 -0.38623577 -0.054585724 1.9 -62.488731 366.68986 -251.89379 8.7296615
582 1 -0.17252426 -0.10826516 1.9 -3.0659557 7.403137 -7.2246033 44.678858
582 2 -0.52366574 -0.096461281 1.9 -0.15024201 -0.018131875 -0.13592675 19.16936
582 13 -0.041281535 -0.47737778 1.9 0.16145676 -0.14574358 -0.30508216 4.5808985
583 14 0.69897189 -0.2419031 1.9 231.26711 -35.338226 -265.27515 29.740855
583 3 0.59864915 -0.6304249 1.9 -10.319386 -16.689463 -17.13221 28.65857
583 3 0.47520281 -0.1847886 1.9 0.27803426 -0.50327216 -0.91001555 41.146199
584 14 -0.18988725 -0.59434732 1.9 -356.59261 -936.12453 -956.721 46.461176
584 1 -0.07765267 -0.47001819 1.9 -0.20089204 -0.5055067 -0.68092611 38.605056
584 2 0.10638879 -0.40494485 1.9 0.97441715 -0.39365038 -1.0715967 1.9071973
584 13 -0.22744889 -0.74908965 1.9 -0.50737553 -0.19889098 -0.89925192 35.615176
584 14 0.015119717 -0.51252936 1.9 -176.44101 -538.41656 -354.52469 31.872575
584 5 -0.4411092 -0.51348177 1.9 -0.17856025 -0.16662212 -0.36169928 35.092104
585 14 0.18482165 -0.24810285 1.9 -118.0603 355.55628 -380.25499 48.470906
585 6 0.25233134 -0.45283561 1.9 0.17921255 -0.039183052 -0.28288075 2.714002
585 14 -0.1978196 -0.19232635 1.9 0.49419148 0.42602505 -2.4282876 21.711256
585 5 0.12109813 -0.39189405 1.9 47.512562 -63.079406 -62.861784 34.403258
585 14 0.0080382058 -0.41019746 1.9 -70.836059 -13.859522 -78.07031 48.917546
585 3 -0.00049281257 -0.44381271 1.9 -0.038448205 0.31585003 -0.28997765 49.401852
585 14 -0.0038041801 -0.37791993 1.9 -77.061251 92.467477 -114.12307 47.94731
586 14 -0.20216122 0.11097211 1.9 353.33464 -6.3791429 -430.78412 38.865389
586 3 0.066923049 0.22980319 1.9 -0.11606028 0.20135109 -0.27393698 45.166649
587 14 0.64262976 -0.40047362 1.9 61.55312 -367.13574 -269.16699 44.091513
587 2 0.22282485 -0.52302508 1.9 -34.295631 -2.4633054 -36.972117 49.808811
587 14 0.17326505 -0.70754655 1.9 -1.6684209 -0.82442168 -1.3722464 27.910849
588 14 -0.53617065 -0.06494437 1.9 27.834368 -224.41992 -456.629 21.829689
588 13 -0.5534316 0.01448025 1.9 -39.46589 -7.7613916 -90.423837 34.210241
589 14 0.27814097 -0.31987988 1.9 266.13597 80.079625 -293.21847 20.764047
589 2 0.092452426 -0.23486663 1.9 -0.49229426 1.1845451 -1.2129846 48.518991
589 5 0.55101596 -0.44909069 1.9 4.817721 6.0814519 -21.67519 40.325127
589 2 0.27967231 -0.56368801 1.9 0.31404396 0.27870211 -0.54697811 10.555819
590 14 -0.25913905 0.3698865 1.9 -211.09805 -89.963955 -505.96973 9.8996118
590 13 -0.19685524 0.40292154 1.9 -36.237308 45.302549 -49.607918 23.225777
590 5 -0.038597333 0.5358751 1.9 0.25515986 0.098499861 -0.71148417 39.362451
590 1 0.13137301 0.66806496 1.9 -0.18104647 -0.47429679 -0.63458235 16.752723
591 14 0.39533545 -0.063679464 1.9 -208.87512 -421.43957 -343.58836 8.4736938
591 1 0.45107748 -0.021988015 1.9 3.9078187 0.70520936 -3.6430497 44.727297
591 5 0.30974004 -0.057732417 1.9 -1.9840786 -3.3802948 -3.5918338 11.28228
591 14 0.29316398 -0.21211429 1.9 -0.32733072 -0.39422031 -0.43915568 32.90718
592 14 -0.38606006 0.86914883 1.9 -9.5084983 -128.38084 -363.89532 37.022137
592 14 -0.261856 0.3163666 1.9 -0.34569545 -0.28524976 -0.28965346 22.066761
592 2 -0.35985046 0.59712932 1.9 -0.33222706 0.23362174 -0.34096508 8.9546629
592 13 -0.20712808 0.50418128 1.9 -19.556125 -23.528346 -27.605429 9.885942
592 2 -0.25557594 0.4100445 1.9 0.43712255 0.24903008 -0.69381265 29.34384
592 13 -0.18749986 0.26751131 1.9 3.2104763 2.0061129 -6.6782622 38.290607
592 5 -0.056487644 0.44561992 1.9 54.633069 13.195328 -52.48973 24.160759
593 14 0.35355931 0.54297561 1.9 205.31971 -814.44171 -739.46065 25.774143
593 1 0.58154567 0.71127029 1.9 1.4620802 -1.8836283 -1.6692356 34.25253
593 2 0.6642581 0.6038002 1.9 0.65236795 7.9098512 -24.837088 43.841198
594 14 0.24285156 0.589032 1.9 -5132.0633 -1337.6165 -5440.3712 49.435559
594 5 0.30861413 0.26014793 1.9 -179.82931 93.608607 -186.10618 29.18027
594 6 0.52675114 0.56935696 1.9 0.24095956 0.85796242 -3.7379664 30.371947
594 2 0.31394848 0.22699275 1.9 1.5464088 -0.49987763 -3.1552775 6.4734765
595 14 -0.37217484 -0.57387483 1.9 -114.9032 -117.77917 -346.60564 5.7032174
595 3 -0.84965043 -0.31346365 1.9 -3.0007455 -1.1150411 -5.234859 12.606784
595 1 -0.4514549 -0.48141574 1.9 2.2518381 4.2251825 -4.7038446 33.553261
595 14 -0.22086647 -0.11391455 1.9 3.1845459 2.2642102 -3.717127 12.652721
595 5 -0.17952961 -0.32380115 1.9 -0.031372192 0.59093556 -0.35608527 30.362287
595 5 -0.54363196 -0.26487772 1.9 -0.093043925 0.054651902 -0.25157386 10.253445
595 6 -0.32901344 -0.27372157 1.9 -0.13049702 -0.41107409 -1.1274644 28.225445
595 2 -0.52941911 -0.57444914 1.9 -0.0099867512 0.16539917 -0.15716955 11.079888
596 14 -0.57885789 -0.25391895 1.9 -196.34837 488.35135 -608.37473 6.8258479
596 13 -0.47040849 -0.20122774 1.9 -1.6055597 -14.653749 -9.0015346 20.529723
597 14 0.4836903 0.38200464 1.9 -281.55559 25.982766 -294.04429 18.41634
597 5 0.28079008 0.23487965 1.9 -0.076093905 0.099390742 -0.78081704 14.236407
597 2 0.65821855 0.023204699 1.9 -0.17053477 -0.31477713 -1.176455 11.491433
598 14 0.39552052 -0.19129027 1.9 -1413.3767 149.13741 -2304.1375 40.022249
598 2 0.5746296 -0.30226376 1.9 -1.0544112 -0.027448844 -1.1815078 27.220714
598 1 0.65836065 -0.13179675 1.9 -7.0610022 -7.1114743 -10.748641 5.9162645
598 2 0.60898922 -0.31585612 1.9 -402.82353 -106.93052 -596.55819 29.685733
598 13 0.67196475 -0.12739364 1.9 -38.545752 -23.114204 -72.256002 35.864655
599 14 -0.36293019 -0.083836863 1.9 -391.5127 147.0605 -318.91368 14.397442
599 3 -0.38530547 -0.39026146 1.9 -0.49735983 -7.2491919 -8.5112356 8.900666
599 2 -0.1465592 -0.078391755 1.9 -0.056477845 0.067876144 -0.41473016 45.455248
599 2 -0.16302667 -0.29479204 1.9 1.8877216 0.9263382 -2.248075 18.073248
599 6 -0.35312407 -0.12269839 1.9 -1.8630543 1.8612495 -2.4287302 31.093337
599 5 -0.47738917 -0.12996725 1.9 0.048879089 -0.92075863 -0.78620559 41.247873
599 2 -0.35625915 -0.44735888 1.9 1.8977865 0.56827984 -3.7330204 29.419351
600 14 0.065802433 0.51350077 1.9 -140.27468 119.0112 -328.26388 25.079579
600 5 0.16574696 0.59449186 1.9 -2.2954855 -2.5285103 -2.1421977 34.554975
600 2 -0.095503085 0.29986781 1.9 0.47029652 -0.33122695 -0.37228559 45.427008
600 14 0.46929269 0.71937226 1.9 0.085848177 0.062876801 -0.22527002 27.56409
600 6 0.30554745 0.38295326 1.9 0.20244554 -0.13589418 -0.29766691 25.306892
600 13 0.065900107 0.29475712 1.9 68.398987 24.189371 -171.01972 45.354209
601 14 -0.29781959 0.17349654 1.9 -201.34089 144.29607 -399.05332 22.801163
601 3 -0.57273381 -0.11174262 1.9 0.032750697 -2.2862141 -3.5965745 36.553199
601 2 -0.48273315 0.087387687 1.9 0.43154749 0.15792686 -0.84966872 18.252919
601 6 -0.61563227 0.0021533986 1.9 -4.108947 5.1224778 -4.1517658 20.278825
601 2 -0.63168802 -0.088879827 1.9 -0.58053928 0.41002665 -0.90464012 29.38788
601 14 -0.68066545 -0.17526109 1.9 -0.52768112 -1.0855375 -1.3806708 27.820083
601 6 -0.79702969 0.29130686 1.9 -0.089913897 -0.0041210708 -0.21725969 4.439319
602 14 -0.229299 0.39968929 1.9 -468.5828 -184.24892 -344.19691 16.63573
602 14 -0.39199062 0.27775811 1.9 0.89870373 -1.3583232 -2.0716186 28.66706
603 14 -0.17463592 0.47103431 1.9 -330.14282 -186.61018 -392.77051 9.4260911
603 2 -0.16116963 0.34924325 1.9 1.6899373 -3.4074574 -7.3349531 16.694987
603 13 -0.22030372 0.29133369 1.9 0.83134835 -2.5281216 -9.2160821 49.279434
603 1 -0.14107072 0.57933114 1.9 -30.227473 26.007174 -39.9874 48.405797
603 14 -0.21340167 0.45889432 1.9 -18.296719 -16.553424 -14.405226 25.653722
603 6 -0.092081916 0.2002066 1.9 0.017162005 -0.12850343 -0.29701508 48.906203
603 13 -0.28009799 0.55688166 1.9 1.146677 -1.0140665 -3.12313 8.0697853
603 1 -0.14032837 0.44513901 1.9 -4.7774586 1.4537141 -23.465348 0.16181431
604 14 0.61127695 -0.56466719 1.9 -297.79879 -262.17978 -830.72122 47.253808
604 2 0.79777129 -0.36632547 1.9 4.3611385 1.8905155 -4.6249716 10.905126
605 14 0.40033245 0.38584041 1.9 -251.96197 -43.44209 -440.75279 22.751808
605 1 0.081029609 0.57753391 1.9 -6.6296092 -3.9174484 -5.3724935 10.061606
606 14 0.89269328 -0.49335119 1.9 -128.20317 -308.03785 -417.00797 32.21473
606 6 0.75216035 -0.58234277 1.9 -7.282159 8.5288051 -7.4260344 30.847959
607 14 -0.27815514 -0.53963233 1.9 616.38925 -224.38437 -382.31357 10.827991
607 14 -0.33519263 -0.38085937 1.9 11.458176 -3.3947177 -10.539846 39.135495
607 3 -0.19315585 -0.49193972 1.9 17.006617 -6.5549686 -23.820411 32.747811
607 2 -0.36143569 -0.39269714 1.9 -0.30746034 0.37311372 -2.9693201 33.128632
607 5 -0.067205415 -0.42803309 1.9 0.26156189 11.578918 -19.36955 40.397812
607 1 -0.20239778 -0.38798099 1.9 -0.10507597 -0.084091943 -0.17215159 7.9261558
608 14 -0.019002892 0.55436314 1.9 488.56178 -262.72045 -407.99047 48.638371
608 5 -0.046308797 0.43092974 1.9 -3.1320597 2.4123628 -9.8050617 42.212613
609 14 -0.34785949 -0.18726335 1.9 1929.7865 -2169.5857 -2208.4856 24.86858
609 1 -0.21135645 -0.16817778 1.9 -7.9571057 22.483013 -24.847397 12.029481
609 2 -0.34242546 -0.07301853 1.9 -112.05715 -57.403774 -189.40005 49.251986
609 2 -0.13181251 -0.26142324 1.9 -58.411736 32.88879 -42.790739 0.74300044
609 6 -0.31916892 -0.17889126 1.9 -1611.4073 296.97716 -1009.4712 7.7617076
609 1 -0.59053279 -0.42273286 1.9 21.063975 2.7047729 -67.128842 28.306058
609 2 -0.17793188 -0.093207006 1.9 942.48972 -61.630513 -777.91883 4.7105021
610 14 0.038302108 0.48198688 1.9 -814.82521 -679.38432 -5776.5856 46.020498
610 3 0.63783183 0.41326457 1.9 -143.48106 195.50456 -933.17795 19.362575
610 14 0.097995662 0.49078952 1.9 39.065426 126.05638 -84.627033 44.277027
610 2 0.44804452 0.54607989 1.9 3.8390654 18.976016 -12.600796 39.626644
610 14 0.23454655 0.52592749 1.9 0.60813085 1.076772 -1.5910569 39.24542
611 14 -0.13126802 -0.05464549 1.9 133.63009 -88.37759 -403.84609 30.185031
611 13 -0.14130067 0.11272563 1.9 -49.054134 24.169587 -35.898946 44.394954
612 14 -0.062635348 0.030957098 1.9 115.57378 272.54289 -266.58463 13.572206
612 5 -0.10972173 -0.076321409 1.9 -0.52635854 -0.41975166 -0.87770353 21.899752
612 1 0.30487068 -0.20654253 1.9 -2.4659185 -5.4594823 -4.9291583 26.171987
612 2 0.26215952 -0.15895663 1.9 -1.7311446 3.6404237 -3.9414687 43.175922
612 3 0.26574099 0.25896953 1.9 -0.7839285 -0.10957111 -0.84333933 44.766903
613 14 0.36316762 -0.51799586 1.9 324.69978 111.68488 -212.33474 39.733915
613 6 0.43377536 -0.53141055 1.9 18.713889 -8.7037994 -124.73463 1.1635835
613 1 0.46422633 -0.4470003 1.9 -0.11155213 -0.24570137 -0.37753874 40.141599
613 3 0.38473022 -0.44225292 1.9 40.7517 -7.546349 -51.055123 33.385837
613 2 0.35141997 -0.60021361 1.9 -1.2135173 -0.047172163 -1.4240468 15.302457
613 6 0.38084716 -0.51479168 1.9 -0.064995129 0.030060114 -0.21950322 17.062325
614 14 0.63767506 -0.027327322 1.9 13.181691 7.4589228 -534.83417 25.358073
614 13 0.50117635 -0.044929341 1.9 112.41881 55.965641 -77.993324 35.434219
614 2 0.4226029 0.044473504 1.9 -0.97310566 0.49087331 -1.9106338 43.191723
614 2 0.82827613 0.12188763 1.9 -4.0641109 -0.15782226 -4.5641361 41.610167
614 6 0.47415224 0.14604894 1.9 -24.745857 5.5407694 -14.993314 42.392693
614 13 0.24305497 -0.25383951 1.9 4.1469264 0.063074902 -2.669064 25.507381
615 14 -0.22988182 -0.59414482 1.9 109.3198 25.423143 -361.76544 5.8879379
615 3 -0.15954446 -0.618652 1.9 0.32358011 0.56878242 -0.53620849 26.204585
615 13 -0.5262117 -0.7009545 1.9 0.68248842 -0.065221348 -0.77283273 3.7721587
615 1 -0.29118729 -0.46965641 1.9 7.8428923 -27.776232 -18.602291 14.55141
616 14 -0.58066726 0.72844129 1.9 -158.25362 -384.12584 -242.38511 25.058291
616 5 -0.4690915 0.64954575 1.9 0.057380835 0.32858521 -0.70927319 49.121706
616 6 -0.24709469 0.41820844 1.9 -29.769701 16.627075 -52.647476 13.743452
616 5 -0.45106995 0.6419497 1.9 -1.5498136 -0.56702387 -3.7825754 42.245848
617 14 -0.31283759 -0.46270873 1.9 106.92253 308.64618 -256.35759 7.2572917
617 6 -0.11639563 -0.32104673 1.9 0.39010524 -0.27085168 -0.43194408 37.009948
618 14 0.037442124 0.34327853 1.9 -155.23627 -597.32628 -645.13428 35.357098
618 13 -0.13127218 0.029780487 1.9 1.5704368 -0.5916097 -10.507621 17.447597
619 14 -0.17302896 0.4832135 1.9 -105.95658 -582.69897 -418.23203 16.336725
619 3 0.16572634 0.3987237 1.9 0.0021634885 0.13856236 -0.32428684 29.715256
619 14 -0.19577856 0.30607881 1.9 -7.7977449 189.37359 -338.94892 25.743414
620 14 -0.24437261 -0.19866772 1.9 258.20198 177.0973 -279.03553 10.087789
620 2 -0.12251538 -0.14530597 1.9 -1.2111689 0.29790775 -1.0269016 40.606661
621 14 -0.51769076 -0.022057126 1.9 590.49385 543.4033 -729.53525 32.696047
621 1 -0.3291073 0.075489694 1.9 1.2495005 -1.0967473 -1.5872472 11.292968
622 14 -0.40500111 0.35571012 1.9 80.821628 -237.73121 -256.4616 19.256622
622 6 -0.33907583 0.36866656 1.9 0.10996841 0.18552894 -1.9469636 8.6103225
623 14 -0.030398714 -0.10839931 1.9 -173.25694 25.212138 -350.72688 31.396089
623 2 0.082969968 0.11049873 1.9 1.9478124 -3.9131574 -5.6824332 28.143462
624 14 0.11282911 0.47213871 1.9 -447.97474 -96.464911 -434.61984 40.210293
624 2 0.033983154 0.53054927 1.9 -7.9171341 -13.594157 -12.7949 2.5368238
624 3 0.11020026 0.83380015 1.9 0.0062564244 -0.11884299 -0.4888813 29.95682
625 14 -0.5368816 -0.12071789 1.9 53.588395 -52.080996 -355.15067 3.8127972
625 3 -0.73021555 0.014368481 1.9 2.5834249 2.9373916 -4.666353 31.405188
625 1 -0.47719307 0.080193943 1.9 0.025718983 -0.00077011791 -0.67615759 21.132471
625 6 -0.27556878 -0.025770479 1.9 23.232174 17.98369 -149.13451 6.63933
625 2 -0.46776296 0.26625621 1.9 1.7474486 4.6676829 -4.5209435 20.00425
626 14 0.28709572 0.11606409 1.9 -357.1617 274.73351 -610.01893 34.407147
626 2 0.50830299 0.018077755 1.9 -0.27359509 0.61185538 -0.40980358 49.385949
627 14 -0.56838397 -0.042663882 1.9 216.11509 142.32658 -368.28657 15.897975
627 5 -0.26234037 -0.19084387 1.9 0.012595389 0.038730858 -0.14797696 5.2630341
627 5 -0.27508439 0.017351153 1.9 -10.422975 2.8991345 -9.6839498 21.545466
627 1 -0.38892978 0.051355854 1.9 1.4056138 2.8079391 -5.9670617 28.185507
627 3 -0.31690003 -0.084069276 1.9 39.784697 -43.502578 -126.11219 19.799434
627 5 -0.29234813 -0.0098093251 1.9 1.1415686 -12.665599 -28.868072 26.796243
627 13 -0.25851113 0.028925029 1.9 0.082026316 -0.14683154 -0.60802272 6.545593
628 14 -0.14662863 -0.80909467 1.9 -67.642627 203.99622 -351.84569 5.4435012
628 5 -0.16024466 -0.50272081 1.9 -7.1126522 -9.2463285 -24.802903 44.096521
628 3 -0.22005055 -0.67074115 1.9 -1.8021369 0.21560825 -1.2205668 7.4450045
628 5 -0.15726935 -0.38935929 1.9 2.6654225 16.448057 -80.652194 35.118969
628 13 -0.021883365 -0.53282921 1.9 0.2395884 -2.4436308 -2.1824463 37.281069
629 14 -0.095207056 0.45060243 1.9 -214.11585 328.31721 -304.4345 3.7086854
629 2 -0.15033052 0.5665906 1.9 -157.6875 68.475056 -179.15171 9.1978235
630 14 0.15061381 0.34122886 1.9 -187.4192 229.37315 -242.35231 4.4806977
630 3 0.21807544 0.1760483 1.9 56.91204 0.5888256 -47.794804 30.093738
630 14 0.24909853 0.081065179 1.9 0.030991538 0.0079955689 -0.33211036 1.5518122
630 3 0.30888574 0.33298362 1.9 -0.072449208 -0.090286566 -0.081569871 14.619507
631 14 -0.33434262 -0.58214471 1.9 -158.90856 330.47744 -828.72859 49.661903
631 14 -0.24857639 -0.585965 1.9 1.0112634 -1.023282 -1.8811081 37.071984
631 1 -0.41896615 -0.66751368 1.9 -59.780306 109.02015 -118.52349 40.35427
631 6 -0.3673794 -0.58061291 1.9 -15.637113 -0.63236205 -16.172759 40.286007
631 3 -0.49858407 -0.55525899 1.9 -4.8950769 -23.407719 -24.997862 7.916787
631 1 -0.33362879 -0.79954472 1.9 -29.583252 -3.4721332 -32.367472 4.0417605
631 5 -0.45502288 -0.26242705 1.9 -2.4700052 6.4921696 -20.522412 14.428548
631 3 -0.21956883 -0.55101211 1.9 -11.590155 -1.9798096 -26.650812 10.940012
632 14 -0.52419242 -0.81335136 1.9 -188.57865 264.44675 -213.20862 37.222278
632 14 -0.32740764 -0.53744158 1.9 -0.10766992 0.12858039 -0.64470548 17.908119
632 3 0.2404536 -0.61968041 1.9 0.35050783 0.35554263 -0.30875361 6.2297719
632 5 -0.14969866 -0.46890505 1.9 -18.499461 -1.9416632 -14.569385 48.475889
632 6 -0.077049166 -0.56211402 1.9 -1.1890056 2.0846766 -1.4025838 43.429003
632 2 -0.10776407 -0.53055374 1.9 21.885725 -10.398532 -24.666281 5.4956985
632 13 -0.16351807 -0.31436853 1.9 5.1263188 -2.5489838 -6.3156445 44.314698
632 2 -0.18935819 -0.3516169 1.9 0.024214359 -0.12865813 -0.11229196 43.214886
633 14 -0.14998916 -0.19557875 1.9 -259.17347 -129.71298 -245.18352 10.42793
633 1 -0.24504092 0.063911302 1.9 -0.4019571 0.0051318407 -0.33185571 0.080244802
633 13 0.082819955 -0.066362181 1.9 40.498241 69.470236 -61.297816 24.167244
633 1 -0.1274207 -0.042433778 1.9 -1.6092501 -0.60388522 -1.7373097 33.668369
633 13 -0.051135641 -0.25195554 1.9 -0.36742566 -0.011959908 -0.41717068 38.051432
633 6 -0.16354283 -0.13452093 1.9 -0.0034177084 0.30872123 -0.31076649 12.618285
633 1 0.11905933 0.10462526 1.9 5.2020308 1.5739682 -4.9855702 7.7185845
633 6 -0.2547221 0.049173376 1.9 -0.010282928 0.57660963 -1.1705055 31.886089
634 14 0.47861161 -0.34691109 1.9 217.69273 79.954946 -297.56207 2.4469987
634 3 0.60257072 -0.64880352 1.9 0.72191397 -2.0243513 -2.0278063 33.594385
634 3 0.60112278 -0.65225841 1.9 -8.9020928 16.946621 -64.65632 19.097208
634 5 0.37523696 -0.20904008 1.9 -1.3883216 2.1086609 -2.7451103 7.2705941
634 14 0.73196173 -0.22695831 1.9 -14.817127 -6.3833706 -121.82784 33.585137
635 14 -0.02949737 0.30669752 1.9 -246.3694 1173.4237 -1164.0152 41.425223
635 13 -0.1128124 0.51338975 1.9 -13.751977 6.7881289 -9.5082806 17.486155
635 13 -0.10604599 0.56901744 1.9 -59.053965 -7.4348569 -41.086562 28.022311
635 5 -0.10443106 0.50263253 1.9 -0.53594075 0.49673591 -1.7229938 9.8085121
635 2 -0.36430252 0.51701004 1.9 -27.921653 -14.486666 -33.171018 6.147061
635 6 -0.14908422 0.31101612 1.9 6.1817649 0.23366689 -3.9464988 2.1132327
635 1 -0.098111387 0.38685238 1.9 3.8029674 0.94995556 -3.7526454 33.456649
636 14 0.074849423 -0.67684919 1.9 172.20248 2.2782284 -513.77222 25.252219
636 14 0.12361028 -0.13072116 1.9 -0.25385249 -0.2773583 -0.35644884 36.455475
636 3 0.16559574 -0.13625689 1.9 -0.22240197 -0.2529621 -0.60131498 34.862404
636 1 0.107443 -0.3931418 1.9 0.17773859 -1.3942213 -1.9799103 46.336013
637 14 0.0413479 0.30260128 1.9 617.97399 186.31442 -518.31364 24.237965
637 1 0.29613754 0.274061 1.9 -0.28729864 0.57296829 -0.42616148 44.274615
637 2 0.22229742 0.54354927 1.9 24.783533 151.08921 -175.20319 8.42389
637 13 0.38834269 0.53896674 1.9 -70.595522 -99.074146 -141.8352 4.4281194
637 1 0.18446514 0.33909341 1.9 257.86223 62.963325 -186.37886 9.7558766
637 1 0.39899948 0.55433395 1.9 -0.49862942 0.064600572 -1.0859067 39.817481
637 5 0.18168084 0.28915173 1.9 -2.3318912 5.2019273 -4.6782943 4.0493121
638 14 -0.28844341 -0.31350387 1.9 288.33998 83.490899 -605.44126 26.074582
638 5 -0.64158266 -0.27416703 1.9 -2.5207304 4.0054064 -44.399933 27.306367
638 6 -0.094344991 -0.53195907 1.9 4.4673573 0.9289252 -5.7544825 34.325448
638 1 -0.48375395 -0.41943484 1.9 0.014798054 0.1313518 -0.23622149 32.755285
638 5 -0.063866135 -0.64741317 1.9 -1.7032227 -0.60230594 -3.7775441 46.331231
639 14 0.19778101 -0.1235563 1.9 425.79481 126.12518 -278.19132 1.1727445
639 6 0.14566844 -0.32486042 1.9 -25.412051 -26.724181 -43.90934 20.553848
640 14 0.010144446 0.059150622 1.9 36.48616 238.40671 -270.5837 6.658908
640 13 -0.039977461 -0.15387467 1.9 8.199687 4.5724671 -10.839546 15.683481
640 6 0.013668785 0.085000014 1.9 -4.8672189 0.093810377 -4.5916016 20.188848
640 5 -0.21515303 0.15231854 1.9 -1.1802299 -1.3006857 -5.4714254 48.343084
640 5 0.14608854 0.091089665 1.9 19.653193 19.023535 -36.119477 30.651571
640 6 0.24525198 0.37036571 1.9 -0.035189217 -0.11709217 -0.12831511 22.910138
640 1 0.10636376 -0.13999422 1.9 27.097727 28.803186 -74.901063 29.306014
641 14 0.15958051 0.61108175 1.9 -20.318878 410.97283 -520.09107 29.679269
641 3 -0.13586322 0.11425012 1.9 40.134333 -78.426086 -65.779437 4.2857353
641 1 0.079233052 0.21437197 1.9 1.3660236 7.3955546 -9.8152986 19.632423
641 3 0.33216548 0.35136912 1.9 13.962134 -6.7902112 -11.546106 2.2056003
641 5 0.34321623 -0.092046989 1.9 0.36458299 -0.075833195 -0.26344385 37.050372
642 14 0.34961749 0.13463219 1.9 -297.0564 181.41278 -258.25745 43.603084
642 6 0.54655792 0.26130249 1.9 0.28177385 0.070086172 -0.28975958 46.917709
642 1 0.65728131 0.24208095 1.9 31.969505 61.906618 -42.167847 22.611313
642 2 0.48790978 -0.073990142 1.9 -5.125187 15.500664 -45.593432 16.500845
642 2 0.53289679 0.0079077165 1.9 7.7830988 1.5768712 -5.1188718 43.100052
643 14 -0.60079193 -0.052374826 1.9 -95.030222 22.742352 -431.13386 26.368453
643 2 -0.51757845 -0.066295682 1.9 4.169654 4.1096072 -12.267438 23.211026
643 13 -0.51234371 -0.041672052 1.9 -7.948961 -5.0230234 -11.154683 25.985428
643 1 -0.54161324 -0.21158921 1.9 -2.7300875 -3.6460254 -3.1591993 1.877573
644 14 0.1826217 0.40005064 1.9 384.53347 329.48997 -428.56329 41.579525
644 1 0.4385486 0.59145981 1.9 0.77497099 -0.071386143 -0.49003188 38.391519
644 3 0.31407457 0.46449159 1.9 0.48975028 12.239123 -19.354371 25.364244
644 13 0.47534401 0.67774993 1.9 -0.15184665 -2.4335258 -3.8961901 40.484798
644 1 0.25892313 0.67463863 1.9 -0.019599378 -0.48806212 -0.54395077 21.179137
645 14 0.072457163 0.069597276 1.9 43.211252 257.28331 -252.0599 16.14872
645 1 0.10582012 0.24840714 1.9 -57.864591 -49.109582 -44.397825 9.9016727
645 1 0.17967835 0.17631359 1.9 -3.2281531 -0.95548535 -2.0768239 1.9985909
645 6 0.043175445 0.37898108 1.9 -31.722175 -8.6669428 -44.306375 26.137986
645 3 0.016147507 0.42185899 1.9 77.160018 -69.105232 -127.61364 17.213262
645 3 0.32699622 -0.0082814276 1.9 -5.2657379 1.2307575 -3.733882 32.078451
645 1 0.13464756 0.48602726 1.9 -16.964303 22.447381 -46.129807 16.522255
646 14 0.3799042 0.49362033 1.9 111.06065 -374.77193 -234.48055 41.262371
646 2 0.47055211 0.29791133 1.9 -0.49113472 -1.4773621 -2.1404886 35.395739
646 14 0.51631526 0.45261205 1.9 5.8385054 -1.7469736 -9.7769123 4.5537469
646 1 0.39459684 0.32370043 1.9 13.084934 -53.934029 -46.987304 7.0233258
646 1 0.4530951 0.46313948 1.9 1.0411296 1.5150762 -1.6362343 32.327713
646 2 0.25729683 0.53016996 1.9 -0.11645218 -0.012944064 -0.12232187 0.59867206
647 14 -0.19155643 0.18341895 1.9 -151.92128 -221.48597 -226.1576 34.746765
647 13 -0.10171322 0.25329442 1.9 -2.184058 -1.2549019 -1.7338158 34.120477
647 3 -0.3364932 0.2381932 1.9 -0.012589433 0.12033514 -0.28806363 46.396987
648 14 0.18171138 0.49213569 1.9 303.18263 202.26594 -305.12659 46.814488
648 6 0.078111169 0.12122499 1.9 0.077029335 0.02445681 -0.25361185 36.121629
648 5 0.087755427 0.2846896 1.9 -79.175975 111.75766 -231.94159 29.226891
648 2 0.22088629 0.01695141 1.9 -0.51859439 -1.2818683 -1.8001791 14.641539
648 3 -0.089791558 0.12489153 1.9 -0.15395842 0.71631833 -0.84992433 11.080391
649 14 0.36152447 0.4239541 1.9 -36.103031 -366.17453 -283.39472 9.5108127
649 3 0.3388858 0.21912091 1.9 2.4135723 -13.430025 -26.471596 30.001556
650 14 -0.56627616 0.30338251 1.9 -135.3344 -297.46808 -363.05069 0.48696035
650 1 -0.57636078 0.26202734 1.9 3.6188234 -8.8630572 -19.543137 45.586266
650 2 -0.41009077 0.40861587 1.9 13.060996 22.613649 -16.934712 10.163818
650 2 -0.51145916 0.208164 1.9 -0.94983704 0.53362497 -3.6759601 46.027058
650 13 -0.20109156 0.015573561 1.9 5.786349 8.6211183 -12.887911 1.089398
650 6 -0.51680351 0.317554 1.9 -163.2332 112.08012 -118.45284 28.93679
650 14 -0.38261256 0.51523718 1.9 85.137941 24.127083 -51.364787 28.688148
650 13 -0.19624099 0.35574289 1.9 -0.6801255 0.077336227 -1.6291242 46.419641
651 14 0.097215029 -0.34308865 1.9 355.79316 323.24811 -730.52205 26.778241
651 2 -0.047438308 -0.38249401 1.9 -8.0887013 -15.468065 -30.691155 20.535794
651 14 -0.12985155 -0.43315478 1.9 0.12503795 -3.0356856 -2.1126361 34.868943
651 13 -0.0099971791 -0.43578523 1.9 31.341921 12.38779 -21.134983 38.820436
651 6 -0.13264032 -0.48311215 1.9 -7.4736345 0.79059686 -7.8396212 49.749057
651 14 -0.1167119 -0.35533738 1.9 0.18920758 1.714047 -1.2644965 49.893959
651 3 -0.03843504 -0.557328 1.9 188.98612 200.1806 -221.89335 38.463836
652 14 0.33465775 0.76413673 1.9 308.76799 -113.5463 -244.26145 11.702681
652 6 0.53840067 0.78621768 1.9 1.1105695 6.9511238 -13.975594 15.066291
652 1 0.41320142 0.64354811 1.9 12.944597 21.701665 -27.566848 40.248109
652 14 0.79561321 0.31798953 1.9 -0.38929436 -5.4365603 -6.2943111 23.251626
652 2 0.38957162 0.52116537 1.9 1.5875675 1.4136096 -2.2457639 4.2337326
652 14 0.29094295 0.46359699 1.9 20.193279 -9.6902421 -20.067977 34.540349
653 14 -0.80458781 0.099874004 1.9 43.476834 -44.870455 -348.04146 22.035046
653 1 -0.063379985 -0.11601822 1.9 7.0918636 34.607003 -33.196794 18.535693
653 3 -0.19059737 0.13875657 1.9 36.41648 -18.85356 -118.58898 45.664641
653 14 -0.15254257 -0.028254063 1.9 4.4754471 3.7081955 -4.8695543 25.860979
653 3 -0.16454121 0.14679978 1.9 -0.38060277 -13.87883 -21.506977 43.299157
653 2 -0.36368114 0.21573016 1.9 0.23724396 0.098133452 -0.26224409 13.537934
653 2 -0.075666752 0.0069260963 1.9 0.40907836 -0.5107413 -0.61709572 38.555644
653 1 0.024277214 -0.37082087 1.9 19.776422 8.7851049 -20.679224 29.875096
654 14 0.24749667 -0.11578427 1.9 -256.72495 -285.79072 -305.85103 14.335211
654 5 0.335213 0.30599936 1.9 -157.10861 115.64897 -180.90691 46.767143
655 14 -0.40669701 0.5394271 1.9 -239.15014 -177.35235 -211.8613 16.056916
655 3 -0.22851239 0.61646172 1.9 6.9798533 -10.077073 -7.457389 35.339894
655 5 -0.31758487 0.51328099 1.9 0.012867341 0.14845556 -0.11123485 45.366763
655 13 -0.42099827 0.38885733 1.9 1.4855207 2.4802029 -5.7265187 16.425309
655 2 -0.26420703 0.63170518 1.9 -0.61305399 -0.4536887 -1.4370518 14.463657
655 3 -0.56548619 0.4726739 1.9 13.158903 -13.270314 -36.433942 45.130907
655 2 -0.42806179 0.65498803 1.9 -0.72622423 0.0031857093 -0.85609538 43.821032
655 13 -0.33123732 0.65625271 1.9 -0.057722599 -0.096353894 -0.096419286 8.5978153
656 14 -0.15346124 0.57217879 1.9 -53.41101 177.63021 -417.60763 28.415162
656 6 -0.083072936 0.61119341 1.9 0.10795622 -0.035433686 -0.12335467 21.487815
657 14 0.43550038 0.085701438 1.9 172.38628 180.39171 -312.09762 38.839267
657 14 0.35657882 0.25979003 1.9 -0.12359736 -0.16140524 -0.37074624 24.16911
657 5 0.42824505 0.093732912 1.9 -4.3927604 0.76414704 -4.9532804 46.997448
657 2 0.38388311 0.13409003 1.9 -0.078812225 0.054240089 -0.067794941 39.399538
657 6 0.59655057 0.19639018 1.9 -9.8097619 -19.519237 -22.810555 41.864142
657 14 0.51674946 -0.05109893 1.9 -1.0171415 16.319454 -31.754696 36.745178
657 14 0.12053744 0.26579375 1.9 0.29591615 5.9362799 -41.451301 16.442959
658 14 0.1435919 0.0021017283 1.9 493.00201 -438.59038 -520.9222 23.749042
658 6 0.59932662 -0.14671628 1.9 10.388633 -8.9312714 -40.969989 10.456747
658 1 0.40439686 -0.058395459 1.9 -31.668716 -28.665793 -46.172564 16.570471
658 2 0.55765705 -0.12421802 1.9 8.4435769 -0.85003571 -5.4242752 34.668066
658 5 0.61458386 -0.15651801 1.9 32.638367 -2.125615 -53.972395 2.2513834
659 14 0.24087346 0.031815466 1.9 -776.51388 655.36694 -731.12128 16.960283
659 1 0.10922712 -0.070238249 1.9 -10.865325 8.6959706 -25.256331 31.752742
659 5 0.22131425 -0.14869706 1.9 -0.11549281 0.29572247 -0.87634132 40.801266
659 2 -0.20443873 0.17303345 1.9 -0.17194292 -0.71517089 -0.61958072 11.8948
660 14 0.54909742 0.30623188 1.9 -233.73563 93.607903 -249.63335 36.487152
660 3 0.61617648 0.15292928 1.9 2.5947869 -4.6065394 -3.9863631 11.060736
660 5 0.66443047 0.37569049 1.9 -28.124482 -15.605649 -152.78388 15.060791
660 1 0.46186244 0.32768604 1.9 -0.30706621 -0.16120638 -0.59913145 28.535423
660 5 0.28238085 0.44730655 1.9 -0.045908152 -0.18007625 -0.14917202 7.7081558
660 13 0.51144693 0.079666297 1.9 21.270204 -4.29869 -24.445818 46.273536
660 13 0.47058586 0.4033885 1.9 -7.2671851 -21.612331 -35.255526 6.3643279
660 1 0.52894959 0.56013327 1.9 -0.019890405 -0.0033245004 -0.14470639 49.190174
661 14 -0.02941849 0.23182687 1.9 -510.64691 -18.399512 -496.55984 48.270759
661 13 -0.089484076 0.50219983 1.9 2.7880038 2.5085347 -2.3926517 22.661243
661 6 0.054408289 0.35077049 1.9 -7.8450512 -43.315812 -88.305902 5.1717603
661 3 -0.13184126 0.28886454 1.9 2.6712755 -8.8188573 -15.493652 0.68394778
662 14 -0.11908981 -0.11495023 1.9 277.15379 107.51036 -361.30771 11.418987
662 6 0.047153214 0.037838483 1.9 0.008666052 -0.14712129 -0.11290126 21.593489
662 3 -0.022728462 -0.084929762 1.9 56.953454 133.08642 -206.43227 11.341031
662 13 -0.019084722 0.27622249 1.9 -0.15331634 -0.03823487 -0.10389209 23.00958
662 2 0.21008598 -0.15393475 1.9 4.6219914 2.6471652 -4.9376535 47.28828
662 14 -0.015332153 0.33922627 1.9 -1.3107202 -0.6110537 -1.0462027 14.438372
662 13 0.15679772 0.11746666 1.9 0.82997746 0.22521505 -1.1972756 2.2056452
663 14 0.17543207 -0.44305595 1.9 241.34491 -164.23709 -208.12776 43.135139
663 5 -0.14817085 -0.4101726 1.9 -0.53711095 -1.5937762 -3.1755522 49.217634
664 14 0.48275033 -0.409887 1.9 214.73694 -467.27084 -551.03795 37.523324
664 1 0.58828403 -0.44862412 1.9 -0.56154849 0.18382897 -0.66663739 37.551575
664 6 0.4314034 -0.51991421 1.9 128.09863 -133.66356 -294.37589 39.399269
664 5 0.76655761 -0.12675847 1.9 -1.0395056 0.5950192 -2.3034094 32.532149
664 3 0.46928778 -0.046274366 1.9 -1.6374273 1.2700646 -2.5532741 31.298008
664 13 0.36034856 -0.46965023 1.9 -71.875669 7.4422714 -94.635015 6.9753082
664 14 0.9317153 -0.56214803 1.9 -189.27212 -8.433178 -135.19438 29.363082
665 14 0.14759254 0.24623654 1.9 -194.79474 349.87136 -368.46007 16.921792
665 2 0.45017909 0.011607624 1.9 -0.022766806 0.0043373242 -0.28203275 23.97956
666 14 -0.45270347 0.18948881 1.9 285.30234 71.814857 -365.34466 12.444662
666 14 -0.60274903 -0.12700372 1.9 -1.9270405 -4.1920979 -4.8063683 27.246626
666 14 -0.29581951 0.0984082 1.9 -89.01882 -25.299403 -54.283857 17.76242
667 14 0.48987031 -0.20216916 1.9 325.12465 313.52058 -480.87513 3.0084488
667 6 0.59510246 -0.053699052 1.9 1.063563 -0.054141485 -1.7937488 19.383112
668 14 0.25382313 -0.37961539 1.9 -873.48698 1065.7043 -2624.0591 44.782837
668 2 0.24296348 -0.21767365 1.9 -627.76296 299.82361 -965.88293 8.5140808
668 5 0.20467453 -0.29252315 1.9 -1.1280196 -0.40963423 -1.9435518 9.4601441
668 13 0.41336593 -0.12449589 1.9 0.15557298 -3.6318641 -5.8202637 45.986642
668 13 0.29975119 -0.30504882 1.9 0.16802565 -0.66375943 -1.1159912 15.367517
668 3 0.33296748 -0.30095829 1.9 -599.73138 -693.9027 -1245.8865 49.398129
668 5 0.038440609 -0.1556424 1.9 20.232833 19.285797 -52.947686 6.9462795
669 14 -0.23270243 0.76969953 1.9 210.98609 -54.930621 -274.97398 29.449459
669 6 -0.387106 0.49311312 1.9 1.3872902 0.33903128 -0.85793853 5.0961086
669 5 -0.34454428 0.6287058 1.9 -0.48285464 -0.097858704 -0.29985173 14.190931
670 14 -0.082018876 0.34097631 1.9 119.44756 162.39033 -375.58945 24.535319
670 13 -0.069494424 0.4508323 1.9 6.4532612 8.2917254 -22.425224 32.418995
670 5 -0.076137889 0.39217041 1.9 -0.83915465 -1.5322107 -1.8437047 21.254224
670 2 -0.26911331 0.42499503 1.9 0.12855821 0.17955404 -0.40640709 34.879063
670 1 0.060762001 0.070153969 1.9 -6.96972 3.766983 -5.029243 23.215526
670 3 0.10083863 0.61110156 1.9 -9.7754064 21.199081 -23.277894 40.067342
670 6 -0.0077129906 0.25164782 1.9 -0.52834284 0.039163793 -1.9473097 9.5182954
670 13 -0.18940954 0.54526377 1.9 -3.2378084 -1.4548378 -23.313338 39.454595
671 14 0.37806234 -0.54828161 1.9 257.05873 -358.26722 -379.41322 35.906273
671 5 0.62871617 -0.64603257 1.9 1.815178 7.94767 -12.352263 5.6033
671 6 0.6122159 -0.69753479 1.9 -0.44350907 -1.9102163 -3.7441495 46.007328
672 14 -0.56900771 0.30305628 1.9 -95.088949 65.503104 -340.47242 32.463545
672 13 -0.24980889 0.055628295 1.9 -22.058777 -84.318155 -160.64379 33.909598
672 14 -0.36885405 -0.02582268 1.9 -0.0028285013 -0.12974318 -0.081639009 46.116095
672 13 -0.51791349 0.29198681 1.9 -1.5914962 -5.8777735 -11.044818 43.403667
673 14 0.56648484 -0.45747305 1.9 194.13675 -1287.7479 -1274.2096 41.599376
673 14 0.40023052 -0.34090641 1.9 13.808984 -10.701445 -21.707515 9.5617074
673 5 0.54390241 -0.21282195 1.9 0.56749336 0.67700037 -0.68303399 35.643204
673 3 0.72223582 -0.23294955 1.9 0.41304873 1.3028726 -4.1863632 42.209032
673 6 0.40369959 -0.35442711 1.9 -145.37253 -34.469717 -783.70669 29.055814
673 13 0.26550317 -0.17737117 1.9 312.09011 139.58754 -902.02118 25.037157
673 3 0.49634118 -0.25061652 1.9 4.4519231 0.082666838 -4.8788167 32.790747
673 13 0.59389225 -0.13905867 1.9 0.36764749 -1.2104014 -1.0564095 44.121938
674 14 -0.11954767 0.23741575 1.9 309.80257 -43.714303 -187.99848 23.987007
674 3 -0.20978605 0.37750016 1.9 -5.8384981 -0.95708139 -14.945059 37.898238
674 13 -0.095904589 0.36850634 1.9 -2.7047117 -9.6793145 -10.265902 14.196365
674 13 -0.28000448 0.14910934 1.9 -28.482709 7.8460741 -165.72503 1.162906
674 3 -0.37897707 0.28304614 1.9 11.271648 58.468934 -56.607191 44.378311
674 6 0.021462487 0.39046003 1.9 0.59073144 -0.41171759 -0.67228383 17.143969
674 14 -0.15368221 0.38111365 1.9 -0.21610029 -0.21364034 -0.18454662 30.780743
675 14 0.083444536 0.38711852 1.9 895.54517 -178.08002 -578.97121 6.6767565
675 14 -0.035406819 0.41251739 1.9 -1.0243335 3.2168785 -5.4226977 30.974462
675 13 -0.090276217 0.57326729 1.9 19.412256 -28.045853 -43.562284 14.696939
675 6 -0.20505862 0.57169982 1.9 2.5323954 4.6148493 -4.1763818 46.65349
675 1 -0.21742334 0.60713064 1.9 -27.487582 -47.654278 -50.297397 5.9438847
676 14 -0.12434044 -0.46812142 1.9 -406.28027 888.93497 -936.92312 15.769785
676 13 -0.28047428 -0.35592241 1.9 0.33036077 0.99622319 -3.513735 24.192765
677 14 -0.32649607 -0.17039719 1.9 -938.88045 -192.69017 -1192.7439 3.7443183
677 6 -0.22931855 -0.093851609 1.9 -50.875567 -204.58465 -508.5515 49.992226
677 14 -0.23254876 0.19756625 1.9 -0.17670637 -0.43615016 -0.36770687 38.495261
677 2 -0.49660027 0.26713885 1.9 0.46272206 0.84574941 -1.0108729 19.370069
677 13 -0.28558805 0.11350686 1.9 -0.31875238 0.10116156 -0.33240984 4.2394663
677 13 -0.062278205 -0.20453224 1.9 9.3146072 -6.5161079 -11.536133 36.294989
677 14 -0.22748813 -0.25500036 1.9 0.80895074 0.28368023 -1.4393809 32.967943
677 6 0.076964019 0.20341021 1.9 -425.05083 -287.51755 -557.85057 12.316328
678 14 -0.14948729 -0.54333327 1.9 -51.392818 -509.94666 -400.09668 14.047453
678 1 -0.0055260784 -0.57770863 1.9 43.840506 28.263269 -124.38786 48.592962
678 1 -0.15438815 -0.49423833 1.9 -3.9992904 4.2592493 -8.8120427 26.810796
678 3 0.10656158 -0.73883831 1.9 -124.82693 11.424144 -94.899111 42.048831
678 2 0.21669841 -0.55137571 1.9 -8.5068168 -3.9001292 -6.4354954 34.732632
678 6 0.13998248 -0.3716904 1.9 0.085096606 -0.082705913 -0.3890121 8.0771363
679 14 -0.67201096 -0.43453574 1.9 105.19478 -409.61862 -308.21563 19.066434
679 6 -0.42155611 -0.21722296 1.9 -0.1862283 0.0049966471 -1.0247792 6.2684937
679 6 -0.57613717 -0.2376395 1.9 49.586186 -21.920321 -33.252331 19.140955
679 6 -0.36163796 -0.64250904 1.9 0.46957446 -1.5604949 -1.3557914 20.134668
679 6 -0.3960065 -0.62596114 1.9 5.7684628 -3.0127725 -6.1458258 3.4984481
679 5 -0.49280131 -0.50468134 1.9 -17.511078 7.7906204 -27.220096 44.470708
680 14 -0.34466426 0.42430003 1.9 -428.6438 54.048591 -1504.2919 48.700029
680 6 -0.69655147 0.20426106 1.9 44.308801 -17.098262 -38.018028 27.849075
680 1 -0.16838452 0.20293937 1.9 14.584767 1.6318375 -8.5175003 14.84482
680 13 -0.29638765 0.40482793 1.9 -11.646502 -18.475462 -15.903036 26.379403
680 3 -0.33287484 0.2536155 1.9 -7.2316573 9.436102 -9.0203076 13.704515
681 14 -0.48898135 -0.38557738 1.9 153.55182 75.187015 -430.75197 31.022353
681 14 -0.33939832 -0.49436847 1.9 -0.1024348 -0.56462404 -0.55828431 19.161263
681 1 -0.20169088 -0.59388863 1.9 -0.30018745 0.18259145 -0.24524951 1.1821874
681 14 -0.13326127 -0.73061851 1.9 -0.04466497 -0.034078932 -0.15527966 14.575752
681 13 -0.63137419 -0.63190031 1.9 11.659138 2.9421389 -44.075329 38.13963
681 3 0.045366168 -0.4534206 1.9 0.52301829 9.6590974 -9.1661826 36.473704
682 14 -0.24403376 -0.61223683 1.9 312.89903 250.33679 -415.68661 14.064882
682 13 -0.26253247 -0.4960515 1.9 -0.4367736 0.17306367 -0.5751781 25.75278
682 3 0.022260085 -0.64952274 1.9 2.826234 -1.1987342 -2.8875571 49.117194
682 13 -0.18568329 -0.80277602 1.9 -24.627568 -8.6088399 -82.47742 48.099139
682 5 -0.144685 -0.3814668 1.9 -48.533315 -86.829158 -85.982222 2.8089178
683 14 -0.26918979 0.020087932 1.9 -185.01979 -13.006216 -647.49354 26.599895
683 2 -0.23290823 -0.15078973 1.9 -9.7119923 -1.1329119 -25.974147 38.337544
684 14 0.12085502 0.31441674 1.9 806.64552 -56.140327 -567.97826 38.980907
684 5 0.044007993 0.23997639 1.9 -4.4079574 -6.8746603 -7.5862191 20.857996
684 13 0.22047426 0.54226131 1.9 -3.4200474 -4.0427078 -11.419994 12.245648
684 1 0.14913677 0.41222076 1.9 -12.426749 -17.351653 -39.322625 34.403315
685 14 0.59679412 0.44974987 1.9 -1504.5249 -35.262574 -961.79466 31.863593
685 5 0.76301617 0.218759 1.9 -5.9678298 1.6861089 -12.176211 3.6991376
686 14 0.65365069 0.69362455 1.9 -173.76204 -484.11473 -337.81708 41.896369
686 5 0.3922738 0.22868076 1.9 -2.6477626 -3.868062 -27.185868 36.294181
686 14 0.51808501 0.40581323 1.9 -95.123425 117.30886 -109.52085 42.188359
686 13 0.39253947 0.55063252 1.9 0.053227755 0.20525975 -0.17148872 8.9651588
686 3 0.47795946 0.4692797 1.9 -2.4283444 -5.1020378 -6.3339043 6.888706
686 6 0.58505054 0.31535959 1.9 1.7296175 -0.2208633 -5.2094893 26.310567
687 14 0.37059213 -0.19098 1.9 274.97812 -282.4828 -505.69908 18.717689
687 1 0.41072112 0.14487978 1.9 0.12470271 -0.047033328 -0.24709857 31.864822
688 14 0.72921355 -0.1970204 1.9 -122.92863 -197.41648 -357.37742 13.066921
688 3 0.54803153 0.10146508 1.9 0.45223129 0.4898086 -0.46432215 43.692836
688 5 0.39163121 0.027467645 1.9 96.278655 83.380817 -81.331817 0.86011363
689 14 0.44761684 -0.4335567 1.9 634.4188 509.02413 -1619.1518 48.188978
689 3 0.50659383 -0.55105027 1.9 -195.91808 47.124905 -146.86402 36.879056
689 2 0.67471656 -0.55228774 1.9 1.9760728 -0.41079002 -3.8874465 17.000699
689 5 0.55547775 -0.75724238 1.9 -1.0998894 0.1585013 -1.3440693 2.3038623
689 14 0.40762065 -0.52615465 1.9 2.1247808 -1.8115279 -4.6729064 4.8849499
689 1 0.5684121 -0.46312564 1.9 -4.0601815 0.78824521 -4.6275886 30.071409
689 2 0.46142999 -0.57726676 1.9 0.58977411 -0.13702646 -1.0923285 12.819249
690 14 0.53278776 0.25371686 1.9 9.9711957 -8.7931953 -377.3946 44.410249
690 13 0.44528239 0.07214498 1.9 -1.1900526 1.7057595 -4.8514591 48.252753
690 3 0.32756703 0.37374944 1.9 0.26111445 -0.29240655 -0.61854469 35.464385
691 14 0.63614912 0.16940286 1.9 -406.49984 172.41717 -623.5781 1.3614071
691 3 0.60960971 0.54994668 1.9 -0.309518 -0.12114581 -0.84376846 25.999213
691 1 0.50358745 0.36990552 1.9 -0.58124162 -2.7385723 -1.6253885 35.012112
691 13 0.59586758 0.28551956 1.9 -4.690692 -2.1011243 -11.784779 7.5250752
691 6 0.65016359 -0.025103325 1.9 5.3063792 4.8416664 -4.2550516 20.6587
691 5 0.52868703 0.37310426 1.9 -0.085353754 -0.06332284 -0.28627229 48.726872
691 3 0.55887822 0.36336742 1.9 1.8455407 0.73997905 -1.6915833 12.357048
692 14 0.49242025 0.035833447 1.9 346.87104 -196.12694 -338.68251 22.651464
692 13 0.65108679 0.42560244 1.9 -0.034416845 0.10026188 -0.13020082 32.864539
692 13 0.3866247 0.55053826 1.9 -28.439943 19.061982 -32.994828 20.700609
693 14 0.58821175 0.14579563 1.9 -125.00901 -444.10446 -402.36636 18.082775
693 14 0.68907338 0.09259778 1.9 108.6732 -0.38279577 -137.2099 0.74954689
693 2 0.72106293 0.3060961 1.9 21.14355 42.419949 -29.005717 27.513729
693 2 0.60830107 0.23332398 1.9 -3.6779715 -0.77046326 -3.7656467 28.032677
694 14 0.3072574 0.094082438 1.9 -298.89492 -195.59638 -302.848 35.416682
694 3 0.45890578 -0.11811641 1.9 176.92499 -11.388824 -119.39945 12.3458
694 5 0.47945486 0.081902209 1.9 -0.20402191 0.16593673 -0.29724808 25.039821
694 5 0.58089648 0.21063774 1.9 -0.031512051 0.12717402 -0.1890981 40.093591
694 2 0.43775432 0.12708515 1.9 -0.36338587 0.63070291 -0.62672583 5.5835871
694 14 0.36779184 0.15461557 1.9 30.910364 91.167871 -201.50141 22.120254
694 13 0.13111211 -0.14007319 1.9 -0.38266739 1.1714722 -5.998979 6.2248283
695 14 0.34575919 0.42403551 1.9 -266.8075 18.184437 -233.58692 24.452267
695 2 0.6426468 0.38589709 1.9 -10.719647 37.92518 -33.617456 32.553659
695 1 0.75445264 -0.076799837 1.9 2.9520947 0.21836338 -2.8314603 20.760877
695 6 0.50649531 0.29607313 1.9 -0.19199033 0.73333107 -0.58208376 46.326722
695 3 0.40159036 0.46823966 1.9 -0.18518555 -0.3968685 -0.49336176 32.34028
695 2 0.66596413 0.47425076 1.9 -0.85084028 2.0055054 -3.5963651 18.196054
695 1 0.60401548 0.65428715 1.9 -15.593954 4.3086098 -34.326912 25.876767
696 14 0.36649121 0.44293484 1.9 213.95117 30.426747 -683.87709 14.67718
696 1 0.39953128 0.77281995 1.9 10.108946 7.2788324 -19.160875 2.7703904
696 14 -0.020770395 0.5001265 1.9 -90.80547 117.43026 -267.02449 20.264895
696 13 -0.049555748 0.57957242 1.9 -1.1327487 0.7035977 -2.5595852 4.0825896
697 14 0.020464658 0.07807063 1.9 -1497.2161 -405.58587 -983.3432 3.5523437
697 5 0.13174972 0.08615022 1.9 -145.57887 -34.139333 -91.149348 42.490682
697 14 0.30445645 0.13026684 1.9 -121.35582 819.81714 -507.37846 5.3084866
697 14 0.18748296 0.065372067 1.9 -2.670538 1.1237506 -2.3590554 6.4690676
698 14 0.53468908 -0.3998895 1.9 -375.05682 -302.08224 -398.84964 21.90146
698 14 0.40820501 -0.09832963 1.9 0.12018652 -0.14398794 -0.15947472 35.824121
698 5 0.66003611 -0.42812862 1.9 20.118361 25.728897 -36.368208 36.591309
698 6 0.65647603 -0.41270223 1.9 11.275904 -2.693917 -6.825532 19.46649
698 6 0.4616677 -0.37096098 1.9 78.254164 -18.39578 -59.147431 33.612232
698 6 0.6337618 -0.42045265 1.9 -19.499689 -58.489733 -89.649435 12.011434
698 13 0.61446026 -0.064734023 1.9 1.8199396 0.71901995 -24.326962 22.758418
698 1 0.4425466 -0.40140737 1.9 10.196061 -6.3418624 -15.063195 8.6954906
699 14 -0.21040756 -0.43872175 1.9 360.49848 -230.82323 -318.19542 16.734202
699 3 -0.4023252 -0.222119 1.9 0.14966099 0.36694698 -0.54017315 15.830531
699 2 -0.36336038 -0.57267433 1.9 -0.19072684 -0.28327861 -0.5045152 47.109559
699 1 -0.052993694 -0.57468188 1.9 0.53650373 -0.51470033 -0.68445489 33.410623
699 6 -0.20261611 -0.36732243 1.9 0.80920007 1.0179625 -1.0537386 16.599736
700 14 -0.078595446 0.056803965 1.9 -3185.2898 -2851.2813 -3356.3499 14.808329
700 14 0.01044923 -0.10638835 1.9 0.5095106 0.99559457 -1.6372018 25.871015
700 3 0.0021530228 0.18585378 1.9 -1.0524416 0.6356485 -1.4135243 5.267954
700 5 -0.019538396 -0.050128849 1.9 -29.22768 -69.770415 -47.373206 26.363431
700 14 0.0022143802 0.026317354 1.9 -15.803399 1.7668678 -19.056411 22.594951
700 13 0.17677344 0.12383112 1.9 5.7095108 -7.0953118 -13.27588 0.22459536
701 14 -0.3801497 0.59949544 1.9 450.93052 204.77806 -691.47866 27.393214
701 2 -0.43531417 0.78966761 1.9 0.062998977 -0.091413755 -0.26900363 42.251362
701 14 -0.63427892 0.66708194 1.9 -38.40719 -0.39567754 -48.200018 34.186601
701 14 -0.42382435 0.57392665 1.9 -7.0265662 1.4322473 -85.910468 42.506717
701 1 -0.64428841 0.46673844 1.9 -6.374509 1.8057847 -10.454744 22.969778
701 14 -0.30956947 0.6023124 1.9 0.30612851 -0.72194156 -2.0152971 40.704594
701 1 -0.59734882 0.64296059 1.9 0.58468605 7.3999764 -17.482343 26.170561
702 14 0.31702267 -0.31372635 1.9 9.5377506 336.51084 -324.5528 39.611425
702 1 0.45007685 -0.43349215 1.9 -15.37702 7.7388227 -13.030414 45.319537
703 14 -0.35645237 -0.40842864 1.9 291.92957 259.07698 -529.26978 45.891725
703 2 -0.28924426 -0.46694249 1.9 48.864738 0.40163473 -34.414178 29.360599
703 3 0.081575827 -0.40176556 1.9 0.083091936 -2.8551051 -2.7699137 22.512671
703 6 -0.083310959 -0.44807073 1.9 0.21583911 -0.22280139 -0.58761411 19.910106
704 14 0.39699773 -0.43515403 1.9 31.449663 184.97375 -528.85628 13.455618
704 3 0.1680917 -0.62993344 1.9 -1.9349926 1.6285699 -4.0238365 38.106201
704 13 0.59308548 -0.29360684 1.9 -6.5157473 -2.0188627 -7.5431152 24.380974
704 3 0.6027286 -0.45294123 1.9 9.0216493 0.31701749 -7.581706 47.067719
704 14 0.56462759 -0.57062269 1.9 -4.7839832 1.6789337 -8.3389637 5.3473115
704 5 0.29524534 -0.45485035 1.9 1.6799598 -4.6460094 -6.513626 0.96584247
704 1 0.69316856 -0.44991325 1.9 0.16244571 -0.012466646 -0.34892621 40.304547
705 14 0.49646677 -0.48305187 1.9 -245.45449 -201.98765 -209.81288 42.326981
705 5 0.60436633 -0.45565395 1.9 24.731299 -35.970184 -63.674721 4.4110139
706 14 -0.82309851 0.13472559 1.9 -216.1698 -81.466592 -405.40668 6.539145
706 13 -0.56505951 0.14847669 1.9 -2.1805671 1.5238559 -1.9411996 40.805848
706 3 -0.49629078 -0.13763769 1.9 4.0097999 -2.4222645 -3.6323588 38.165799
706 1 -0.21394515 0.031904142 1.9 0.016491875 -0.13946818 -0.21769648 22.880318
706 14 -0.31980166 0.20686304 1.9 2.0720602 11.648211 -9.3903436 13.962539
706 3 -0.35069771 -0.079595111 1.9 21.949512 74.318038 -240.58047 1.1427316
706 14 -0.58325421 0.057937732 1.9 15.595963 -30.558049 -85.911582 43.464363
706 6 -0.57057217 -0.092003377 1.9 -12.887573 -18.125769 -102.42071 23.476132
707 14 -0.27954906 0.20146536 1.9 621.95315 691.73237 -683.7963 28.81719
707 1 -0.53125969 0.14359993 1.9 -20.846163 -16.620837 -84.71555 24.22681
707 5 -0.33313204 0.20381855 1.9 32.657484 15.368406 -24.396694 26.022438
707 13 -0.62035993 0.26229604 1.9 -3.4669637 -0.73273163 -6.1794973 25.942851
707 3 -0.59569311 0.28162567 1.9 3.6911271 -4.7177121 -9.4981611 47.97575
707 1 -0.51271651 0.21250347 1.9 -1.6922954 -1.64988 -6.6336913 4.4512305
707 3 -0.53867016 -0.25274439 1.9 8.5600523 -2.5738074 -5.327014 45.217277
708 14 -0.27468906 -0.20809596 1.9 186.94176 200.53027 -228.69301 16.003827
708 5 -0.46238196 -0.25592149 1.9 0.18412096 0.021333166 -0.10964148 9.8340557
708 3 -0.18871588 0.12035679 1.9 -0.0029790329 0.16717521 -0.098905027 3.5089833
708 1 -0.080278834 0.031361771 1.9 7.362222 -2.3861465 -13.823601 18.132831
709 14 0.34841926 0.60200384 1.9 -538.82269 553.32492 -586.09066 14.699257
709 6 0.29008002 0.50040134 1.9 7.4888228 2.3517785 -14.133309 46.119891
709 13 0.43098165 0.44986659 1.9 -0.19890753 -0.36455379 -0.45047937 2.8714544
709 2 0.63090185 0.62396055 1.9 5.9990741 -7.6492884 -5.6675696 48.084856
709 1 0.34157743 0.36991817 1.9 3.5592646 4.2502334 -7.9411119 30.482912
709 3 0.35300813 0.50961513 1.9 -1.6727867 -0.47189077 -2.4141712 40.000554
710 14 -0.47087326 0.15109726 1.9 -168.29312 127.03544 -326.34263 7.2278888
710 2 -0.37788617 0.23578538 1.9 0.82183291 -0.65301371 -1.4423888 33.94338
710 3 -0.60701259 0.28599995 1.9 -1.1516111 -0.99867616 -0.91038596 28.015199
710 1 -0.4780666 0.10986605 1.9 1.0146443 2.2488792 -3.1061264 29.375186
710 1 -0.26520613 0.15653674 1.9 9.076967 -11.888103 -9.6452403 8.3018979
710 13 -0.61366027 0.19661529 1.9 0.077201347 -0.081908704 -0.06693203 24.427412
710 5 -0.39805405 0.20582703 1.9 0.56718362 0.17710271 -1.2668693 22.749021
710 13 -0.59969185 0.46545906 1.9 0.74570284 2.5348953 -2.7398334 31.005068
711 14 -0.071553274 0.30880615 1.9 424.89532 -56.511365 -519.47808 5.6097906
711 6 -0.21790776 0.29206333 1.9 -15.194083 -6.4266333 -10.271219 48.714835
711 1 -0.019309034 0.15688691 1.9 -0.047238708 0.31460652 -0.19613606 7.6500834
711 6 -0.18566761 0.32286306 1.9 -10.669045 12.644231 -21.646896 37.282866
711 5 0.1385834 0.35380851 1.9 -0.05153313 0.055020843 -0.28702942 28.109881
711 6 -0.051641615 0.23852157 1.9 -0.7306805 2.3357686 -1.6134802 19.365434
711 5 -0.0043453384 0.45062938 1.9 -0.25475498 -0.00014958725 -0.20271395 49.84521
712 14 0.17377769 -0.32973363 1.9 -406.81474 685.1063 -753.43181 43.472164
712 6 -0.18487731 -0.024565391 1.9 6.4897119 15.707729 -76.8814 24.642124
712 13 0.048375686 -0.35529269 1.9 -118.31314 305.3402 -210.74246 46.210026
712 13 0.24800544 -0.13667939 1.9 0.18715381 0.51652652 -0.37606963 22.721537
712 3 0.19715368 -0.20350694 1.9 -18.278463 -4.0656569 -179.37907 29.758433
712 5 0.031246495 -0.1567026 1.9 -0.80672006 1.5002451 -1.3429473 12.149301
713 14 -0.20675717 0.29015405 1.9 -120.77461 362.96054 -259.53418 20.721887
713 1 -0.054536613 0.12107767 1.9 1.132168 1.1717511 -2.7157248 18.885644
713 2 0.027142309 0.12659227 1.9 0.85009455 -2.6617141 -1.9118125 9.5943225
713 14 0.17432467 0.2232031 1.9 0.19713983 0.084080751 -0.28893436 1.2004684
713 13 -0.12035538 0.062716383 1.9 0.46526612 1.5826082 -1.4939087 34.379737
713 5 -0.046134356 0.078810601 1.9 -0.11509085 0.088782229 -0.10135912 19.085001
713 13 -0.22382765 0.036077234 1.9 -14.031187 -7.2081846 -22.68604 29.291254
714 14 0.1652286 0.014251911 1.9 -2.6116805 421.99757 -346.50626 25.787882
714 5 0.42870706 0.090283013 1.9 -75.569552 -156.79482 -204.98529 4.786921
714 13 0.19418283 0.36803753 1.9 0.20352496 -0.0092083139 -0.22028637 18.576689
714 6 0.35934957 0.45296761 1.9 2.2445945 -3.9492702 -8.9298167 3.6044802
714 13 0.1922729 0.20772511 1.9 12.303239 34.259396 -68.917545 28.550652
714 5 0.0083639038 -0.053506313 1.9 3.8876934 -52.458727 -49.197446 23.478586
714 3 0.28797817 0.091776063 1.9 0.15386313 -0.12279105 -0.32777331 8.9774319
715 14 -0.43374066 -0.320567 1.9 67.669392 -90.336332 -401.49743 42.737447
715 14 -0.46008647 -0.19105072 1.9 -0.067153158 -0.065318482 -0.13480013 33.948545
716 14 0.33548486 0.38348821 1.9 -407.76713 -33.389672 -294.22665 8.2275862
716 13 0.51448546 0.20195029 1.9 -1.1235255 -3.6895858 -10.746623 15.03502
716 14 0.58013214 0.22090458 1.9 -37.398862 -10.185651 -56.212609 37.448683
716 13 0.27592124 0.24068058 1.9 -0.47249438 -1.5183613 -1.8465936 39.513595
717 14 -0.15753762 -0.53345256 1.9 256.47898 161.89025 -268.40794 26.235386
717 13 -0.2564955 -0.42638064 1.9 -0.15630496 -0.22683951 -1.4941183 31.511788
718 14 0.36778375 -0.22300705 1.9 423.60371 1290.5483 -1055.9821 9.9960137
718 2 0.22791653 -0.41025564 1.9 -6.8634132 -0.43230729 -8.142485 41.715094
718 14 -0.0074791487 -0.23695846 1.9 204.08091 9.6589007 -632.52288 28.664361
718 1 0.24037498 -0.5106488 1.9 -3.0778687 -17.256681 -23.033337 18.600596
718 2 0.33272422 -0.37756172 1.9 49.048293 -57.521418 -101.63628 12.876025
718 2 0.11003593 -0.19812065 1.9 0.28382224 -0.4541003 -1.1254364 2.1665734
718 14 0.30033594 -0.43812744 1.9 461.22726 -125.4854 -554.61868 30.512529
719 14 0.013542932 0.0073442472 1.9 -635.15335 62.37009 -887.60243 2.5656834
719 6 -0.1747963 0.11630626 1.9 0.42854088 -0.48688626 -1.1343866 34.409628
719 6 -0.22322125 0.1175731 1.9 -77.131178 18.508809 -612.22402 17.006573
719 13 -0.28940996 -0.12766762 1.9 0.68443579 -5.9337419 -4.0206963 48.01545
719 6 -0.028273527 0.25008433 1.9 -6.6496192 -4.0992953 -10.998334 32.273038
720 14 0.22630988 0.50066361 1.9 133.62088 -161.32761 -1470.8312 44.151655
720 3 0.49360235 0.14105679 1.9 3.1864796 -0.71317381 -5.2254828 43.702743
720 2 0.58987951 0.65813128 1.9 2.9384044 -0.33329558 -6.5813577 47.743602
720 13 0.66473656 0.21789542 1.9 -6.3821467 242.55124 -204.6199 3.0347865
720 5 0.44522757 0.23717358 1.9 9.7290008 -16.951631 -17.120299 21.652129
720 6 0.25098345 0.27793803 1.9 101.99057 -40.910912 -100.4419 17.718033
721 14 0.37001524 -0.0048805707 1.9 46.979897 -324.83127 -1195.1304 25.398382
721 6 0.25257014 0.033552887 1.9 2.2630406 1.2597946 -3.4035996 30.643223
721 13 0.27906838 0.36292827 1.9 154.54674 13.124441 -118.7304 18.971466
721 13 0.45297913 0.31375325 1.9 -0.38005901 0.47151321 -0.64874213 8.3385505
721 14 0.55178725 0.016604718 1.9 1.3355028 -5.3655592 -7.1073254 1.5661663
721 3 0.65917487 0.16723585 1.9 -1.3920645 6.4729831 -5.1828481 28.810936
721 14 0.47903247 0.28816706 1.9 -0.97399331 2.5332902 -19.422135 38.646715
722 14 0.29669285 -0.23004058 1.9 -250.07608 -248.75405 -233.80723 43.517906
722 2 0.31699635 -0.41004267 1.9 -0.39032994 -0.61294985 -4.4021593 28.139717
723 14 0.074061001 0.14288115 1.9 219.62146 259.79817 -202.03549 12.943586
723 14 -0.017074719 0.15744343 1.9 0.90175488 -0.20723161 -1.0417942 22.985606
723 5 0.16816277 0.16086778 1.9 2.3791107 0.80066729 -1.8127235 2.9635346
723 1 -0.10556142 0.14829542 1.9 -0.27540793 9.1560543 -7.7658775 30.453506
723 2 0.09816041 -0.093728013 1.9 0.37076018 0.3082084 -0.50067973 15.084428
723 6 -0.28619073 -0.067046656 1.9 46.6452 -24.424885 -70.12126 22.853698
723 1 -0.086690212 0.069047099 1.9 -0.21324641 0.26966628 -0.25027586 16.524922
724 14 -0.50345166 -0.38699727 1.9 17.054022 -3.658506 -502.14611 49.782683
724 1 -0.78753566 -0.26999657 1.9 0.2498707 -0.064936393 -0.2734584 3.8472443
724 1 -0.76780248 -0.27396547 1.9 0.02531004 1.1019197 -0.67135948 9.1067364
724 6 -0.62248394 -0.11787786 1.9 -0.73622162 -0.10502052 -2.4329137 2.1715714
724 1 -0.56926403 -0.16966648 1.9 -0.073825277 0.016328269 -0.18402025 3.4169232
724 1 -0.46863023 -0.41150163 1.9 -10.53976 -29.728835 -24.55047 13.750765
725 14 -0.36219242 0.097394961 1.9 -253.54793 43.424804 -268.68923 34.578534
725 1 -0.34415827 0.26313971 1.9 0.051520404 -0.080326843 -0.091618568 10.589678
726 14 0.34639529 -0.63306675 1.9 -1170.8921 174.15406 -1006.5654 2.2419729
726 14 0.30589618 -0.43808847 1.9 -50.914339 -70.296103 -191.26116 10.248049
726 3 0.26835129 -0.41941007 1.9 4.1802922 6.5302887 -22.871839 16.74398
726 2 0.64145135 -0.48258767 1.9 -438.86583 143.45033 -678.81209 34.745694
726 2 0.68093493 -0.48849121 1.9 0.068310268 0.028899159 -0.51085455 27.129119
726 3 0.46491002 -0.14299309 1.9 -94.089077 170.41636 -251.13847 23.889455
727 14 -0.2798953 -0.35109743 1.9 -398.24246 -33.130011 -303.50054 1.2995847
727 5 -0.47485525 -0.54429255 1.9 5.4382808 -2.1622009 -34.764219 38.891364
727 1 0.086368992 -0.51788453 1.9 0.26577556 -1.1609388 -0.74412701 43.175313
727 14 0.087304488 -0.58851778 1.9 2.2921214 -1.1465413 -1.7950097 40.563088
727 5 -0.21416286 -0.35882795 1.9 -0.32483352 -0.26358045 -1.5741363 33.67067
728 14 0.27392381 -0.63969594 1.9 191.15125 -173.56 -257.94242 47.334562
728 3 -0.0795364 -0.72439641 1.9 9.4140222 40.171914 -41.192196 9.1574462
728 14 0.032577579 -0.67979135 1.9 0.011619446 -0.073205319 -0.20959149 19.357885
728 13 0.079535272 -0.59778556 1.9 -0.45350341 -0.33775527 -0.51328626 29.528657
728 14 0.026483831 -0.42245428 1.9 -0.5182117 1.3724006 -1.6712728 33.368629
728 3 0.28635035 -0.13235207 1.9 0.63652647 1.641132 -1.6937411 22.964829
728 2 0.078535376 -0.30104854 1.9 31.554016 -22.256834 -41.333866 4.9537518
728 2 0.1594089 -0.71942382 1.9 -2.9524479 0.49197106 -3.9515852 31.336007
729 14 0.2998758 -0.61670777 1.9 -493.62434 -1315.658 -1541.5655 4.6916624
729 13 0.58134314 -0.87999526 1.9 18.490516 2.917816 -77.489528 27.676298
729 2 0.61480505 -0.54019143 1.9 -1.7332069 -3.9255486 -3.8353201 8.7190803
729 3 0.38643028 -0.42076282 1.9 43.171706 22.014274 -86.591311 9.7177431
729 2 0.32780903 -0.78892685 1.9 -0.35577588 0.49633416 -1.3779413 30.390724
729 5 0.34098894 -0.48438265 1.9 89.148964 19.339162 -96.295599 45.645329
729 3 0.54943743 -0.28226576 1.9 4.1140453 -2.7341387 -5.4272854 15.968974
729 1 0.30736383 -0.68045902 1.9 -18.169953 29.602583 -103.04621 15.792692
730 14 0.042973071 -0.22540784 1.9 484.87977 250.48387 -354.31718 24.954308
730 3 0.10528102 -0.3506782 1.9 -10.113381 1.160259 -33.290596 26.869397
730 5 0.23429353 -0.18555695 1.9 -0.78097046 0.24214135 -0.55833215 23.695171
730 2 -0.15897553 -0.1669237 1.9 2.0642481 -2.3050585 -7.7068318 24.020929
730 1 0.16893038 -0.54079535 1.9 -0.2157011 0.62550288 -0.39484991 37.975065
730 1 0.30284732 -0.32690992 1.9 24.373043 -8.9620072 -17.67655 0.26367045
730 14 0.19023487 -0.29629251 1.9 8.4871634 -1.8667869 -15.532088 29.463447
731 14 0.29763014 0.69061252 1.9 213.26428 -212.51129 -206.9135 24.418746
731 5 0.4565019 0.40801105 1.9 4.6157547 0.5532415 -9.4008447 9.4796618
731 14 0.39086192 0.52613068 1.9 -8.6190321 15.618597 -20.071543 3.1878635
731 3 0.15575216 0.47495279 1.9 5.6076112 -20.769377 -40.06702 22.522688
731 13 0.055160699 0.46326477 1.9 -1.7495489 -1.7769875 -1.640188 44.431528
731 13 0.26613742 0.60580926 1.9 -17.955936 10.365858 -19.42809 20.873768
731 1 0.33115457 0.38633552 1.9 42.441249 24.046042 -88.388869 1.2717597
731 5 0.10753354 0.24648878 1.9 -0.051356275 -0.0087614231 -0.12579935 34.549858
732 14 -0.40848268 -0.14384347 1.9 -795.54816 -142.94181 -807.53461 0.958784
732 1 -0.14681722 -0.035726509 1.9 -1.0381896 1.9569831 -1.8664762 31.263131
732 3 -0.23960629 -0.034155816 1.9 -2.6099631 22.439829 -17.643498 2.4443931
732 13 -0.31770961 0.057458074 1.9 -24.347814 -17.488527 -26.663203 1.0887129
733 14 -0.28561892 0.36875358 1.9 289.51782 396.04054 -604.41429 31.621196
733 2 -0.29115137 0.44699461 1.9 -0.0055957213 -0.025086664 -0.585017 40.732357
733 14 -0.26524751 0.25024467 1.9 -19.608901 -0.3459892 -14.087072 1.0853582
733 13 -0.087281862 0.034771571 1.9 42.317112 0.73177838 -43.16552 47.236532
733 2 -0.33995022 0.040900647 1.9 -0.21473499 -0.19080688 -0.44679927 39.217793
733 13 -0.2444757 0.33319937 1.9 -73.151314 14.749656 -248.94867 8.2305515
733 3 -0.37417039 0.18900581 1.9 7.5561288 0.40499571 -11.44114 10.759355
734 14 0.21425539 -0.6287886 1.9 -366.0096 173.52435 -535.09989 16.179618
734 14 0.18373533 -0.26809177 1.9 -0.84885312 167.27753 -160.16479 7.6534958
734 1 0.044486369 -0.30504517 1.9 -126.18861 -55.601173 -98.032227 2.6546621
735 14 -0.22904759 0.36111559 1.9 259.7896 342.31448 -386.95703 0.499059
735 14 -0.32857671 0.36431465 1.9 39.023855 0.72291794 -41.708083 5.3458075
735 3 -0.0069614071 0.079744502 1.9 -87.90727 23.774055 -157.01181 25.573558
736 14 -0.30424399 0.031678321 1.9 260.46823 114.95298 -270.00242 3.6974758
736 3 -0.73842488 -0.035410445 1.9 -1.1274384 0.72460953 -1.4551049 20.837446
736 14 -0.38320983 0.23942251 1.9 0.056831763 -0.063314857 -0.17228983 11.996622
736 5 -0.52913509 -0.096221398 1.9 4.8340891 -1.5954224 -6.9372348 47.11831
736 6 -0.28521916 0.15610064 1.9 4.5299888 -1.9226846 -19.300828 33.267539
737 14 0.29836605 -0.16910817 1.9 -17.257108 126.65118 -539.27489 24.050311
737 2 0.22317346 -0.21970339 1.9 -0.10043462 0.057801984 -0.12893683 29.233908
737 1 0.32932298 -0.23864899 1.9 -111.18359 12.507173 -74.704524 37.805795
737 2 0.20272679 -0.081302455 1.9 -237.69412 92.037857 -184.33253 5.1210755
738 14 0.2379785 -0.59066645 1.9 -251.25963 161.09154 -239.18711 25.783917
738 14 0.72413887 -0.64188559 1.9 8.1052012 21.918699 -22.528859 25.842909
739 14 0.49043326 -0.63877474 1.9 33.406353 310.19849 -213.81797 21.094681
739 1 0.35836585 -0.3536087 1.9 -1.9397944 -0.72206459 -2.2193695 47.435695
739 1 0.2756779 -0.12118594 1.9 -29.377452 11.238718 -48.534137 17.667687
739 5 0.35470261 -0.063214571 1.9 -2.1303361 2.7655449 -4.311286 19.441441
739 5 0.39803753 -0.036280579 1.9 -0.20400279 -0.17877198 -0.20684341 35.921299
739 6 0.3762935 -0.23937365 1.9 0.56950568 -1.8074613 -2.2543428 31.358962
739 1 0.39426708 -0.022850384 1.9 5.177392 -2.6152187 -4.8569526 12.508331
740 14 0.37382471 -0.61585562 1.9 2460.973 -4236.4719 -3525.2476 30.051993
740 14 0.48758646 -0.33989484 1.9 255.07157 -117.05475 -362.9287 45.411068
741 14 0.63983849 0.41999375 1.9 -62.249488 -190.08061 -296.69936 11.609668
741 3 0.5711773 0.22967245 1.9 77.231527 70.460899 -119.53656 25.864826
741 3 0.57264374 -0.0099803059 1.9 1.4918689 -29.515817 -20.608566 45.598982
741 6 0.24637859 0.38414986 1.9 1.8679458 -1.5684919 -1.8151474 44.31239
741 6 0.46847959 0.45038386 1.9 -21.183986 18.268469 -35.578744 40.776285
741 2 0.52553291 0.39721685 1.9 1.0019736 0.54310223 -1.1546268 34.556004
741 6 0.25496106 0.26338517 1.9 1.7544547 25.471404 -34.596929 5.374192
742 14 -0.045558067 -0.50533756 1.9 -579.48034 -363.72536 -1281.5246 19.946018
742 1 -0.038378175 -0.56689203 1.9 -2.2992161 12.508262 -12.246658 44.389823
742 2 -0.13156025 -0.61486448 1.9 41.683568 -18.613604 -188.56692 22.740826
742 2 -0.21287116 -0.60101677 1.9 -0.60056094 -0.32327678 -0.475348 42.795452
742 6 -0.20528868 -0.46274852 1.9 -58.625938 144.72133 -398.81277 4.3135674
742 3 -0.18825705 -0.26618186 1.9 -0.034795664 0.38044721 -0.5236107 40.557339
743 14 0.48101283 -0.68498002 1.9 143.68948 269.43263 -346.88531 1.6660841
743 6 -0.058125419 -0.2385962 1.9 -1.825304 -0.91791484 -1.3099058 31.429114
743 5 0.37206755 -0.26546371 1.9 0.22520144 0.59836705 -0.73264002 32.237742
743 13 0.57484254 -0.2743577 1.9 0.023266691 -0.22016774 -0.41425696 30.472818
743 2 0.568955 -0.28118083 1.9 -1.2707268 -1.0412214 -1.1007077 19.060523
744 14 -0.48764574 0.14221274 1.9 -172.66276 276.33581 -238.80329 3.1779649
744 3 -0.47227726 0.22280343 1.9 -0.12030989 0.18978251 -0.1991168 49.934408
744 3 -0.63701215 0.26810601 1.9 -2.9329324 0.053371432 -2.7136003 47.97927
745 14 -0.28559135 0.14017451 1.9 185.27841 270.75531 -380.22983 8.3113551
745 13 -0.35397998 0.040832903 1.9 -78.930505 19.290457 -77.484182 36.315171
745 5 -0.400727 0.22004771 1.9 1.8679911 -12.260153 -105.9856 9.7448056
745 13 -0.13991846 -0.024456862 1.9 -113.0954 -80.377877 -86.499159 36.588811
745 1 -0.43487778 0.17388516 1.9 -20.777384 18.249551 -21.486339 9.0973549
745 3 -0.12234687 0.17109152 1.9 2.5630651 -3.0838883 -3.8910312 17.618201
745 13 0.051293609 0.029892127 1.9 -77.287377 78.302773 -137.13407 24.53802
745 3 -0.28071296 0.094051672 1.9 11.220728 10.057943 -14.316013 42.282432
746 14 0.13153595 0.37954799 1.9 62.409647 -571.72735 -377.25343 34.378113
746 5 0.041524824 0.67639362 1.9 -3.5268514 0.010565634 -2.5310632 18.249686
746 2 -0.063901958 0.49652418 1.9 0.060982307 -0.62079447 -0.47150976 36.161469
746 6 -0.0218654 0.4522752 1.9 -15.873785 -20.460092 -17.382467 35.852986
746 6 -0.34122948 0.56543825 1.9 0.068229778 -0.070984894 -0.17563534 17.837326
746 14 -0.21171406 0.6392411 1.9 -72.588135 252.46856 -239.11894 38.4338
747 14 -0.024281973 -0.91483543 1.9 549.89364 285.76837 -693.62867 20.977164
747 6 -0.1677304 -0.3008595 1.9 -1.5027305 1.0187215 -9.4032322 2.9492225
747 3 0.01000749 -0.31484285 1.9 0.78214432 -0.59648226 -1.2355533 42.169243
747 1 -0.52370032 -0.44919666 1.9 183.01486 -135.61413 -134.76163 40.114124
747 5 -0.26958285 -0.6860557 1.9 -0.16256802 0.080481678 -1.1994909 28.895477
748 14 -0.1512436 0.46337879 1.9 -198.77043 -224.76616 -213.35321 47.203373
748 5 -0.40630202 0.23435701 1.9 -1.2456591 2.6741006 -3.6094965 30.066558
748 2 -0.19398411 0.5975091 1.9 -0.025382472 -0.098260442 -0.47366244 46.04461
749 14 -0.17687167 0.3339287 1.9 -186.61281 -109.22004 -417.70989 38.410449
749 13 -0.55550878 0.28739413 1.9 -5.7740302 1.8449647 -4.6124709 7.6346901
749 5 -0.28993411 -0.0047002738 1.9 -0.054099374 -0.02029042 -0.18073861 43.726366
749 1 -0.24479794 0.15029734 1.9 -45.863337 59.804635 -51.028202 28.189736
749 5 -0.41221865 0.35574979 1.9 -1.515641 -11.219657 -99.407013 5.9673216
749 6 -0.30707496 0.52957029 1.9 -1.0902208 -0.68912069 -1.7178423 30.223998
749 1 -0.1827841 0.28601788 1.9 -0.31293711 1.0729289 -1.4309798 38.552439
750 14 0.60474174 0.50699627 1.9 68.296392 297.45177 -419.44239 2.0917044
750 2 0.63936805 0.39040573 1.9 60.200769 47.348241 -51.546856 0.40190179
750 13 0.59542663 0.49013081 1.9 0.023272702 0.15353909 -0.12112658 40.06484
750 13 0.78302525 0.40888307 1.9 19.82655 5.8039468 -15.138563 49.652121
750 1 0.38607931 0.54112476 1.9 -0.16140583 -0.20031377 -0.15390777 38.80401
751 14 -0.24241864 -0.28748753 1.9 -321.46108 -22.836265 -245.67865 24.258016
751 1 -0.34543721 -0.3593718 1.9 0.060650732 0.12997311 -0.1014915 35.372215
751 6 -0.45251763 -0.2680945 1.9 0.51689263 0.30702518 -1.8828647 45.954287
752 14 0.62426665 0.55277989 1.9 -216.40827 -128.36366 -425.03236 6.2413264
752 2 0.64265099 0.53090543 1.9 -8.9351287 -11.799242 -22.285804 4.702378
752 1 0.35661994 0.20451145 1.9 -0.17104858 -0.41357723 -0.57563901 23.777739
752 5 0.68604819 0.65682081 1.9 -0.45711104 -2.0271658 -1.3881693 44.414234
753 14 -0.14870888 0.62688973 1.9 83.430792 -438.28464 -260.78968 38.20647
753 3 -0.1420458 0.65983391 1.9 0.14522464 0.33845833 -2.122826 14.506269
753 5 0.0055691326 0.55940762 1.9 0.46987426 0.86178773 -0.94902343 21.10269
753 2 -0.11223918 0.68628754 1.9 77.174703 37.772565 -98.781762 18.25769
753 2 0.19243049 0.53524161 1.9 0.45798563 0.068467389 -0.28600783 26.233354
753 14 -0.16359088 0.33910654 1.9 -0.39951862 -4.2790218 -2.5801928 6.6775221
754 14 -0.34835622 0.60616623 1.9 83.41449 192.76587 -407.3773 40.148455
754 2 -0.27554186 0.4542392 1.9 1.5390754 1.6851254 -1.5078711 19.963493
754 1 -0.34342963 0.20446517 1.9 -2.2987605 -0.43497214 -1.3622659 24.557319
754 13 -0.3281273 0.31298057 1.9 -3.4760734 18.537539 -36.579018 1.1630478
755 14 -0.43632118 0.05683655 1.9 -41.126374 349.84959 -231.70646 48.407358
755 3 -0.18051476 -0.38016603 1.9 -0.62002474 -0.1306041 -0.369895 21.143582
755 5 -0.14855852 -0.068815488 1.9 -3.9758663 0.45759036 -6.2575354 25.187724
755 3 -0.29726817 -0.35919079 1.9 -0.65098433 -0.92645104 -1.219082 33.838412
755 1 -0.058517933 -0.17526725 1.9 0.9346447 -1.4939909 -2.557794 24.317229
756 14 -0.29878355 -0.44758797 1.9 157.61569 -271.07203 -213.99552 17.210644
756 13 -0.26999874 -0.43872585 1.9 -0.24353988 -0.87801544 -0.88896914 15.175305
756 3 -0.17530182 -0.45611797 1.9 -17.913895 13.787941 -21.025876 18.494383
756 13 -0.31075864 -0.5703388 1.9 -0.022731855 0.31657336 -0.28970772 38.113505
757 14 -0.53241236 0.54511543 1.9 94.65966 -289.98072 -219.63045 38.641687
757 5 -0.26366327 0.78806424 1.9 0.019081613 -0.60797072 -2.3065493 44.959582
758 14 0.20618827 0.43401997 1.9 -963.83768 309.45751 -604.4653 37.867334
758 5 0.090065428 0.56762099 1.9 0.1559906 0.90067417 -1.4020266 31.92192
758 14 0.48469008 0.38538402 1.9 -7.8360305 18.596962 -12.999226 16.175423
758 2 0.13114296 0.33667569 1.9 16.188472 14.755163 -22.14493 48.309072
758 6 0.17138298 0.43505044 1.9 -0.81913957 2.1511907 -2.917753 44.963482
758 2 0.24669658 0.25534799 1.9 -13.116333 -10.840428 -13.363463 21.37877
758 2 0.55210699 0.55286631 1.9 0.10027964 -0.93789743 -0.95368837 30.908865
758 1 0.48892748 0.55747368 1.9 7.5441931 -24.570644 -18.738271 25.247229
759 14 -0.26546437 0.097328281 1.9 -747.1739 837.60404 -703.0087 35.091858
759 6 -0.28706685 -0.30558343 1.9 -149.24476 13.772032 -284.16104 9.0836568
759 1 -0.26250316 0.079936837 1.9 1.4850883 -13.58238 -14.133638 24.417159
759 6 -0.52534228 -0.094756785 1.9 -0.04478071 -0.60617405 -0.75352623 37.592143
759 14 -0.37807035 0.22905525 1.9 -151.66884 139.51053 -130.15446 9.5397817
760 14 0.1535338 0.39791057 1.9 -301.43174 184.29259 -349.4131 4.1322277
760 2 -0.056834601 0.13055413 1.9 -15.049624 -85.757181 -78.207284 23.859007
761 14 -0.15713396 -0.49569419 1.9 112.54419 302.2428 -418.06108 37.41623
761 5 -0.15674837 -0.53058279 1.9 -108.67485 30.288571 -236.58615 11.748855
761 2 -0.22684594 -0.49254807 1.9 0.023757764 -0.037259739 -0.34465497 5.7375996
761 5 -0.35359844 -0.82765734 1.9 -12.708656 78.110007 -58.008945 35.603973
761 1 -0.16772428 -0.79570499 1.9 -0.10994689 0.012925533 -0.11154087 43.699025
761 1 0.079320956 -0.54754694 1.9 -50.671503 141.6986 -123.29142 38.940531
762 14 0.046830425 0.14253919 1.9 -431.5195 45.279244 -466.37414 12.611314
762 13 0.24267451 0.30048129 1.9 -0.10856924 0.15246388 -0.2591872 26.308448
762 1 0.0039776811 0.073086138 1.9 10.827784 -3.3478865 -10.879067 27.611175
762 5 0.19677509 0.086441719 1.9 1.6529147 18.998853 -40.503248 23.418693
762 5 0.59166998 0.34272903 1.9 -17.476259 11.768624 -47.219397 30.390173
762 3 0.053667107 0.39193792 1.9 0.80656334 -1.1745193 -1.1222577 28.672008
763 14 0.96578181 0.054095031 1.9 190.54416 380.65753 -391.33839 18.437916
763 13 0.46275582 -0.18822681 1.9 8.5429565 57.946404 -55.56488 21.061362
763 6 0.66063025 -0.22478539 1.9 1.13004 0.75054271 -2.8874469 49.561734
763 14 0.65680588 -0.1827601 1.9 76.412631 75.504268 -108.46071 22.156481
763 6 0.6355899 -0.027820286 1.9 -16.038561 -23.685707 -22.737303 29.761541
763 5 0.6855209 0.010265357 1.9 -2.1784886 -0.60527155 -3.4144321 27.168997
764 14 0.43461499 -0.15279713 1.9 -268.86816 -116.17691 -234.47283 3.1397792
764 5 0.23961382 -0.31721744 1.9 -0.25187179 0.057071527 -0.5999771 21.499466
764 1 -0.00014879237 -0.60143762 1.9 1.1104009 -0.47071086 -0.73906783 36.568458
764 5 0.47620704 -0.3544811 1.9 5.8568248 -75.673806 -92.79734 47.015775
765 14 -0.050358157 -0.21683139 1.9 256.73889 18.092622 -803.53608 11.153399
765 5 0.1407422 -0.11164838 1.9 -0.075744226 2.7383519 -4.2722809 42.817897
766 14 0.64618984 0.1891133 1.9 301.07793 -2.7025791 -206.6521 17.294004
766 13 0.40364977 0.41102398 1.9 -27.78936 32.472885 -45.013886 47.302582
766 2 0.63405912 0.4294949 1.9 1.8406721 -1.2542093 -1.4910314 33.654728
766 6 0.37622828 0.30451678 1.9 -2.8138742 0.61262441 -2.00994 36.844959
766 13 0.33674481 0.55734775 1.9 -61.851405 -117.01845 -124.12455 40.842429
766 3 0.16295563 0.37313113 1.9 -6.4971783 5.6913198 -8.0766986 7.6476001
766 2 0.2508352 0.69352051 1.9 10.087582 -48.77059 -58.271187 1.7233374
766 1 0.41919856 0.36188258 1.9 76.301876 40.500526 -104.77748 10.736199
767 14 -0.44973836 -0.55278781 1.9 -2.0228687 187.58537 -422.48513 12.385889
767 1 -0.11500684 -0.55190853 1.9 -0.54073853 -0.48912645 -0.62190394 41.301745
767 14 -0.30894859 -0.36279079 1.9 -87.620415 0.17538791 -64.797336 33.397898
767 1 0.015905836 -0.47634373 1.9 -1.6964386 -1.6697126 -1.9098573 27.386235
767 14 -0.18059548 -0.49454202 1.9 -25.449633 28.520114 -38.836843 16.91135
767 14 -0.25804197 -0.24094787 1.9 -0.11041677 -0.017794523 -0.3207731 4.1769858
767 2 0.18298507 -0.18008443 1.9 -74.045002 -34.077856 -170.01939 11.765906
768 14 -0.58380477 0.0072417962 1.9 354.10367 18.237006 -262.94213 43.115966
768 14 -0.55403977 -0.16504871 1.9 23.444237 -22.490826 -20.862808 10.685842
769 14 0.28171974 -0.40214008 1.9 319.19519 1505.7707 -1535.4079 42.603724
769 2 -0.068843582 -0.70222987 1.9 -5.485236 1.7896031 -4.7062087 2.238777
770 14 0.14871806 -0.23295382 1.9 -131.18683 -168.35466 -694.35243 5.7157199
770 14 0.10739332 0.11063535 1.9 -15.551662 21.25132 -19.681349 13.846049
770 6 0.25245552 0.30077398 1.9 -30.279216 -25.01994 -32.293488 9.8819839
771 14 0.20173916 -0.40929537 1.9 299.39449 251.85545 -298.54978 43.222555
771 5 0.10410593 -0.63657997 1.9 19.819857 -2.5315089 -15.161123 32.740504
771 3 -0.16649443 -0.40970907 1.9 15.762474 -1.9835449 -10.299173 36.908277
771 1 0.25709645 -0.53798372 1.9 -6.3760549 1.351635 -12.275726 35.364595
771 5 0.23554878 -0.4479053 1.9 14.966025 10.038244 -30.129454 2.1314102
771 13 0.24080209 -0.55846155 1.9 -0.9340478 2.4567026 -10.348769 46.719036
771 2 0.11897878 -0.48036674 1.9 5.4636314 -4.8408242 -14.326554 29.795675
772 14 -0.13559188 0.57730742 1.9 -298.53037 -16.815544 -267.59552 38.738263
772 6 -0.092472377 0.62007487 1.9 -0.17702585 -0.11180304 -0.39184332 30.266445
772 6 -0.037066023 0.3895012 1.9 0.75225974 0.85718257 -0.97071661 38.866445
772 5 -0.10810821 0.60130121 1.9 -0.12273634 0.14828517 -0.14467436 18.142055
772 3 -0.088340683 0.6388199 1.9 -13.172167 14.365533 -36.476395 9.3788434
772 2 -0.25640197 0.13205868 1.9 -0.055003595 -0.038910172 -0.098566301 36.309397
772 3 -0.33582943 0.4983222 1.9 -4.5720864 -1.9101067 -4.4038286 25.478217
773 14 -0.27959814 -0.40111879 1.9 436.45915 -97.144362 -597.40775 17.832691
773 14 -0.40560458 -0.084045141 1.9 0.42790114 0.29132051 -0.49936978 15.183248
773 14 -0.34577716 -0.31534519 1.9 0.30333144 0.3764482 -0.33245463 43.797188
774 14 -0.38027314 -0.32180284 1.9 -573.45725 -1080.8688 -805.07835 42.984183
774 5 -0.16512597 -0.11720911 1.9 -20.971041 3.6324203 -19.456258 6.511805
774 14 -0.11714946 -0.078308751 1.9 99.421329 97.44956 -108.99483 37.541942
775 14 0.2990143 -0.46853918 1.9 -114.74285 -1144.7163 -724.71885 49.953528
775 3 0.448931 -0.07093721 1.9 0.18227376 0.52407875 -0.46628978 22.410408
775 3 0.64990966 -0.11655231 1.9 -50.980912 164.55761 -229.12123 24.020568
775 6 0.1612256 -0.44239926 1.9 0.57152409 -0.34983974 -0.92077204 15.827505
775 3 0.19940329 0.13773364 1.9 -0.47567293 0.96292245 -3.0754662 17.808211
775 14 0.42854697 -0.23741762 1.9 -94.673713 16.418294 -205.71054 35.294954
775 13 0.16541803 -0.18039439 1.9 -6.1523486 -14.221115 -27.774299 34.541346
776 14 -0.38050581 0.56204534 1.9 -19.236208 -359.73508 -508.19923 13.501955
776 1 -0.36173911 0.40684288 1.9 41.510169 -9.8633095 -57.641675 6.3414191
776 14 -0.11324953 0.60946328 1.9 -0.74705788 -0.5704751 -0.98146579 29.945657
776 14 -0.43630853 0.10669626 1.9 0.093611371 -0.07062892 -0.22398745 43.920663
776 13 -0.14129623 0.15324873 1.9 -0.22216282 0.56967294 -0.83728527 9.7589588
776 14 -0.54310018 0.46148841 1.9 -0.055680033 -0.036396227 -0.19507922 38.498321
776 2 -0.37081433 0.38401355 1.9 5.0401991 0.27181513 -6.4295373 49.980127
777 14 -0.37602236 0.21670038 1.9 317.35466 -484.8998 -1019.0865 16.539321
777 2 -0.44772875 0.42081305 1.9 -1.1307603 -1.7791964 -2.0221473 12.460835
777 14 -0.4255893 0.4623367 1.9 -1.4109627 0.2778685 -1.4774476 48.350197
778 14 0.19550781 0.42606684 1.9 519.19804 -1043.9432 -829.16113 33.767202
778 14 0.20285761 0.60134134 1.9 -1.006394 0.22436096 -1.3499311 39.197044
779 14 -0.38841887 0.34859929 1.9 375.6486 715.91528 -494.2144 49.455987
779 6 -0.45568085 0.74821456 1.9 -47.927054 -114.59512 -92.981707 23.315122
779 13 -0.32824981 0.5778554 1.9 1.2670842 -2.5871412 -2.4182538 15.03446
779 6 -0.31264744 0.34043672 1.9 -9.0910596 34.579868 -39.757541 3.7809724
779 13 -0.54097722 0.43589323 1.9 0.91880218 2.6659217 -3.6246171 3.9964437
779 14 -0.52231856 0.67239067 1.9 7.879082 -2.8854174 -9.5855689 34.13044
780 14 0.063710133 0.14594731 1.9 251.09299 204.41214 -779.11214 40.399057
780 1 0.042490259 0.16266734 1.9 2.8174289 -47.032359 -99.652511 40.118045
781 14 0.24262921 -0.043102838 1.9 -36.523193 210.01684 -340.57555 43.503847
781 14 -0.12417173 -0.37355651 1.9 -1.2998976 -0.35276734 -2.4696643 39.69264
781 2 0.20225871 -0.43420184 1.9 -0.23749004 -0.58561187 -0.42703533 15.202973
781 14 0.042387411 -0.38297055 1.9 -3.3187665 0.50828883 -8.9963002 31.387611
781 3 0.21764396 -0.50526487 1.9 0.04766913 -0.071750077 -0.57134814 27.043549
781 14 0.091464245 -0.4141141 1.9 -0.31546827 2.6599343 -3.7934768 14.596758
781 13 0.10519412 -0.67279318 1.9 1.4116907 0.95903283 -1.0069606 34.540905
782 14 -0.091254051 -0.564837 1.9 -104.04763 -353.04203 -214.23946 9.4418346
782 6 -0.013403389 -0.56519649 1.9 -17.331347 13.720506 -24.591706 37.542092
782 13 0.19832088 -0.85918861 1.9 -6.6942513 -10.067576 -34.472893 33.076112
782 6 0.22875083 -0.79459295 1.9 0.23035397 -0.10303258 -0.17418276 2.8173871
782 13 0.13646788 -0.68556376 1.9 1.0184444 -0.86286926 -2.3173639 26.961853
782 6 0.10819328 -0.31376324 1.9 -0.20869574 -0.22918745 -0.22389243 48.320141
782 2 0.21943458 -0.41721523 1.9 -0.25606925 0.020579082 -0.18905509 10.078974
782 14 0.056527651 -0.23777853 1.9 -11.559236 -12.202693 -55.882742 46.488243
783 14 -0.18774105 -0.45040282 1.9 247.7133 -348.71316 -591.59331 32.64423
783 13 -0.048837813 -0.35723019 1.9 -34.927389 -19.404738 -35.426666 47.940694
783 3 -0.22627888 -0.58782285 1.9 2.1774865 -4.6679232 -3.57633 49.002147
783 1 -0.25405532 -0.37954556 1.9 -0.55369838 2.7452675 -6.082323 24.47714
783 5 -0.14812745 -0.25671579 1.9 17.495172 1.7636425 -19.861339 35.252246
783 5 0.032316346 -0.45605153 1.9 59.197495 20.688071 -88.679431 23.988026
783 6 -0.12622734 -0.51702721 1.9 145.30855 -38.332603 -186.59217 12.278853
784 14 -0.25557084 -0.44902198 1.9 74.161669 -270.71981 -431.9151 8.1505483
784 3 -0.4263218 -0.50285238 1.9 -34.858836 -32.504004 -150.29654 0.99172735
784 14 -0.13426848 -0.56959698 1.9 -0.4721791 1.8628664 -3.6262384 1.0637399
784 6 -0.414277 -0.5510976 1.9 -0.15108175 -0.031576567 -0.14700331 15.944834
784 1 -0.50408539 -0.79062775 1.9 -0.61319286 -0.058002702 -1.0249759 20.833754
784 14 -0.34533323 -0.43125018 1.9 0.22801383 0.23401942 -0.33934183 38.748265
784 2 0.086332316 -0.52958918 1.9 -0.081465463 -0.09348566 -0.12519684 7.0946906
784 14 -0.35365826 -0.45665492 1.9 0.38858679 0.46182957 -0.5673254 28.731596
785 14 -0.42140046 0.17811557 1.9 -114.73644 -355.20841 -235.52422 5.153149
785 1 -0.36694991 0.042315559 1.9 -0.22288152 -0.094622507 -3.7927284 16.408094
785 5 -0.44352376 0.70248866 1.9 -37.094972 6.5315331 -38.100264 1.5767198
785 6 -0.29540815 0.43187941 1.9 30.751847 -27.70347 -55.788028 18.961462
785 6 -0.29061035 0.23517985 1.9 -3.3704445 -1.9596538 -5.2516378 14.988993
785 14 -0.63125485 0.15535283 1.9 6.2990318 28.746072 -64.219667 40.414195
786 14 0.61106875 0.21073402 1.9 -239.80869 2.5555573 -358.07985 7.8864279
786 6 0.76783469 0.27289082 1.9 0.12545276 -0.025557552 -0.14727963 2.9965497
786 6 0.51040974 0.41129395 1.9 -0.045345469 0.73065508 -0.88492042 13.639516
786 5 0.71655599 0.34454005 1.9 -0.0022047293 0.015547281 -0.60618655 24.268784
786 3 0.85957355 0.26232276 1.9 -0.34218499 -0.023542978 -0.22800811 40.35209
786 5 0.60693221 0.56969621 1.9 -4.2499701 22.033662 -15.38671 24.19397
786 5 0.50990273 0.18415214 1.9 -12.282438 -10.308919 -44.409143 1.2799036
787 14 -0.37808621 -0.54095575 1.9 -22.225482 335.27969 -402.8558 18.328567
787 6 -0.29736092 -0.38790538 1.9 41.208719 52.855201 -125.84259 39.403891
787 1 -0.29423914 -0.51473574 1.9 -0.034931039 1.4138749 -1.8351732 22.62808
788 14 0.089317672 -0.56621592 1.9 -147.13437 250.0018 -482.22833 38.526277
788 6 0.14123132 -0.69126198 1.9 3.4774602 4.1962168 -5.1484078 30.652621
789 14 0.28937502 0.038048593 1.9 182.87165 585.56824 -454.74211 5.2084312
789 2 0.11851096 0.32455829 1.9 -2.4050112 1.1576145 -13.286741 16.698157
789 1 0.49332427 0.20633521 1.9 -0.13678272 -0.20185372 -2.7471558 38.156443
789 14 0.32507726 0.16550762 1.9 -3.0763729 2.9816534 -8.0054811 19.508696
789 13 0.29188264 0.35502708 1.9 16.208126 14.076512 -40.092196 17.399045
790 14 -0.52076033 -0.039960528 1.9 -1009.5341 -176.02264 -618.81757 13.995545
790 5 -0.81148714 0.024020112 1.9 -5.821498 13.987414 -74.020932 8.9267308
791 14 0.61246793 -0.017357422 1.9 322.74341 68.603406 -227.93705 34.344848
791 3 0.24953779 -0.0062561748 1.9 -0.99003839 -0.39672418 -1.1137402 10.816158
791 6 0.60491379 0.14805988 1.9 41.6357 35.035566 -64.239083 37.650406
791 1 0.5882889 0.15631692 1.9 58.76753 0.74111875 -75.928489 45.400977
791 1 0.78201089 -0.0038369135 1.9 -0.078318212 -0.024082111 -0.12147256 4.972493
791 14 0.69147264 0.11098677 1.9 -0.087264479 0.30827207 -0.31939873 24.257208
791 3 0.65145731 -0.054554176 1.9 -0.41876555 1.5917076 -2.8283576 35.452264
791 3 0.60218834 0.015236424 1.9 4.448568 -3.1526348 -5.6112868 46.155502
792 14 -0.62727962 0.43867024 1.9 4.1935568 -382.92396 -260.18963 10.398056
792 13 -0.36918782 0.2280441 1.9 -0.022445758 -0.017080773 -0.28198852 41.28588
792 2 -0.36475222 0.094997251 1.9 3.5487346 2.378016 -5.2511763 27.559909
792 3 -0.70685344 0.12345368 1.9 -4.4474418 3.4431596 -10.581279 26.194463
792 3 -0.39645542 0.021717604 1.9 1.7497306 -0.90583838 -1.7156913 29.890648
792 6 -0.59039249 0.27423499 1.9 64.950572 -78.173662 -102.15313 2.31883
792 14 -0.38453546 0.2319304 1.9 0.83322857 -6.251116 -3.6474509 8.7064363
793 14 0.57286637 -0.60939826 1.9 90.484952 -321.15536 -263.3312 3.4513964
793 2 0.5668968 -0.30442601 1.9 0.56106552 -1.1350915 -1.4324243 17.428716
793 3 0.51685828 -0.25351701 1.9 -18.89079 -28.495644 -104.38942 46.197724
793 1 0.4356155 -0.24445803 1.9 -0.56506768 -0.42093847 -1.2209032 35.891126
793 13 0.43756132 -0.034709982 1.9 -0.13601848 -0.039806608 -0.10300376 18.510482
793 5 0.46413451 -0.15171664 1.9 -1.0483245 -0.15956524 -2.1927018 0.30055131
793 13 0.68936092 -0.40832184 1.9 0.13117837 -0.48882621 -0.34328105 30.336072
793 6 0.43065792 -0.17839639 1.9 8.7050918 2.7040195 -8.1279626 6.5308425
794 14 0.25435264 0.59345333 1.9 -133.21719 -122.4426 -373.45101 30.858206
794 2 0.28886219 0.59910475 1.9 30.089399 -28.659392 -32.961353 16.676384
794 2 0.090075196 0.45244433 1.9 -6.6088649 -22.483846 -50.661612 42.199783
795 14 0.16396467 -0.3957586 1.9 -871.19658 322.02421 -909.50181 2.2094537
795 13 0.18339684 -0.17844929 1.9 21.86177 76.871566 -133.97883 38.297103
795 1 0.41427922 -0.35321551 1.9 17.157547 -195.44843 -326.91124 4.7746169
795 13 0.41525308 -0.40262386 1.9 7.2275402 -2.8354705 -12.858186 30.558841
795 3 0.27082089 -0.57469937 1.9 0.18371323 0.41443647 -0.9814408 30.548078
795 14 0.26743591 -0.39983512 1.9 12.102669 15.264434 -17.991676 38.506723
796 14 -0.37747817 0.011854241 1.9 26.161731 -307.57989 -183.92985 22.289597
796 1 -0.28238515 0.11094143 1.9 19.278546 -22.132465 -19.006494 4.8561581
796 13 -0.36678899 -0.10902772 1.9 -16.391239 21.041533 -31.501107 9.6256578
796 5 -0.16891729 -0.19429484 1.9 -3.2960795 2.020815 -3.7572207 46.63601
796 6 -0.3834992 0.05558697 1.9 0.18992888 0.002398036 -0.17010481 7.3102477
796 2 -0.37566861 0.015279794 1.9 12.677959 -13.058506 -24.632201 49.690884
796 5 -0.26424603 0.055001977 1.9 80.305078 -43.358681 -60.005704 18.842038
797 14 -0.33745184 0.24729191 1.9 59.481654 364.35872 -242.71526 16.698328
797 6 -0.34240181 0.32007718 1.9 -48.679912 33.180938 -69.327627 3.0490959
798 14 0.17312083 0.44217628 1.9 -214.60453 107.84037 -335.32818 3.963754
798 5 0.4405574 0.49857857 1.9 5.8654314 -1.9297305 -7.4939072 6.3557798
799 14 -0.098112772 -0.25033911 1.9 65.580694 -16.532278 -435.74035 33.720394
799 13 -0.24361338 -0.47552475 1.9 -8.0702282 -0.46675262 -18.359406 31.33559
799 13 0.04761285 -0.60617922 1.9 23.006095 14.14811 -66.545667 27.035893
799 1 0.081035081 -0.51293731 1.9 11.731899 0.30719662 -7.8278291 45.398539
799 5 0.15031049 -0.28241207 1.9 19.823599 21.492156 -28.444591 9.1090254
799 6 -0.055428858 -0.41750687 1.9 -0.43241342 0.23512337 -2.1228592 14.197438
799 14 -0.075215821 -0.31425131 1.9 4.3828556 -6.8481694 -9.7958084 1.4527904
800 14 -0.51161092 0.6674809 1.9 235.9185 -152.1212 -1314.1878 35.106043
800 6 -0.40005539 0.44754051 1.9 -43.248512 1.2764817 -48.999478 34.996135
800 13 -0.62012356 0.64735918 1.9 206.63163 56.476145 -285.3595 26.187644
801 14 0.39608776 -0.51969388 1.9 60.639698 196.61225 -374.60934 43.215671
801 2 0.15399056 -0.35582781 1.9 0.29472916 0.13242133 -0.27064971 36.654785
801 5 0.18816189 -0.61896817 1.9 -0.47132578 -0.049029356 -1.2647294 44.253576
801 5 0.44775567 -0.5501108 1.9 0.55885016 -1.4972698 -1.1183027 37.950089
802 14 0.45792672 -0.090504114 1.9 4.3969168 230.34309 -309.50389 32.884211
802 5 0.64550054 -0.089218924 1.9 0.68414918 0.82904383 -1.1515883 43.5321
802 13 0.49836427 -0.28592086 1.9 0.0059733451 0.6333757 -0.48281801 49.575506
802 13 0.47818893 0.17059504 1.9 -52.101426 -64.409766 -50.859291 22.249599
803 14 -0.30173491 -0.16131204 1.9 -1078.2558 1034.9115 -1521.2136 11.361825
803 2 -0.26070989 -0.045750652 1.9 -0.54236107 0.68928863 -3.3987807 44.328796
803 2 -0.30572049 -0.54019975 1.9 -407.52771 -369.88771 -453.9632 12.662278
804 14 -0.0070124114 -0.60642822 1.9 274.25228 -111.06807 -252.2783 19.543382
804 13 3.9781115e-05 -0.59665081 1.9 -57.623838 -52.772056 -186.66492 21.535514
804 2 0.12137741 -0.30654547 1.9 9.2016247 4.6028299 -11.600715 26.899594
804 3 -0.075966194 -0.51159079 1.9 -4.2155489 3.7158513 -7.4832925 5.8762728
804 6 -0.16992228 -0.15855221 1.9 0.9054185 -0.15559687 -1.0332698 43.903217
804 5 -0.08691934 -0.80286444 1.9 -0.51464635 2.7609594 -7.5987186 31.417064
804 1 0.14912342 -0.16551625 1.9 -0.37194734 0.13141973 -0.56253074 3.1290997
804 6 -0.041009425 -0.53459413 1.9 -0.064327901 -0.11556585 -0.22742418 34.019139
805 14 -0.28191275 -0.54541481 1.9 50.464748 -90.755809 -353.26463 9.0816613
805 1 -0.090703085 -0.35200009 1.9 -0.058059056 0.11990459 -0.26229418 46.889117
805 1 -0.33592319 -0.67820874 1.9 -0.15755648 -0.114261 -0.18093971 28.695547
805 3 -0.44956151 -0.47103772 1.9 1.9017734 2.0433073 -2.6964282 17.513615
805 1 -0.20801718 -0.5892527 1.9 3.0208183 -2.4097927 -3.4918108 25.628523
805 6 -0.1697959 -0.43798904 1.9 -7.2046257 5.6835623 -20.086587 27.221135
805 14 -0.31109811 -0.63135489 1.9 -0.24678537 0.081420564 -0.45823673 48.02098
806 14 -0.17170829 0.024014013 1.9 -166.12848 -332.58912 -302.31303 33.054743
806 1 -0.17830033 0.21034146 1.9 -1.3016512 -8.5401634 -9.5482418 44.75324
806 6 -0.36635523 0.12134109 1.9 -4.4966619 -10.846582 -14.040624 24.077415
806 13 0.13323191 0.017282107 1.9 -0.086306587 0.024206715 -0.20857878 10.830067
806 2 -0.28941003 0.49577246 1.9 -5.7230912 -9.1864599 -12.788699 30.353825
806 13 -0.29717619 0.12742577 1.9 -1.0443383 -0.52075607 -1.0789851 31.670624
807 14 0.40699059 -0.66503365 1.9 151.41679 833.589 -1640.6674 48.609396
807 6 0.54743318 -0.65496778 1.9 0.77384415 -0.12482893 -1.67801 48.428111
807 3 0.3781043 -0.57763777 1.9 358.0068 -11.79508 -257.87604 27.32013
807 14 0.44535919 -0.3383488 1.9 -8.8159567 -6.15543 -38.706313 23.065635
807 1 0.29080373 -0.66071329 1.9 0.47661143 0.28226567 -1.5390807 12.123787
807 6 0.34890282 -0.23533094 1.9 18.329237 -77.307755 -52.345364 41.690857
807 3 0.44351808 -0.16628919 1.9 6.7290293 66.926333 -47.163395 22.462291
807 14 0.28074612 -0.42274669 1.9 52.886103 -93.674579 -129.12736 25.610329
808 14 0.35219559 -0.56528746 1.9 -142.80138 244.10301 -546.38876 11.928238
808 13 0.48639782 -0.31318942 1.9 11.287975 0.40472575 -41.181832 5.3329524
808 1 0.22352963 -0.68303836 1.9 -83.751421 -51.426408 -77.147924 19.805885
808 2 0.18813315 -0.3134421 1.9 0.28200829 0.12572457 -0.25066393 19.991542
809 14 -0.45448406 0.28501355 1.9 321.77508 161.58401 -642.86483 46.940556
809 13 -0.47252628 0.073657401 1.9 8.6546626 10.950711 -12.769806 17.8335
810 14 -0.7963967 -0.49862601 1.9 -369.38966 -294.72248 -355.8087 34.092502
810 1 -0.69501949 -0.17855371 1.9 -2.6925194 -5.6780044 -11.846398 25.969219
810 5 -0.70646285 -0.30516681 1.9 -1.0085716 0.13873183 -0.777155 3.4572475
810 5 -0.58078185 -0.34971384 1.9 -0.81742118 0.92693008 -1.4318185 2.9109819
810 5 -0.67142879 -0.3011701 1.9 0.61980818 0.25558975 -0.59717344 25.739955
810 1 -0.37127735 -0.32697354 1.9 -0.76354096 4.447702 -6.3320019 48.94547
810 5 -0.63826532 -0.73905581 1.9 16.535434 13.597436 -19.467988 2.7813434
811 14 -0.089964205 -0.52355322 1.9 -280.70464 81.027734 -538.15926 20.066189
811 13 -0.048164746 -0.71773018 1.9 -1.5570661 -5.2321344 -5.3135086 2.09495
811 1 -0.0056441319 -0.72019838 1.9 -137.43642 6.1670572 -220.47707 32.69049
811 2 -0.134921 -0.54157771 1.9 2.7879273 -1.1795214 -2.9066775 13.222798
812 14 -0.54546255 0.1021153 1.9 -214.31783 430.75765 -987.80712 3.7945794
812 1 -0.52253595 0.26727397 1.9 -0.15680085 0.86899906 -1.0119098 4.1991781
812 13 -0.63483489 -0.01302957 1.9 -5.5591449 0.50359388 -3.3738178 8.0619545
812 1 -0.40348668 0.14994484 1.9 0.14629167 2.6959416 -13.963992 26.799379
812 14 -0.48423531 -0.026112396 1.9 2.9157482 -4.3391404 -13.461009 23.049992
812 14 -0.67464583 0.14712211 1.9 0.18053538 -0.29852287 -0.76201618 49.904748
813 14 -0.01056384 -0.20238653 1.9 167.76125 87.021859 -491.88509 36.103944
813 6 0.038289293 -0.030398228 1.9 8.2873263 1.9597532 -79.9091 3.8415821
813 2 0.27352346 0.17166323 1.9 -2.140344 -0.18026634 -1.5038908 6.3429272
813 5 0.086458474 -0.24799295 1.9 0.072000641 0.062114987 -0.31424778 46.517426
814 14 -0.149462 0.035194501 1.9 -274.00103 527.17712 -465.45567 5.6417462
814 13 -0.19257797 0.090027182 1.9 60.467388 -38.933517 -211.63609 13.014614
814 1 0.023047729 -0.08522808 1.9 4.6361586 -8.1694396 -19.04387 45.883685
814 3 0.083403347 0.049533685 1.9 -14.118102 5.881951 -52.046359 44.926452
814 1 0.077973626 -0.17125743 1.9 7.5376131 26.369731 -34.459435 36.01085
814 6 -0.046939853 0.20068411 1.9 13.011245 11.111945 -24.987613 45.505687
814 14 -0.38475857 0.11736453 1.9 -0.12632208 -0.1786819 -0.2841119 3.4970997
815 14 0.35073291 0.5599566 1.9 45.298714 -252.99796 -383.9293 30.898599
815 14 0.33860689 0.3428666 1.9 -51.803101 -37.694822 -74.857725 27.845561
815 1 0.51596115 0.45181573 1.9 58.505744 43.668375 -54.952297 4.6335703
815 6 0.3813842 0.37077355 1.9 22.204938 1.9593963 -16.89514 13.856526
815 6 0.35292621 0.31112188 1.9 -0.31275806 -2.4367599 -5.9376998 31.716536
815 6 0.071957707 0.38740672 1.9 0.080188499 -0.083061587 -0.11173818 37.780258
816 14 0.34401837 0.68147096 1.9 102.16625 206.04516 -270.25324 40.159614
816 5 0.3840044 0.58231646 1.9 0.43054018 -0.32783887 -0.93596015 24.718239
817 14 -0.051419742 0.50038226 1.9 206.54752 -28.19604 -341.87689 5.4423273
817 2 0.0068093865 0.3855999 1.9 0.13498801 0.21638526 -0.28540217 19.97552
817 3 -0.12502299 0.50593474 1.9 -0.57360504 0.52734872 -0.53023376 36.174855
818 14 -0.24575833 0.31085597 1.9 -97.977996 300.10611 -293.20051 23.221
818 2 -0.18877423 0.22526951 1.9 0.23634455 -0.54081433 -0.38482384 23.937293
818 2 -0.22273684 0.11761796 1.9 0.040821494 0.17752649 -0.47699766 23.303494
818 2 -0.1319174 0.26047565 1.9 -0.032135574 0.15696642 -0.1022688 47.402979
818 14 -0.13810962 0.12311094 1.9 -18.018742 7.8873682 -18.527234 14.59662
818 3 -0.10592171 0.26675002 1.9 -1.8139231 -2.4652423 -4.4024831 20.234653
819 14 -0.32459258 0.34854792 1.9 -16.980598 304.47089 -228.87747 37.143358
819 5 -0.16054165 0.37699737 1.9 -0.76575926 0.46853087 -0.56787372 14.246517
819 6 -0.24055953 0.56582063 1.9 -0.13391012 0.035573309 -0.16548912 16.935688
819 1 -0.12677325 0.21632754 1.9 -2.0562223 -23.732496 -20.23174 0.9653355
819 13 -0.32889372 0.21472354 1.9 -10.098605 -12.293232 -12.619925 31.012352
820 14 0.28628273 0.49353019 1.9 -465.84637 362.68393 -533.99415 28.917634
820 3 0.46476871 0.83764049 1.9 85.137725 -38.716177 -85.72909 47.131172
820 1 0.47911102 0.28909377 1.9 -12.004538 7.6995107 -9.4762686 16.621096
820 3 0.408745 0.26085668 1.9 0.14993594 0.52410815 -1.2318608 25.203134
820 1 0.24228489 0.39005202 1.9 -29.553691 -239.94425 -232.68822 31.97162
820 6 0.55249894 0.30263458 1.9 -238.35935 -29.631646 -139.4414 7.711788
821 14 0.05096255 -0.20309148 1.9 273.59378 101.30036 -598.8417 48.380138
821 5 0.038722803 -0.00091841167 1.9 -0.72269317 6.418883 -4.0943484 32.333355
822 14 -0.30657379 -0.37817988 1.9 -192.63395 61.579504 -369.5974 29.384737
822 14 -0.45467701 -0.047905851 1.9 -0.096638957 0.032610078 -0.33980224 29.426207
822 13 -0.44400638 -0.27978536 1.9 -0.04960676 0.085504316 -0.095319176 38.025909
822 13 -0.42819312 -0.53009265 1.9 -0.98192895 0.15403391 -9.854641 26.028516
822 1 -0.41126691 -0.1008895 1.9 3.4901537 0.93447009 -2.2033273 47.785046
822 13 -0.45161553 -0.30574194 1.9 2.4464286 3.8801518 -4.6613934 49.673071
822 5 -0.60841374 -0.12140348 1.9 -0.044683345 -0.070286847 -0.097248435 38.257029
822 5 -0.64527804 -0.47643522 1.9 4.9435965 -1.3073741 -3.7096226 34.616233
823 14 0.15965439 0.72448067 1.9 227.26749 447.80057 -1408.0052 14.215603
823 1 0.41713946 0.69535303 1.9 13.642351 -3.4878404 -21.62861 43.719631
823 1 0.52583501 0.77529384 1.9 0.12810792 -0.15960204 -0.38095665 16.193097
823 1 0.71665672 0.83867544 1.9 -188.40726 -122.33545 -332.13064 35.16199
824 14 -0.57365923 0.10190319 1.9 -17.618771 -98.689682 -392.05965 24.254832
824 6 -0.18680316 0.26711645 1.9 37.520598 144.87371 -102.13611 37.212426
824 5 -0.22097156 -0.027631537 1.9 -0.60795443 0.19740216 -2.129625 32.081616
824 3 -0.36134996 0.12124599 1.9 -3.6551886 -6.2221219 -8.0135789 12.919383
824 14 -0.061846695 0.48708057 1.9 0.99400515 -0.39977735 -1.042597 18.416913
825 14 0.10873217 0.47739762 1.9 186.86149 225.29123 -229.98193 35.704994
825 2 0.17627726 0.36382264 1.9 2.1097969 -1.0125903 -2.0560947 25.325537
825 6 0.33060652 0.65389451 1.9 -0.39803915 0.68521595 -1.2229104 29.418343
825 2 0.58185995 0.7000806 1.9 -7.439424 2.0586547 -17.137978 25.463159
825 13 0.35734457 0.64665791 1.9 16.870437 -36.586129 -49.528053 25.44645
826 14 0.58194902 -0.58341302 1.9 134.64822 -217.82977 -286.76834 15.712978
826 5 0.57807833 -0.66861404 1.9 16.058429 20.456941 -15.073175 21.504883
826 13 0.90127612 -0.48282239 1.9 0.10905433 0.0060831519 -0.11191356 27.545869
826 5 0.47183615 -0.62345898 1.9 0.34086496 -1.3289353 -2.2114676 21.578232
826 1 0.29367312 -0.31852311 1.9 1.4238197 9.7405369 -11.14619 27.136498
826 13 0.5707386 -0.42490877 1.9 -0.085038411 0.67838091 -0.40395629 4.6458901
827 14 -0.14000371 0.26380939 1.9 294.72701 -129.44718 -187.39466 13.481294
827 5 -0.40461474 -0.14649242 1.9 0.44449902 -0.39504406 -0.38824544 0.023381787
827 14 -0.38899988 -0.30096791 1.9 -5.6867041 -2.5635357 -12.766685 31.048763
827 5 -0.38915989 0.071317529 1.9 0.14301248 0.13890877 -0.17933904 40.799925
827 2 -0.37902074 -0.024959733 1.9 -16.446749 8.9739589 -17.564919 34.016334
827 13 -0.36899576 -0.29586055 1.9 -0.053516446 -0.20916366 -0.13341099 48.455339
827 3 -0.46005814 -0.20522241 1.9 -1.2391852 1.0077974 -1.016587 28.435353
828 14 0.4760922 -0.21087539 1.9 -225.13025 -280.89727 -297.0353 43.384256
828 3 0.51835174 -0.18414215 1.9 -0.19146898 0.14809608 -0.746055 13.056683
828 1 0.62039698 -0.34827664 1.9 -0.0077036935 0.080529256 -0.13788038 29.458471
828 5 0.68460445 -0.51301087 1.9 -1.7818767 1.8739767 -2.0942763 0.90752777
829 14 0.020971775 0.3599848 1.9 290.34693 -150.37738 -205.08479 2.9979307
829 2 -0.15355404 0.50884741 1.9 0.042009289 -0.085855505 -0.055386095 44.419112
829 1 -0.14585124 0.95947653 1.9 0.044928909 -0.12092454 -0.13805451 45.332477
829 13 0.030145571 0.60526246 1.9 0.28932525 -0.20701304 -0.43563816 14.06295
829 5 -0.24602412 0.5246026 1.9 55.364593 7.5175784 -39.183403 19.683898
830 14 -0.54360955 0.024607672 1.9 333.63637 238.04416 -906.31596 31.197045
830 6 -0.44566879 0.11959205 1.9 0.2370256 -1.8608931 -1.7721559 18.399098
830 6 -0.51437272 -0.11531091 1.9 -0.18589535 -0.070647293 -0.42456766 27.893563
830 14 -0.34008069 0.19932092 1.9 0.50183837 -3.0117529 -2.3281518 29.433925
830 5 -0.33607773 -0.046650165 1.9 0.27180333 -0.32655772 -0.40564989 0.11938384
830 1 -0.55343052 -0.050484637 1.9 64.191774 -54.142174 -75.212557 34.261173
831 14 0.078444514 0.3606094 1.9 53.621545 -256.55804 -299.11108 33.784678
831 14 0.35394467 0.30361748 1.9 -0.0030779513 -0.27537832 -0.30198717 1.4740616
831 1 0.26556326 0.40604949 1.9 0.052157251 -0.97067178 -1.01579 21.347999
831 6 0.12281855 0.35519935 1.9 0.71669112 0.30639197 -0.831833 22.188561
831 6 -0.15108586 0.30723697 1.9 0.18117059 -0.19911197 -0.41574303 26.056214
832 14 -0.046188758 0.66652622 1.9 -129.55785 204.75664 -308.84877 35.594453
832 3 -0.15482603 0.28775693 1.9 0.044086235 -0.06878524 -0.21880911 1.5245479
832 14 -8.3431617e-05 0.48085868 1.9 0.30737849 -5.0946836 -5.2316981 10.772441
833 14 0.27801768 -0.7758319 1.9 304.10282 -17.484432 -382.44304 28.858682
833 1 0.56191259 -0.56107795 1.9 26.799785 18.731629 -23.699177 1.1874321
834 14 -0.39287617 0.10237204 1.9 -902.60633 -390.40781 -781.27952 24.095416
834 13 -0.3046941 -0.044430599 1.9 4.284708 -1.9465513 -6.8667939 33.711893
834 14 -0.14802137 0.18420365 1.9 -1.7013734 0.53968598 -11.030402 6.2322052
834 2 -0.10836434 0.3897616 1.9 -2.5853033 12.320289 -8.2154979 6.3076378
835 14 -0.62304748 -0.019225967 1.9 19.575719 -164.36641 -420.96637 38.473574
835 2 -0.2018326 0.10286622 1.9 0.0089483045 -0.37582875 -2.472751 43.945189
835 2 -0.53538296 0.044605566 1.9 -1.2173181 -3.9896668 -2.7059915 1.1141635
835 2 -0.7345722 0.27331726 1.9 -0.94346165 0.8955292 -1.1394255 48.055233
835 3 -0.45826429 0.16342019 1.9 -0.18736708 -0.45966948 -0.56511815 8.3581595
835 6 -0.60310582 0.016454384 1.9 -0.80647454 -1.2335438 -4.1056516 17.130303
836 14 -0.15625532 0.64449968 1.9 436.12607 -303.22904 -332.80901 16.503827
836 5 0.0038458948 0.42766151 1.9 -1.2060735 0.23119265 -2.3787444 7.8225711
836 2 -0.14555035 0.81488952 1.9 -0.25062834 0.06667932 -0.21848631 33.239152
836 1 -0.23227466 0.52035105 1.9 0.95006674 -0.19339785 -0.6163445 29.157561
836 6 0.064424848 0.45871975 1.9 -1.3979108 0.32488719 -0.98273765 49.244189
836 2 -0.07632774 0.39219422 1.9 -31.094306 -17.852453 -67.165845 13.118401
836 1 -0.13260209 0.4691387 1.9 -58.951659 -37.663504 -66.866743 15.535371
837 14 0.25968145 -0.10480226 1.9 6.9341525 -54.266144 -863.79874 0.063018833
837 3 0.37351951 -0.68874505 1.9 -0.57702932 -0.21339356 -0.7348143 39.175688
837 2 0.378867 -0.16016085 1.9 -6.9888334 1.8882964 -6.9702441 7.7576753
837 3 0.39851622 -0.37530784 1.9 -0.24885736 0.032933937 -0.39402065 42.321248
837 6 0.11663424 -0.19800251 1.9 -0.28753151 -0.26007187 -0.26862041 11.584252
838 14 -0.16966007 -0.3951538 1.9 555.64883 -0.38809902 -413.79178 35.345174
838 13 0.1717226 -0.61810141 1.9 2.3000392 0.6871887 -2.5769312 13.599257
839 14 -0.78009291 -0.015821323 1.9 -217.6584 419.0938 -302.12766 45.535053
839 6 -0.6205937 0.24128142 1.9 0.85996903 -0.54054865 -1.0147198 8.2244711
839 3 -0.62648235 -0.079881258 1.9 -39.738199 21.691231 -177.42145 36.214775
839 13 -0.54492095 -0.100166 1.9 -0.017994694 0.071937501 -0.91165642 15.565989
839 2 -0.48323382 -0.17270921 1.9 -0.1667132 0.30178681 -0.2559753 28.503753
839 14 -0.4012669 0.046761443 1.9 0.7214604 -0.3462753 -0.72577859 7.0499604
840 14 -0.094225113 -0.607245 1.9 -191.97625 -112.75725 -633.98646 39.00014
840 5 0.086525408 -0.6213099 1.9 -0.13761234 -0.069537087 -0.3029142 9.4641502
840 6 -0.35281912 -0.68852549 1.9 -1.436576 0.45553504 -2.1123819 6.641363
840 3 -0.17126564 -0.57233157 1.9 0.025379873 -0.15206364 -0.23733099 12.884869
841 14 -0.089179442 -0.33715605 1.9 237.64911 -181.7611 -210.8703 41.564094
841 5 -0.26525927 -0.2585206 1.9 0.44043383 1.6396725 -6.6738037 47.891769
841 5 -0.034484394 -0.37211024 1.9 39.983145 13.892904 -54.723609 6.5557474
841 3 -0.10792534 -0.071107649 1.9 6.709571 46.402834 -80.994702 24.754105
841 2 -0.24073019 0.14579242 1.9 -0.30510853 3.0578722 -2.2968819 34.131378
841 14 0.031800753 -0.31720166 1.9 2.0644161 -0.29081202 -1.8547202 27.588574
841 3 -0.0083908019 -0.43708778 1.9 -0.12237582 0.181091 -0.35589239 1.0080444
842 14 -0.50983595 -0.083563205 1.9 -1686.2439 9738.2642 -8169.8808 17.490464
842 5 -0.32902809 0.14323836 1.9 42.448708 -290.04265 -258.8263 39.553541
842 13 -0.30099098 0.08820235 1.9 -43.880617 -595.53403 -945.76994 44.926913
843 14 -0.5099033 -0.71072694 1.9 1992.5152 2103.4581 -1981.6338 21.321367
843 5 -0.63475394 -0.28467515 1.9 4.2993531 2.8786428 -3.1628571 6.4709872
843 1 -0.69137362 -0.30274009 1.9 6.8303285 3.5186676 -19.441352 8.4377261
843 2 -0.53764328 -0.41770605 1.9 4.428294 -2.4791062 -4.1281564 1.446611
843 1 -0.60389146 -0.59944856 1.9 4.8765776 -34.054712 -22.971184 6.7907997
844 14 0.039493089 -0.032440342 1.9 -278.8476 -91.359087 -546.85184 22.701082
844 1 -0.024762171 -0.18400222 1.9 -3.9778907 1.3815408 -4.4525085 32.010414
844 5 0.18772299 -0.32143582 1.9 0.18809053 0.10228888 -1.4864826 28.097861
844 5 0.078907557 -0.074683319 1.9 -3.1461476 -15.796814 -140.58616 25.723295
844 5 0.23821898 -0.2715403 1.9 -3.569212 -1.1435707 -2.9279403 36.467063
845 14 0.27861735 -0.42930918 1.9 -97.668351 -307.55555 -452.03546 3.130382
845 3 0.23644713 -0.69926954 1.9 -77.58887 7.247268 -121.11491 3.3821684
845 2 -0.25506904 -0.47361964 1.9 -1.5776494 -2.6937759 -10.778706 6.5183622
845 5 -0.00096508343 -0.61678616 1.9 0.049486472 0.17941351 -0.235348 38.851454
846 14 -0.66868121 0.21640045 1.9 61.744492 -243.44876 -666.55481 46.856066
846 5 -0.25192399 0.29069845 1.9 2.193336 6.3568842 -6.4233041 5.5865637
846 13 -0.37919679 0.32183042 1.9 -9.1937573 -2.7203824 -11.419028 20.164073
846 2 -0.36639304 0.082704759 1.9 3.1006892 -9.0634572 -50.576716 12.520468
846 14 -0.37140029 0.17647093 1.9 -0.38341778 0.29415636 -0.42299089 48.545687
846 13 -0.43813237 0.48221463 1.9 1.4864571 1.6303661 -1.4456587 39.505343
847 14 -0.49528865 -0.34535132 1.9 -108.6844 -295.98178 -211.4384 45.14913
847 13 -0.71293297 -0.24205422 1.9 5.959177 -3.1504818 -4.7851238 48.408832
848 14 -0.2535825 0.33165252 1.9 401.03663 260.70223 -497.64207 20.2056
848 2 -0.34626119 0.14724154 1.9 -10.447423 -3.6576098 -11.888111 19.183907
848 3 -0.056608279 0.37507597 1.9 0.19251153 0.1523249 -0.74745872 34.511866
848 6 0.02075202 0.4649029 1.9 0.3948124 -0.5749223 -0.4176515 8.4923153
849 14 0.42227727 0.048414923 1.9 -11.596128 147.28951 -401.33161 36.326087
849 6 0.60159831 -0.3894611 1.9 5.0234772 -0.39550832 -11.358688 0.82236379
849 3 0.34520628 0.027428636 1.9 0.035768403 0.21481288 -0.32902497 3.6899574
849 6 0.21915751 -0.048871241 1.9 -4.3822419 0.29137718 -2.5399014 5.032183
850 14 -0.36954944 0.051069022 1.9 35.494868 -110.56849 -360.78347 2.8184794
850 3 -0.35099934 0.036423867 1.9 -0.021604274 0.077241184 -0.41160951 7.7292178
851 14 0.46566586 -0.27801573 1.9 -243.79544 -239.04851 -213.55922 13.790461
851 2 0.49882766 -0.4669081 1.9 -111.14847 13.087351 -183.95588 27.279432
851 1 0.65296185 -0.39400053 1.9 0.056342974 -0.90263305 -3.5408045 3.9236102
851 2 0.53390395 -0.23216147 1.9 -0.89951598 0.70327929 -0.99901171 45.495589
851 2 0.35609356 -0.10860143 1.9 -2.5269666 -0.16495976 -1.7926973 8.6687613
851 5 0.82220509 -0.3863248 1.9 -4.2107367 0.19037739 -2.4590898 0.37786994
852 14 0.44976033 0.16213505 1.9 197.15785 -352.19931 -1264.5198 23.90834
852 3 0.041716585 0.28168021 1.9 27.100394 3.1937746 -19.981369 1.6236345
852 2 0.19816348 0.19006536 1.9 -62.882948 151.24464 -103.6457 7.8386005
852 14 0.16549907 0.47253532 1.9 -151.405 -198.8763 -191.91359 25.870508
853 14 -0.43228451 0.2055855 1.9 -186.74035 -100.82352 -646.76411 48.977499
853 6 -0.65675741 0.10500898 1.9 -0.061127976 -0.19881111 -0.47350226 18.681019
853 6 -0.62170635 0.14291977 1.9 -18.566766 64.466666 -201.54414 43.424657
854 14 -0.19486864 -0.29363924 1.9 1120.7616 -204.6678 -1204.8699 41.906374
854 6 -0.0066259255 -0.028279399 1.9 -0.33001045 -0.58147612 -1.3230155 34.471198
854 13 -0.019740504 -0.20180405 1.9 8.8528206 -1.1948206 -24.197794 6.9234685
854 14 -0.19337818 -0.23665417 1.9 188.37013 -82.532786 -680.50625 15.280292
854 6 -0.14169571 -0.2450625 1.9 -5.2397233 -6.4109572 -20.516622 27.881193
854 6 -0.012719057 -0.068801926 1.9 0.3650743 -0.13044971 -1.7901922 33.971239
855 14 -0.0023735172 0.067600544 1.9 281.3476 -240.74058 -302.49033 7.6210581
855 3 -0.27854864 -0.31181152 1.9 -2.1218867 -27.233476 -20.59719 43.147275
856 14 0.39322797 0.3533398 1.9 30.756523 447.98981 -1499.5647 14.778718
856 6 0.36713911 0.34773676 1.9 2.3082559 5.0580328 -6.2789762 11.978787
856 6 0.50209373 0.62354689 1.9 8.8026906 20.814918 -24.412511 11.201845
857 14 0.09221589 0.40825513 1.9 299.42223 10.84254 -262.64346 14.07135
857 14 0.18462625 0.068850503 1.9 -0.8603681 -0.15245919 -3.2554964 17.900832
857 1 -0.056954505 0.58971971 1.9 4.0161256 -10.594129 -17.254993 25.56131
857 14 -0.15393706 0.080004837 1.9 0.18774753 -0.26013068 -0.38447353 40.639929
857 2 0.3513472 0.11891211 1.9 0.55669044 0.081759014 -0.58807506 21.735656
858 14 -0.40739406 0.34362772 1.9 -187.62423 -1856.6415 -3004.4368 30.820609
858 13 -0.57743233 0.28865812 1.9 -0.75328804 -0.87227491 -1.5193657 28.768407
858 3 -0.30889386 0.40426399 1.9 -268.97145 695.31273 -682.7906 14.70098
858 5 -0.44432118 0.39925197 1.9 -22.069553 -15.817862 -27.414687 48.028212
858 13 -0.48287185 0.33742617 1.9 25.895224 -78.547651 -113.45591 24.695887
858 6 -0.70972818 0.24039382 1.9 5.8423207 5.8932286 -18.084069 35.05683
858 5 -0.30546336 0.60983298 1.9 -5.6611961 5.4573478 -21.606739 48.353465
859 14 -0.31290174 -0.088346916 1.9 139.81803 -228.1968 -474.22093 3.2817887
859 13 -0.26855069 -0.028976817 1.9 0.16355237 0.24377256 -0.89039972 27.054698
859 13 -0.18654556 0.13879865 1.9 -0.095880324 -0.0664086 -0.1104995 34.936245
859 1 -0.079025004 -0.15660279 1.9 0.98840886 5.1610969 -19.486152 44.412524
859 14 -0.32265016 -0.055912436 1.9 -1.2837405 -1.6273738 -2.42973 46.609456
860 14 0.43204896 -0.53778357 1.9 -146.84608 -265.54849 -562.86851 31.519265
860 5 0.62237684 -0.28087126 1.9 32.822588 -12.916792 -38.838593 12.470431
860 14 0.29479351 -0.57996659 1.9 -114.61623 138.17899 -114.99169 44.56158
860 2 0.66200631 -0.61538191 1.9 -0.064071245 -0.23995407 -0.19555419 0.03408109
860 6 0.8224819 -0.34168271 1.9 -3.101481 -2.3680801 -2.5987777 38.816425
860 14 0.66889132 -0.66971633 1.9 1.9139395 -6.0098699 -23.229505 17.056898
860 3 0.2807692 -0.39538769 1.9 1.5689353 -5.3864619 -13.871432 3.495093
861 14 -0.28533798 0.18567003 1.9 204.76978 -3.9406075 -1067.9679 35.673653
861 6 -0.067555827 0.26587033 1.9 -10.848516 19.51908 -29.944122 23.963147
861 14 -0.018190728 0.2624327 1.9 -58.324454 -249.09469 -187.54561 15.397476
861 6 -0.35339514 0.30692144 1.9 93.942984 -91.693591 -180.97618 43.384649
862 14 -0.6578498 0.013950559 1.9 26.460797 307.2703 -271.87842 45.51335
862 6 -0.72788179 0.027840221 1.9 -7.2167801 44.045136 -25.789686 4.3732404
862 13 -0.42042957 0.028919619 1.9 -0.15292426 -0.22630223 -0.187543 47.610464
862 6 -0.6495058 0.16893892 1.9 0.45565863 -1.0962124 -5.9904159 45.186131
862 5 -0.65470653 0.01531819 1.9 -10.657466 -50.11634 -98.194405 32.509578
862 14 -0.78464536 0.16064153 1.9 -4.4722738 -6.1025632 -4.5971237 30.468663
862 2 -0.57169727 -0.001750709 1.9 0.16916187 0.065830311 -0.21488765 46.195388
863 14 -0.74649995 0.079334183 1.9 396.50542 1693.1104 -2123.0867 31.081411
863 13 -0.64251207 0.10919208 1.9 -0.86118998 0.50011848 -1.0623602 20.895043
863 1 -0.61021449 0.095611736 1.9 -0.68678966 1.8670371 -1.6787816 46.754868
863 1 -0.4543232 0.041516358 1.9 -53.690321 172.8654 -125.48906 21.327694
863 3 -0.38192633 -0.045253119 1.9 -79.227294 -49.942506 -167.40722 43.360825
863 13 -0.69717827 0.20004843 1.9 2.3124741 6.511196 -22.917249 29.829468
864 14 0.14740892 0.44030234 1.9 -9.4957865 -73.911018 -377.67701 40.295929
864 13 0.49077016 0.44847472 1.9 19.791893 14.372909 -50.582367 6.3387829
865 14 -0.23915914 0.27740228 1.9 5.8099251 -231.11494 -556.05785 18.484735
865 6 0.1614266 0.22355508 1.9 114.70144 -102.7308 -126.19951 28.444538
865 14 -0.20377271 0.097007332 1.9 -11.918112 5.8213166 -9.0056646 42.543711
865 2 0.0017751693 0.073564976 1.9 -0.14903502 0.21527277 -0.15515394 26.683377
865 6 -0.015523722 0.018574648 1.9 -10.981388 -101.27768 -71.828876 17.966855
865 1 0.1049165 -0.23495905 1.9 -31.822977 23.186918 -93.869149 40.456782
865 14 0.13485093 0.24521052 1.9 0.037248381 -0.088793284 -0.29146856 41.23742
865 2 0.0046615973 0.10579915 1.9 3.1093807 0.21145922 -3.4170666 0.8496849
866 14 -0.17948578 -0.54523792 1.9 -214.03693 228.26432 -187.96918 17.363212
866 14 -0.015613345 -0.59874831 1.9 -34.340978 66.327457 -65.369752 20.766061
866 5 0.22713642 -0.74964334 1.9 0.30581844 -0.47936916 -0.52292277 15.528176
866 2 -0.32712102 -0.63992648 1.9 -6.6936177 9.8135214 -23.010157 10.383831
867 14 -0.25712195 0.24536432 1.9 592.75725 39.284304 -482.36123 49.538214
867 1 0.11729953 -0.1100588 1.9 -0.11272298 0.019894451 -0.2161214 44.698496
867 3 -0.16068235 -0.15939799 1.9 0.98065699 -0.35810914 -1.5367575 22.234127
867 14 -0.12339286 0.045116606 1.9 54.56216 -13.494418 -69.740639 8.0892271
867 6 -0.12020869 -0.20336111 1.9 -5.1274612 3.1305726 -7.1454304 11.601965
868 14 0.10792541 -0.4337784 1.9 -98.925854 -270.31357 -639.35577 13.92085
868 1 -0.052019669 -0.10874548 1.9 -1.3831851 -1.6451424 -1.3357034 47.457822
868 1 0.17715645 -0.1692436 1.9 21.819098 106.64176 -136.82758 49.423809
868 6 0.086089126 -0.26743432 1.9 9.4512599 5.1994562 -22.111037 42.002932
868 6 0.20611846 -0.35162645 1.9 -0.32600176 14.203449 -10.54505 45.400375
869 14 -0.13268465 0.42103689 1.9 -151.50099 172.24849 -454.94979 1.4288934
869 13 0.049180245 0.29127796 1.9 1.8664443 0.31219706 -5.7100008 35.641348
869 6 0.26431532 0.46481289 1.9 -0.21825193 -0.5098205 -2.0816639 17.260255
869 5 0.33257593 0.29064525 1.9 -5.940231 -16.811867 -25.721448 32.503099
869 3 -0.14205544 0.33443453 1.9 0.13705305 -0.36805037 -0.96755198 48.52034
870 14 0.52265829 0.15526229 1.9 37.660398 -92.044093 -434.99629 27.194
870 5 0.29318346 0.020799808 1.9 -76.631598 -7.9341372 -67.280072 12.993892
870 3 0.66321984 0.44205728 1.9 -7.8297096 -2.4427336 -6.2356742 45.132245
870 2 0.40433161 0.36299563 1.9 0.11783907 -0.39292945 -0.81268944 47.277639
871 14 -0.32972672 0.3366763 1.9 -268.29502 375.17451 -434.23575 16.932049
871 14 -0.5398171 0.37202423 1.9 64.217108 3.4514512 -44.802496 45.441927
871 6 -0.32586719 0.35110447 1.9 -0.5881417 -0.54124549 -0.66120715 10.423635
871 2 -0.2701459 0.40682983 1.9 -3.9134782 -1.1533749 -3.3747841 5.4611432
871 13 -0.31771209 0.34033282 1.9 0.38291263 0.24892128 -0.29790653 45.032074
871 3 -0.45839903 0.36799037 1.9 -10.2063 32.336488 -21.62753 43.645985
872 14 -0.3015645 0.036473502 1.9 487.18225 -14.577186 -412.34346 31.056328
872 1 -0.47732571 -0.32620438 1.9 -1.1290524 1.225224 -1.0480573 21.271159
872 13 -0.41448815 0.050100578 1.9 -34.609593 -6.5207149 -45.516571 45.121308
872 3 -0.61022663 -0.09427747 1.9 1.1687095 -2.7139097 -3.8990872 1.5062203
872 3 -0.44802774 0.11965236 1.9 0.28945529 0.32006278 -0.50108348 45.595598
872 5 -0.66319935 0.15254084 1.9 2.5299435 -1.6444185 -3.1323722 44.461941
873 14 0.49554338 0.054782561 1.9 -36.771626 115.90041 -486.96059 26.891764
873 2 0.41846434 0.37208082 1.9 0.18065962 -0.058599066 -0.40269808 0.05030905
873 6 0.12045431 0.24221581 1.9 -18.80357 7.8882013 -43.0452 42.713321
874 14 0.54434514 -0.12344358 1.9 -161.98754 -280.89343 -398.73319 8.478953
874 6 0.55751815 0.060997795 1.9 41.061417 38.733321 -39.41632 35.930482
875 14 -0.21621063 0.099178519 1.9 -125.43227 194.21341 -292.53548 36.388429
875 14 -0.1303393 0.10054693 1.9 -6.6503765 3.6548071 -5.4024083 11.879372
876 14 0.29360637 -0.37736936 1.9 19.258129 255.58613 -240.22923 24.365296
876 6 0.35092623 -0.51373375 1.9 3.453311 19.708189 -14.50922 0.42837262
876 2 0.35075164 -0.20813063 1.9 -26.463458 7.0975533 -43.355092 10.6508
876 2 0.53208236 -0.50405375 1.9 -0.021906686 -0.12508483 -0.14675145 10.172841
876 1 0.32503633 -0.63581949 1.9 -0.090382981 49.774514 -31.361966 46.488935
876 5 0.099494171 -0.56212677 1.9 5.9074715 -129.79734 -91.76555 1.3697125
876 2 0.43464688 -0.5805136 1.9 0.066823981 -0.06529373 -0.47339118 29.850497
877 14 0.14742842 0.063802947 1.9 598.27324 1755.0268 -1260.4495 33.106085
877 13 0.090264567 0.12122473 1.9 -1.0948347 2.8639253 -15.510728 19.527472
877 3 -0.1105909 -0.36872047 1.9 3.7132509 -6.8278538 -11.862876 5.4901993
878 14 0.46419908 -0.047985392 1.9 106.00025 -35.292343 -874.13162 25.152656
878 14 0.46219789 -0.34639767 1.9 -53.636899 -34.207434 -50.724992 30.090205
878 3 0.63258137 -0.12683826 1.9 0.69993314 -0.37708619 -1.4659941 5.6356194
878 13 0.62119895 -0.28645927 1.9 -4.0247669 10.685396 -6.9552857 26.741986
878 5 0.52023468 -0.18996516 1.9 -3.4235319 2.1101068 -6.5975391 45.285617
879 14 0.38438043 0.052960691 1.9 -231.38989 -227.16374 -482.32143 21.04563
879 3 0.37009235 0.052702818 1.9 0.10430516 0.24868857 -0.23659315 3.9830747
879 13 0.3613777 0.22643433 1.9 -187.68987 -40.642475 -211.85552 38.943956
879 1 0.50705318 -0.074840784 1.9 -0.89063995 -0.13594868 -0.54605193 26.786293
879 1 0.44275996 -0.0077507904 1.9 -58.463213 81.329986 -125.55703 28.750639
879 3 0.48765072 0.15601037 1.9 -38.456323 -51.813198 -75.935115 13.274228
879 14 0.50320332 -0.084299858 1.9 -0.59405868 3.8544921 -29.834294 14.177386
879 1 0.54097261 0.19462431 1.9 135.69292 16.417273 -149.47541 9.3918226
880 14 0.57601253 0.25941553 1.9 83.617686 209.51196 -281.91883 43.879121
880 2 0.34175796 0.53644742 1.9 50.160531 -114.9498 -78.206056 27.782461
880 6 0.30634711 0.44140287 1.9 71.178798 153.34493 -102.17412 21.227817
880 3 0.19424785 0.4622949 1.9 -110.52255 -70.190106 -131.72189 0.0011594002
880 1 0.52430408 0.56675494 1.9 -7.280874 -9.5770819 -14.072181 43.080468
880 1 0.41714698 0.27978529 1.9 -0.22653492 0.096383074 -0.32477926 20.197097
881 14 0.20845654 -0.19217115 1.9 -382.55276 56.746994 -236.61241 8.9486564
881 2 0.21203841 -0.36806348 1.9 2.3506294 0.59224151 -3.2122176 29.892706
882 14 0.10333316 -0.27075927 1.9 -264.03115 311.92463 -912.56309 17.437677
882 2 0.034916302 -0.012095876 1.9 43.683422 -22.046295 -46.429932 14.13852
882 3 0.012713562 -0.080223796 1.9 0.14157178 -0.036526316 -0.24691704 15.441426
882 13 -0.10971275 0.035147965 1.9 0.43175702 4.2299313 -4.2910986 43.782532
882 6 0.024475169 -0.18706184 1.9 -191.74831 88.893192 -184.26831 31.492969
883 14 -0.31896967 -0.39630904 1.9 133.82979 -214.94936 -418.80343 0.98214941
883 14 -0.63793943 -0.44129286 1.9 3.151949 3.5972197 -7.337189 29.836222
883 3 -0.49776642 -0.35213318 1.9 -2.9385324 46.409579 -93.452082 14.340905
883 6 -0.3644669 -0.41943689 1.9 -2.6803088 0.43501403 -1.9996753 32.95986
883 5 -0.41038275 -0.11819726 1.9 -0.59294987 11.028876 -7.721884 36.163668
883 2 -0.77441732 -0.59230701 1.9 -1.2895892 0.89009525 -1.3775528 49.153616
883 2 -0.54877521 -0.46453142 1.9 4.1962394 -4.1806446 -8.3666533 14.554157
883 13 -0.71418886 -0.25379901 1.9 -0.044092891 -0.13724924 -0.15659604 18.498692
884 14 -0.2185151 0.011097826 1.9 -15.273617 -348.67119 -540.83028 36.404223
884 3 -0.32979504 -0.22737551 1.9 -0.2669676 0.03911634 -0.21209486 46.746962
884 5 -0.1966682 -0.012617846 1.9 -5.3949186 -0.56446917 -3.6077853 25.712728
884 5 -0.59852749 -0.11885337 1.9 -0.65780882 -0.1214888 -1.006803 2.748556
884 2 -0.28104246 -0.066771949 1.9 0.58232272 0.29531864 -0.55007197 18.646048
885 14 0.18729787 -0.13275291 1.9 666.40929 -594.64184 -589.57016 0.56337349
885 5 0.042502042 -0.0023264892 1.9 -3.202792 8.459443 -6.9683105 30.721182
885 2 -0.041358941 0.057711037 1.9 -138.06738 38.884005 -218.14279 36.486646
885 14 0.07211729 0.18195766 1.9 0.21578596 0.47731026 -0.96090179 4.5502328
885 5 0.14322224 -0.13526907 1.9 -23.576933 -29.032262 -40.06546 0.34565046
885 2 0.25309454 -0.24196577 1.9 2.1848665 -0.019737273 -2.0888494 27.017113
885 5 0.12576223 0.053401513 1.9 -24.930958 0.64118803 -47.28198 14.697698
886 14 0.32029604 -0.022057282 1.9 -335.24263 120.70646 -272.95437 3.5204922
886 6 0.53123442 0.049583547 1.9 -0.57830473 -6.2378145 -8.4908213 22.566736
886 1 0.22400814 -0.094384611 1.9 1.2540622 -3.6953979 -2.6526482 42.58465
886 2 0.2176819 0.037502417 1.9 -168.24082 35.085851 -122.37166 14.530907
886 14 0.48149778 0.21079393 1.9 14.044959 1.8318243 -17.362989 31.596016
886 14 0.3838731 0.12090054 1.9 -0.31799536 0.31382752 -0.92952236 24.096981
886 2 0.32265245 -0.026737282 1.9 -0.86500422 12.162728 -11.731398 19.280672
887 14 0.34621115 0.73553407 1.9 314.57974 80.453881 -265.27497 7.8373463
887 5 0.57874832 0.80422772 1.9 -21.229603 4.2266851 -81.649348 23.257539
887 5 0.29799585 0.67109275 1.9 -0.55135917 -0.088814542 -0.97176391 34.094703
887 13 0.49719158 0.47240791 1.9 0.09692254 -0.18593985 -0.13152663 24.991664
887 2 0.41530788 0.50636566 1.9 3.0327038 1.0218634 -1.9693943 35.186187
887 1 0.41313072 0.71897952 1.9 -1.5708883 1.1732827 -2.7399656 35.00643
887 1 0.54419734 0.53715413 1.9 -0.15713212 -0.073320328 -0.13343152 24.790738
888 14 -0.33678866 -0.70719235 1.9 261.54498 71.537181 -265.57113 35.528104
888 1 0.043927692 -0.49591793 1.9 -0.81287814 1.3714403 -2.3758657 45.202261
888 6 -0.3142953 -0.58868108 1.9 -53.373433 46.302276 -47.681354 6.6948574
889 14 -0.27661163 -0.50783502 1.9 -136.48755 313.39216 -418.01356 25.545195
889 5 -0.36853331 -0.22714744 1.9 0.49973511 -0.26851441 -9.4465037 16.837018
890 14 -0.49499849 0.26752376 1.9 181.49908 829.23363 -810.05374 36.74939
890 3 -0.61098153 0.249289 1.9 -0.59597579 0.067923295 -0.75892439 49.033248
890 6 -0.84045605 0.35701225 1.9 -11.164067 -6.8740365 -11.807867 40.024887
891 14 -0.43775527 -0.27041847 1.9 -507.98618 -307.04265 -1311.4312 7.9648822
891 3 -0.23916057 -0.11207341 1.9 1.2287163 0.28577107 -2.4435012 44.495719
891 2 -0.51404621 -0.074988383 1.9 -12.557559 -10.484735 -10.122298 30.443191
891 5 -0.37339203 -0.14936321 1.9 5.8445621 11.352644 -27.713383 39.103012
891 6 -0.81424546 -0.31058323 1.9 0.23557525 0.18738467 -0.46870894 11.264785
892 14 -0.25410564 0.71625793 1.9 -37.155923 -135.40367 -570.85903 7.7701767
892 3 -0.46210249 0.7153657 1.9 9.4666922 -2.3753283 -6.1725353 45.765814
892 14 -0.16306759 0.52433461 1.9 -46.121703 36.048147 -50.372186 43.247242
892 5 -0.15106333 0.73666802 1.9 1.4199797 1.1106098 -1.08508 14.063797
892 6 -0.31746693 0.4326068 1.9 105.3234 13.157213 -86.748344 5.668425
893 14 0.17626101 0.35133993 1.9 -271.84435 -656.33631 -465.56244 27.210382
893 13 0.18907968 0.12904177 1.9 -0.60221328 -0.55827744 -0.48756932 18.870719
893 13 -0.081314505 0.045288944 1.9 6.244991 1.6393101 -10.231381 44.066409
893 2 0.18532278 0.076127387 1.9 1.5813637 -3.3163618 -2.6594741 22.278535
893 2 0.0055452205 0.26230111 1.9 -152.34319 46.81963 -145.505 37.769509
893 2 0.078117138 0.03331239 1.9 6.7482895 -6.8218435 -8.6320033 29.336651
893 6 0.18989259 0.01157635 1.9 4.8770901 -6.6967361 -13.597592 0.83940773
893 5 0.15034819 0.12608508 1.9 -59.844721 5.3353328 -54.948658 43.290674
894 14 -0.45567972 -0.021150701 1.9 -11.766646 142.40875 -320.15515 41.387009
894 14 -0.19134815 0.1079163 1.9 0.39725288 -0.67028711 -0.57894331 31.229737
895 14 -0.43168318 0.065115343 1.9 56.049245 157.56769 -342.41799 30.647712
895 2 -0.59379983 0.31374839 1.9 50.778333 -6.9506785 -29.845077 36.281703
895 13 -0.4998834 0.023395495 1.9 -2.9107875 4.8963216 -3.2937193 38.352845
895 13 -0.53542064 -0.15293482 1.9 8.9145726 27.927411 -42.007898 16.481952
895 14 -0.37354144 -0.10884315 1.9 0.44647252 0.52975127 -4.5323254 45.962636
895 14 -0.68446919 -0.35335872 1.9 34.859812 -130.15358 -144.49954 12.601432
895 14 -0.38644405 0.22176594 1.9 0.27455507 0.25702726 -0.7835674 12.784604
895 3 -0.1306923 0.0076889958 1.9 -0.097926372 0.099900722 -0.24967589 48.090044
896 14 0.085315121 0.39558535 1.9 482.42934 -208.1275 -513.36864 15.596962
896 6 0.19155068 0.5664221 1.9 -117.04121 1.2474407 -84.074305 35.509565
897 14 -0.11129884 -0.36090664 1.9 10.652434 -172.0636 -402.18459 16.304712
897 13 -0.21821829 -0.1937478 1.9 -0.21118013 -1.3848605 -0.88301576 14.583628
897 5 -0.49814865 -0.33594385 1.9 127.54853 26.471173 -193.09241 46.379059
897 3 -0.33672975 -0.44328558 1.9 54.3819 -12.212007 -32.261811 19.529764
897 6 0.03045955 -0.45378401 1.9 -4.8327326 -1.5491054 -3.2080204 13.10491
898 14 0.065980042 0.32488667 1.9 -86.923016 -64.939173 -466.69579 32.95465
898 14 0.13422318 0.52239383 1.9 -69.60902 61.515755 -249.972 45.455645
898 3 0.35670778 0.53660636 1.9 28.612576 12.261509 -27.849461 6.4004128
898 14 0.33535998 0.65294788 1.9 0.18367165 0.21701157 -0.19175196 48.59532
898 6 0.10413474 0.42840325 1.9 -1.8882389 -0.10368194 -2.9405879 28.707076
898 3 0.30547392 0.42563552 1.9 0.017411299 0.20247256 -0.24053561 40.170146
898 5 0.38769349 0.47069185 1.9 -0.2575878 -4.0985753 -3.0386269 44.310198
898 1 0.21792521 0.31324062 1.9 0.40081975 -0.26304947 -0.78341859 13.773918
899 14 0.036578405 -0.050205283 1.9 63.804961 -294.58011 -218.25619 29.074672
899 2 -0.27180686 0.0040077765 1.9 -0.098211693 0.026477362 -0.074582817 12.054872
899 6 0.16880432 -0.23010753 1.9 0.062234088 -0.068162323 -0.1174167 4.652968
899 1 -0.12888579 -0.12535863 1.9 -1.6686461 15.273049 -14.482755 6.6537562
899 3 -0.093399682 -0.091029716 1.9 0.11977734 0.55931817 -0.42831888 2.5947687
899 1 -0.14610567 -0.21787781 1.9 -0.01183137 -0.11735099 -0.099603314 3.7072381
900 14 -0.092662317 -0.59844882 1.9 175.76497 -166.59383 -254.49171 25.032856
900 2 -0.014362453 -0.2947481 1.9 -0.043160877 0.12668522 -0.20558016 4.5340025
900 1 -0.019218204 -0.36808163 1.9 -0.8901813 0.91509979 -0.80228096 31.543672
900 6 0.091910715 -0.5192215 1.9 40.651542 16.75513 -53.861024 1.2054549
900 2 -0.0054991655 -0.25689555 1.9 35.748147 -24.138509 -51.509445 49.517795
901 14 0.04989014 0.23614313 1.9 221.19401 -208.5004 -299.19538 11.631207
901 2 0.57977914 -0.017537734 1.9 -0.205749 0.75921921 -1.3760492 34.476523
901 1 0.49939757 0.085847524 1.9 -3.4271738 -30.439864 -41.613617 13.662426
901 6 0.44421804 0.071318197 1.9 -0.14675403 0.025196505 -0.10639449 47.029012
901 14 0.33948961 -0.084452496 1.9 -0.57435223 0.07712591 -0.33570336 45.435201
901 2 0.47501234 0.14129748 1.9 -31.486844 -2.9687344 -23.248632 25.329439
901 3 0.29582691 -0.10693119 1.9 4.0971799 1.6447702 -5.5925242 1.0229001
901 13 0.65885528 0.14056636 1.9 8.0559798 1.9847459 -8.1963653 23.434595
902 14 -0.24602408 0.0041424131 1.9 -210.83964 -46.353102 -314.9291 21.96329
902 1 -0.39848277 0.28484745 1.9 -0.048746942 0.12143581 -0.08571235 11.340296
902 1 0.072479296 0.19890765 1.9 -1.2844693 -6.4441062 -6.2803201 27.404139
902 6 -0.083660415 0.19335617 1.9 0.50009296 0.13633231 -0.31249464 27.795428
902 1 -0.064282415 0.081164575 1.9 -14.847199 -29.917598 -35.493498 21.005627
902 1 0.10528671 -0.13566539 1.9 2.5289057 2.3418641 -5.3955688 31.979758
903 14 0.14498497 -0.19755378 1.9 81.948859 261.82006 -229.06605 48.254308
903 1 0.20810205 0.012215074 1.9 0.56041702 -0.12607807 -0.82252698 9.2809334
903 3 -0.20631075 -0.0053136815 1.9 -1.705842 -0.031730005 -0.98520307 43.210314
903 3 0.12071583 -0.31999057 1.9 0.43184197 1.5876793 -1.919894 32.726117
903 3 0.16931791 0.046946139 1.9 0.0078102501 0.066259359 -0.083969448 17.531714
904 14 -0.45453696 0.014866847 1.9 -32.526474 -121.68094 -336.90409 2.6825145
904 3 -0.68889642 -0.006607938 1.9 5.1140189 2.0737478 -5.3492655 3.709076
904 2 -0.39478031 0.25840585 1.9 -1.358841 1.0271936 -2.2548289 41.282573
905 14 -0.38095871 -0.51968992 1.9 -57.737046 196.20293 -289.96741 43.108282
905 2 3.7130466e-05 -0.71489036 1.9 -5.3578371 6.3249647 -5.8097058 36.345734
905 13 -0.10259284 -0.2339351 1.9 21.274874 1.2103985 -14.016178 21.086049
906 14 0.060452405 0.29777004 1.9 93.834358 311.24392 -553.56439 26.267762
906 3 0.28593084 -0.10956547 1.9 -1.1016262 5.9116982 -11.01062 35.290295
906 1 -0.13558319 0.20960345 1.9 1.4329863 -2.2027104 -1.9200321 34.857402
906 13 0.15950266 0.0079288667 1.9 0.10951734 -0.171021 -0.15687642 9.7254213
906 13 0.11212535 0.0083760041 1.9 -236.66008 -17.468176 -264.54422 41.052423
906 5 0.098601265 0.12508006 1.9 3.2161794 15.834493 -14.256877 7.5479336
906 14 0.20883435 0.20572153 1.9 -0.4236947 0.068899585 -0.278479 36.607312
906 6 -0.22452719 -0.054265686 1.9 133.70046 -75.971218 -271.72047 12.303019
907 14 -0.68513222 -0.23566804 1.9 -106.04821 -901.9212 -683.58967 3.4105477
907 3 -0.34220948 -0.013066491 1.9 52.605578 39.37192 -86.548153 31.959077
907 14 -0.25206645 0.035745095 1.9 0.47526824 0.76281939 -0.58281054 17.39393
907 14 -0.48843556 -0.17475901 1.9 41.934737 -192.39637 -435.09027 13.880035
907 14 -0.48696469 0.14154852 1.9 -0.60126731 -0.29496624 -0.65502266 32.193674
908 14 0.1991424 0.50755426 1.9 -34.71527 277.41425 -211.285 36.390669
908 14 0.35075296 0.37766978 1.9 -0.14724389 0.074338537 -0.15819305 2.1336987
908 13 0.45379079 0.1618975 1.9 1.55703 0.40462752 -2.8766711 38.723311
908 1 -0.10139857 0.26585605 1.9 0.042031872 0.02029327 -0.15863406 7.2725994
908 14 0.040156017 0.38680441 1.9 4.7806196 -4.6671947 -5.3998265 28.719523
908 14 0.27914937 0.55614752 1.9 0.65090468 0.64577458 -0.7979837 30.213481
909 14 -0.41873526 0.44412025 1.9 148.22954 11.737625 -320.17715 35.454682
909 13 -0.20777623 0.1524262 1.9 -9.1298905 -9.5717447 -20.087987 17.529316
909 2 -0.29971857 0.30253725 1.9 15.435473 41.241729 -49.893574 20.208185
909 13 -0.31748262 0.26464287 1.9 0.16660495 -0.034926032 -0.11530382 36.148305
909 13 -0.35597268 0.014187733 1.9 -0.034277603 0.22252923 -0.23376231 2.8547789
909 13 -0.1174907 0.31287269 1.9 7.3541741 -1.3440451 -12.068577 12.179848
909 3 -0.38851322 0.16225786 1.9 1.1333811 -5.4341332 -7.6546943 35.552419
909 1 -0.59607683 0.21380774 1.9 0.67554778 1.7795369 -1.659106 30.605073
910 14 0.25198386 0.56616344 1.9 -224.35733 -414.63451 -358.85233 3.6312194
910 6 0.18010604 0.54426823 1.9 9.270969 2.2964986 -7.1972083 28.800845
911 14 -0.39465956 0.10939379 1.9 350.04149 -11.363134 -228.25427 39.591664
911 2 -0.75713111 0.27910532 1.9 6.8640226 2.1890379 -20.186287 43.388917
911 3 -0.44017263 0.12144228 1.9 2.6053371 -12.410928 -10.652355 10.63376
911 6 -0.56171567 0.082347188 1.9 35.934878 38.72039 -31.05844 25.719123
911 13 -0.35301256 0.10184839 1.9 -0.54812531 0.20509968 -0.39070773 28.167179
911 3 -0.61925065 0.23084419 1.9 -0.35382432 -0.34042974 -1.4429584 26.003073
912 14 -0.39162192 -0.1273488 1.9 543.59619 -39.306105 -373.02135 40.905861
912 14 -0.64093895 -0.15138109 1.9 -37.362656 -40.482272 -47.468464 46.774244
912 6 -0.30137589 -0.20290604 1.9 8.561513 -24.710625 -45.144924 36.718735
912 13 -0.71911383 -0.29977915 1.9 10.795633 -21.433717 -33.678296 32.669118
912 5 -0.33657445 -0.4465044 1.9 0.056397485 0.26302872 -0.34717209 24.82258
913 14 -0.011066361 -0.51936049 1.9 360.59827 170.48679 -323.15846 21.051565
913 6 0.13830607 -0.63374177 1.9 0.27307613 1.4321431 -1.300202 17.087897
913 6 -0.015673313 -0.5185934 1.9 -0.33119376 -1.5710635 -1.0130536 27.002438
914 14 0.21982835 0.47054203 1.9 19.149191 170.64086 -327.14784 48.975013
914 1 0.19739296 -0.0095843562 1.9 -10.822783 -5.4524621 -14.171125 38.862413
914 3 0.14599588 0.18242201 1.9 0.53052082 1.031946 -1.3496351 26.113039
914 1 0.075649452 0.43491613 1.9 5.9173607 2.2516451 -4.7605442 14.347642
914 6 0.17811255 0.47354506 1.9 0.74951112 -0.14972124 -0.90068078 14.149241
914 13 -0.11243975 0.10569241 1.9 -8.2828539 -1.8307597 -12.664048 0.027902249
914 13 0.35586275 0.09186313 1.9 -0.061831826 -0.023394153 -0.10541857 16.438479
914 1 0.13771495 0.3695925 1.9 -0.50620943 0.32029843 -0.48905785 19.70194
915 14 -0.39822494 -0.7536743 1.9 223.6302 -507.75611 -599.88862 41.547318
915 2 -0.68102786 -0.62193488 1.9 9.0151327 29.92698 -32.932614 35.048686
915 14 -0.34623292 -0.693956 1.9 0.20919454 0.17848383 -0.19624194 27.480674
915 14 -0.30484555 -0.55441483 1.9 -0.69864899 -1.2331503 -3.7095102 2.9067766
915 5 -0.2170112 -0.50366207 1.9 55.423878 -17.681386 -173.14179 24.668688
916 14 0.073600243 0.060416997 1.9 183.10024 122.55076 -931.43912 2.7593519
916 3 0.13247405 0.22235418 1.9 -0.86026111 0.91933458 -1.0842057 0.58921646
916 6 0.31576341 0.11404607 1.9 1.5286028 -2.935561 -2.3604314 9.6724227
916 13 0.29392531 0.10308307 1.9 30.574699 -8.9949922 -41.775831 21.503066
916 5 0.5236324 -0.17403063 1.9 0.49281715 0.36986544 -0.9671273 31.457052
916 3 0.42417099 0.024129984 1.9 10.815756 -0.7635506 -25.781607 18.792601
917 14 0.8048027 0.0317796 1.9 152.47505 308.96875 -237.39425 8.7487158
917 14 0.52195319 -0.11062208 1.9 6.095962 -2.9788696 -4.4586593 3.7934977
918 14 0.036116824 -0.18469365 1.9 -12.736937 486.1524 -342.17768 19.937502
918 2 -0.067075013 -0.20524685 1.9 -42.63038 -8.9019568 -33.66939 32.488976
918 5 0.080485873 0.14176807 1.9 0.33417333 -0.22816842 -0.6266132 7.1739775
918 2 0.40686914 -0.009012448 1.9 90.470829 -10.71508 -259.81533 4.4415943
918 3 0.3042546 -0.03091055 1.9 -12.769897 43.190537 -26.501104 18.500276
918 14 0.1457271 -0.44169529 1.9 -0.042658715 -0.28630306 -0.54491324 12.150632
919 14 -0.35165299 0.2929354 1.9 -159.19082 -3.3100541 -722.01185 8.3796145
919 3 -0.31095906 0.38569462 1.9 -7.2683253 -10.737466 -10.011854 16.380499
919 1 -0.43925002 0.22635943 1.9 -21.117609 -47.847537 -31.773279 6.9924243
919 2 -0.45177671 0.21561074 1.9 0.11144409 -0.20905207 -0.28890061 34.45467
919 5 -0.22939204 0.26295356 1.9 -0.42339193 12.412645 -7.9420356 28.998293
920 14 0.53862767 -0.21055803 1.9 -256.60225 131.23875 -273.56318 38.498377
920 3 0.80797723 -0.095221152 1.9 -0.37138052 -0.066357491 -0.23680145 36.898229
921 14 -0.46457875 -0.5603849 1.9 304.37239 -84.934437 -212.60514 36.311453
921 3 -0.49320426 -0.35363867 1.9 7.6008536 1.6571408 -10.27604 9.3600941
921 6 -0.32479446 -0.54943737 1.9 33.628294 -23.153826 -39.385087 46.408819
921 13 -0.74583005 -0.55051922 1.9 -1.417136 4.1790579 -3.1434912 15.989769
921 6 -0.43612815 -0.49298615 1.9 0.39164127 -0.11916475 -0.40036289 2.3768312
921 6 -0.45185445 -0.44880809 1.9 -48.496067 123.28112 -86.174386 2.8344036
921 14 -0.53697356 -0.79481028 1.9 1.4682152 -2.8794438 -3.2640802 46.386469
921 13 -0.53454214 -0.49990047 1.9 -1.9535249 0.96676565 -2.3965841 48.092453
922 14 0.33639125 0.2029388 1.9 623.89253 -269.07561 -419.95637 26.14048
922 14 0.17313071 0.22329013 1.9 99.638695 -59.462215 -157.30656 42.075902
923 14 0.3271887 0.015649888 1.9 135.49568 116.33989 -714.04184 26.293626
923 1 0.46396231 0.036045712 1.9 99.183408 24.85519 -231.24344 13.204385
924 14 0.4501512 -0.48526758 1.9 -315.77827 -86.149464 -340.84424 23.471413
924 5 0.55630719 -0.5074555 1.9 1.2378076 6.7694484 -54.063483 34.070049
924 5 0.45642025 -0.36818335 1.9 3.1596176 -1.3563851 -3.2433408 43.093248
925 14 0.50098435 -0.48416672 1.9 -455.93774 963.43589 -1352.3981 46.281383
925 13 0.64429907 -0.61036137 1.9 -0.15477323 0.4077369 -0.68244266 36.276059
925 2 0.23444762 -0.34684142 1.9 478.39216 157.30572 -457.61582 20.135715
925 3 0.15961206 -0.64283598 1.9 -0.20338297 0.87676462 -1.0150368 27.11013
926 14 -0.21807622 -0.23300158 1.9 219.01758 91.725639 -290.75045 3.6282492
926 13 -0.02600749 -0.68350652 1.9 -0.16464247 -0.21319554 -0.63232384 10.317944
926 1 -0.092545736 -0.42860225 1.9 -0.60199508 20.776211 -15.349256 34.981055
926 2 -0.0051498661 -0.81285787 1.9 -104.87519 20.552034 -172.45478 19.405091
927 14 -0.13844908 -0.51656226 1.9 89.031064 169.54535 -304.58437 4.235897
927 6 -0.4138989 -0.67674617 1.9 29.603191 -103.38211 -174.41348 4.6247007
928 14 -0.39268465 -0.027747634 1.9 30.578376 -76.260218 -401.34653 11.502498
928 5 -0.1420091 -0.096620193 1.9 -2.4595377 1.5011079 -1.9993257 25.292938
928 2 -0.64808337 -0.065178472 1.9 0.22576925 -0.31885387 -0.76770471 5.6016252
929 14 0.20406817 0.045717851 1.9 -491.38088 1051.2176 -736.65004 41.637371
929 3 -0.0729 -0.11596679 1.9 -121.40418 -19.152428 -199.44397 31.316037
930 14 -0.34829044 0.29762549 1.9 -60.437517 -191.59172 -367.07532 28.801182
930 2 -0.14664077 0.59878525 1.9 0.30061262 -0.0015829265 -0.58171825 39.372529
930 14 -0.18661713 0.49477776 1.9 9.8237397 79.40604 -53.903291 29.915677
930 1 -0.40276754 0.35803875 1.9 -1.2631818 0.81548768 -1.2199233 41.34473
930 1 -0.24709011 0.43692581 1.9 7.7542396 -3.900067 -10.428721 18.793039
930 3 -0.17722243 0.45945931 1.9 -1.0660872 0.0021957989 -2.2101757 9.1340411
930 13 -0.39644637 0.53318835 1.9 0.1463177 0.47628891 -0.63104843 4.7520324
930 2 -0.40546096 0.43514122 1.9 4.0616853 -2.0141463 -4.723534 28.370849
931 14 -0.40732599 -0.40987909 1.9 450.47201 -171.92719 -326.16606 5.6293337
931 5 -0.56042934 -0.27321841 1.9 -25.728383 21.52893 -104.39241 2.8729333
932 14 -0.17622288 0.48852782 1.9 198.96393 78.222175 -463.15443 5.3219046
932 1 -0.25941584 0.61820772 1.9 6.4134612 3.320065 -4.8989423 1.9611489
932 6 -0.39936749 0.51074659 1.9 -94.607245 -42.034067 -217.83905 37.229812
932 5 -0.61535497 0.48561079 1.9 0.77396721 -0.72034754 -1.375738 31.891117
932 1 -0.47597649 0.31942413 1.9 0.1488123 -4.3188718 -5.4190083 36.705347
932 6 -0.30585361 0.42753006 1.9 0.11665759 0.042369788 -0.40525196 7.8727565
932 5 -0.40825451 0.29098062 1.9 -1.6534067 35.577464 -38.574097 49.054237
932 6 -0.31602536 0.7062992 1.9 0.20226109 0.091963418 -0.19737809 22.242871
933 14 -0.35969777 0.0025709986 1.9 -20.199336 389.13036 -230.93064 19.962981
933 2 -0.21096253 -0.16934574 1.9 121.71431 85.520006 -95.546982 3.6682015
933 14 -0.38141708 0.033199362 1.9 -0.8415256 0.096377612 -1.324108 35.41457
933 13 -0.38527667 -0.061727946 1.9 -2.1111975 -0.86344045 -6.2766318 49.782961
933 13 -0.19635411 0.034189581 1.9 -18.015091 42.151897 -33.343585 40.769771
933 14 -0.25783899 -0.12970912 1.9 -54.248362 18.993592 -58.568635 6.0159542
934 14 0.30807931 -0.13461322 1.9 8.9039781 743.76323 -526.17331 45.97446
934 2 -0.058061549 -0.37588596 1.9 -10.222768 -28.622264 -27.087502 24.290964
934 14 0.1343703 -0.088262535 1.9 -0.15653257 -0.25588654 -0.38441402 49.706
934 13 0.25071126 -0.16721923 1.9 75.319346 43.163016 -88.004198 14.946933
934 2 0.63378796 -0.3063603 1.9 -10.758979 -7.3010105 -7.6976322 40.936798
934 5 0.23727719 -0.48928823 1.9 0.1619278 0.27730273 -0.27665355 27.232911
935 14 -0.41092772 -0.066617455 1.9 190.21359 -42.912005 -353.27838 48.024306
935 13 -0.34730622 -0.2294297 1.9 -0.25979247 -0.20020606 -0.25596059 35.743039
936 14 0.45536328 -0.060603764 1.9 -118.17198 -208.28603 -344.41828 29.784312
936 3 0.38560906 -0.32554342 1.9 0.46003579 0.38878761 -0.52128711 13.145089
937 14 0.25911 -0.62526396 1.9 -30.164568 293.54516 -530.2937 11.736261
937 5 0.75876753 -0.30697212 1.9 0.32750763 -0.067753087 -0.35184444 28.631378
937 3 0.28492063 -0.20097692 1.9 85.076896 -109.87565 -85.84246 49.648223
937 13 0.49067221 -0.13274158 1.9 -0.28530496 0.89444495 -0.8751899 36.128821
938 14 0.43182171 0.37815979 1.9 1492.8614 1490.8547 -4493.5774 16.255076
938 13 0.45993687 0.287081 1.9 -25.345749 -38.3036 -68.514109 38.405061
939 14 -0.022066719 0.15201502 1.9 270.96756 523.66281 -514.71557 32.830605
939 3 0.0039053511 0.039300622 1.9 -10.37048 60.123395 -100.22106 6.3762224
939 5 -0.13949665 0.18470918 1.9 4.2255198 1.5101384 -4.4153631 30.339099
939 13 -0.2582162 0.033937546 1.9 -0.27548254 -0.070037679 -0.69818829 48.208828
939 14 -0.15371506 0.052151797 1.9 -27.211947 -122.02984 -81.715656 21.912321
939 2 0.15232987 0.15956383 1.9 3.4740087 6.3498196 -5.2598729 44.125911
940 14 0.37382977 0.15975057 1.9 -416.87938 -13.123305 -253.79493 3.1689727
940 14 0.22851762 0.11224288 1.9 0.033073183 -0.045787863 -0.68217464 20.199933
940 5 0.3552333 -0.023688364 1.9 13.187899 -85.567721 -70.721408 17.591221
940 13 0.16929923 0.19267567 1.9 0.88771766 2.3000887 -6.7060187 23.308659
940 2 0.09223202 -0.032588979 1.9 0.25832455 -0.1470683 -0.48697757 35.944251
940 14 0.314915 0.086788061 1.9 -1.9100552 1.4989733 -5.6952609 19.269317
940 1 -0.030569627 0.14080773 1.9 8.5826435 -0.74698852 -7.7679563 47.84255
940 14 0.2813847 -0.14454488 1.9 -26.065677 22.094413 -82.61581 36.021455
941 14 -0.19482593 -0.2493907 1.9 688.05758 1229.4056 -1935.511 40.984308
941 5 -0.039998244 -0.042203006 1.9 61.315608 140.12358 -105.03793 31.942681
941 13 -0.10865104 -0.099579107 1.9 -0.27464775 -1.089383 -0.75596218 27.413051
942 14 0.16089192 -0.18229213 1.9 160.45424 195.68047 -436.82385 48.622072
942 6 0.2807046 -0.22331303 1.9 0.41312314 -41.629026 -125.10455 30.366308
943 14 -0.16575366 0.52275303 1.9 313.08455 -93.18547 -258.31096 5.3176563
943 6 -0.046461009 0.53858602 1.9 -9.2653464 -3.47934 -28.95096 49.304719
944 14 -0.61380705 0.39289414 1.9 71.172384 48.587154 -362.12929 17.198156
944 5 -0.65063346 0.11503436 1.9 -0.94974114 2.4266246 -9.8296076 23.232888
944 3 -0.41535551 0.44893767 1.9 46.288156 -51.145933 -57.622204 4.0965444
944 1 -0.55551741 0.58547949 1.9 0.098841372 0.072057731 -0.1785462 3.3032654
944 13 -0.70220026 0.53281323 1.9 2.597061 -0.29916477 -3.4326868 43.435174
945 14 0.43707478 0.16156203 1.9 94.251296 352.59033 -431.45877 33.33298
945 14 0.36675334 0.13900333 1.9 0.49142562 -1.0475324 -1.2223994 30.856744
945 3 0.37812322 0.01996783 1.9 -180.62796 14.189442 -111.57189 42.094906
945 5 0.44379161 0.14674647 1.9 -0.38474787 -0.96453291 -1.0031044 27.375952
945 5 0.14932424 0.19981702 1.9 0.33811309 3.8316465 -4.6627683 21.805849
946 14 0.25765753 0.50224265 1.9 -36.844447 3555.4052 -3044.3529 31.427762
946 14 0.28365225 0.23092276 1.9 -217.81261 -1901.0626 -1313.4017 22.056572
946 2 0.24873762 0.41615122 1.9 0.86315869 0.47362045 -1.7005412 11.654675
946 1 0.66448896 0.19235584 1.9 -1265.2924 599.34978 -1005.522 15.080226
946 13 0.04185644 0.16359438 1.9 1.6581975 1.6785532 -2.9550667 46.035078
946 2 0.30912378 0.40951708 1.9 -930.94785 -477.76779 -711.93564 40.751421
946 2 0.29928294 0.49854794 1.9 -86.925692 -88.215871 -98.609861 40.416214
946 13 0.35867712 0.54315963 1.9 -33.640006 16.088472 -75.943743 45.772804
947 14 -0.40178503 0.50134646 1.9 -45.229542 -201.27893 -369.4917 22.105258
947 14 -0.43625631 0.46439642 1.9 -110.8666 23.954299 -110.86265 8.9752994
947 3 -0.46707848 0.59019038 1.9 163.64404 7.2322963 -97.910928 25.487172
948 14 -0.28207202 0.70407371 1.9 -61.728384 115.21264 -332.38017 35.30605
948 14 -0.085833986 0.63462816 1.9 -0.31497154 -0.73755036 -1.0265357 6.7309037
948 5 -0.15981769 0.71819652 1.9 -5.5943138 15.0827 -16.986759 14.46078
948 13 -0.16227295 0.63561815 1.9 -1.1193479 3.2871514 -2.666344 24.740931
948 3 -0.10329866 0.41303937 1.9 -0.40138745 0.2108825 -0.57236719 18.386168
948 6 -0.3228047 0.52722883 1.9 8.6629919 1.8763402 -35.405557 14.122102
948 14 -0.19353384 0.45463845 1.9 -0.11245707 0.052019811 -0.079442805 18.587411
948 6 -0.03500087 0.55663372 1.9 -102.02888 -8.6832375 -119.92476 18.149403
949 14 0.68906295 -0.14128024 1.9 -229.54483 -59.62218 -408.46951 23.06675
949 14 0.35659801 -0.3706389 1.9 0.91745173 -1.0670968 -1.0233808 43.519284
949 3 0.54463055 -0.38959216 1.9 4.1395091 -0.63450231 -5.8894675 35.223991
949 6 0.64230353 -0.40768063 1.9 -0.51307829 10.187511 -30.137205 5.5781204
949 1 0.51528298 -0.35366009 1.9 4.4443415 2.8511357 -5.0990642 7.5869939
950 14 -0.36303752 0.26905657 1.9 158.15521 -153.03927 -533.09125 1.9594152
950 13 -0.60462788 0.36077482 1.9 0.62934486 -1.3466921 -2.1075665 19.105
950 13 -0.58536458 0.50323619 1.9 42.277998 23.618674 -31.267703 3.745781
950 2 -0.37375148 0.50070308 1.9 -5.2787445 -112.55342 -140.69769 34.218843
950 14 -0.31047513 0.5980392 1.9 0.48478928 -0.085874654 -1.4422174 40.306677
951 14 -0.33917375 0.1650834 1.9 -338.35658 -53.269464 -381.39996 16.541925
951 13 -0.17423223 -0.070467383 1.9 133.86876 89.348178 -141.62499 40.662439
951 5 -0.39234461 0.043742992 1.9 -2.5385351 -32.362818 -30.540283 46.376441
951 14 -0.28600396 0.51076516 1.9 -13.828579 18.561364 -123.65744 3.470309
951 13 -0.37427722 0.14502879 1.9 -0.34581722 0.29190535 -0.29332456 38.416715
952 14 0.02287752 -0.18490079 1.9 -8.6915855 -162.00826 -369.60976 8.7088314
952 6 0.30946447 -0.56888455 1.9 8.9257507 2.4322597 -19.448327 31.719627
952 3 0.22123207 -0.71016279 1.9 1.0363674 0.26722792 -2.6835772 16.316488
952 3 0.14970514 -0.49498378 1.9 0.12066149 -0.060590271 -0.16742279 1.1287793
952 2 0.074731847 -0.67437603 1.9 -1.6141872 1.2304422 -3.6558879 25.301923
952 2 0.1113585 -0.75808239 1.9 -0.46173468 -0.42827767 -10.913532 18.81377
952 5 -0.037192399 -0.75161758 1.9 -1.4164775 -1.6181558 -4.4160602 13.072114
952 5 0.26316713 -0.18623626 1.9 22.122084 -18.936932 -26.933393 26.933161
953 14 0.49151982 0.15819252 1.9 264.70775 -25.975367 -270.70078 16.512069
953 5 0.41284984 0.4301358 1.9 2.7183969 2.4813007 -23.463335 17.1229
953 1 0.66368187 0.53365446 1.9 29.600006 -45.741763 -36.193046 28.277037
953 1 0.58480556 0.3672438 1.9 -30.691893 -4.692966 -21.561014 27.053845
954 14 -0.071718695 0.10688535 1.9 25.440242 -193.26379 -426.59334 17.555644
954 13 0.18849318 0.12346502 1.9 25.353273 -10.663148 -29.510656 25.055666
954 5 0.062092991 0.14196307 1.9 6.5527173 -1.185609 -6.6643212 16.488572
954 14 0.039119771 0.10843899 1.9 -2.065891 -2.2999058 -1.8164553 10.726694
955 14 0.28079087 -0.51083945 1.9 -134.24484 -383.45462 -441.92639 21.659817
955 5 0.11975162 -0.59133063 1.9 -18.297886 5.7118169 -16.66277 28.722224
955 13 0.2086239 -0.38951869 1.9 -1.1421406 -2.6584874 -2.4528799 17.063978
955 1 0.20715695 -0.4252979 1.9 11.109241 84.4563 -162.97018 13.896594
955 6 0.3073201 -0.28029247 1.9 -164.92075 -94.735087 -123.56994 47.303227
955 13 0.28348641 -0.65341106 1.9 1.1812948 -1.4232872 -9.2598662 43.107913
955 13 0.38245333 -0.81260798 1.9 66.137952 -43.919186 -93.935892 39.345388
956 14 -0.56589914 -0.42700184 1.9 88.872192 -248.72079 -274.92909 9.7398416
956 13 -0.45258057 -0.56826557 1.9 0.53098497 0.18356469 -0.62247782 17.57657
956 3 -0.60119982 -0.56015632 1.9 38.824603 -13.375349 -24.077548 46.970066
956 6 -0.63486015 -0.27820334 1.9 -15.588806 0.2284089 -18.696187 3.2043832
956 13 -0.25921179 -0.1479159 1.9 0.32316248 -0.59063686 -1.143471 16.658983
956 5 -0.30999001 -0.57986838 1.9 -1.4697298 -1.1486122 -1.0944011 38.584914
956 6 -0.66710633 -0.45592762 1.9 -0.41096538 0.46455867 -1.5824751 7.3586794
957 14 -0.30248994 0.28946286 1.9 11.659395 305.84569 -426.40875 25.507082
957 3 -0.43895454 0.11328521 1.9 -0.57065837 3.1896022 -3.3316484 24.704508
957 5 -0.49154589 0.58597117 1.9 -0.83569964 1.6584035 -14.112296 28.294595
958 14 -0.11347406 -0.62587441 1.9 197.96426 327.94648 -223.76092 30.843447
958 6 0.01423305 -0.55402434 1.9 0.16672428 -0.0056938993 -0.2324217 49.619254
958 5 -0.28580775 -0.68447268 1.9 0.52272018 1.729119 -3.5271973 19.280027
958 13 -0.4121484 -0.10268658 1.9 -3.006316 2.2915539 -2.427928 14.79657
958 2 -0.24439957 -0.46736252 1.9 1.2352066 0.0058021842 -0.89191852 22.738005
958 6 -0.24589113 -0.71392972 1.9 62.326821 4.1032952 -45.932778 21.121351
958 6 -0.21807431 -0.67502057 1.9 1.5971377 -0.62878576 -8.6989052 36.142183
959 14 0.73701011 -0.28218813 1.9 268.55645 -123.11231 -286.60251 26.199235
959 14 0.58130477 -0.35587524 1.9 -80.505369 10.10029 -122.39933 6.0682999
959 1 0.13667534 -0.12405848 1.9 -4.8329015 -3.2966558 -3.4404928 7.7479653
959 2 0.37460666 -0.18850337 1.9 -86.657926 63.2692 -181.06214 1.2759391
959 1 0.34815669 -0.48596825 1.9 23.276208 -28.060737 -55.076399 36.018693
959 5 0.48884219 -0.41578827 1.9 1.8686229 2.1163911 -1.8626571 42.794135
959 5 0.57496742 -0.22229295 1.9 -0.52870453 -0.25154135 -8.0803896 32.361451
959 5 0.65613834 -0.3772187 1.9 -1.9510742 2.0367601 -6.8271807 45.215778
960 14 -0.20722937 -0.7259985 1.9 121.1789 -391.20113 -323.89906 37.513261
960 2 -0.035733115 -0.78264583 1.9 -59.221467 116.40792 -103.25766 49.821284
961 14 0.48985934 -0.53428056 1.9 183.72198 328.85556 -584.3879 37.31618
961 6 0.51316936 -0.50217922 1.9 -0.15790478 0.18277939 -0.55786546 12.189687
961 5 0.44178581 -0.33724466 1.9 -3.5536428 -21.946031 -26.958764 3.4939967
961 14 0.56331979 -0.52787738 1.9 -0.97620396 -1.2406408 -5.9340151 43.225057
961 1 0.38120783 -0.38931381 1.9 -70.436825 264.12804 -251.404 41.324195
961 13 0.58527888 -0.38066248 1.9 105.75575 -134.60769 -182.07938 39.211548
962 14 -0.46239799 -0.24249067 1.9 128.60393 115.39726 -463.89161 13.758765
962 13 -0.71339117 -0.41653422 1.9 3.0205027 -6.5048331 -5.9920793 35.642678
962 5 -0.2401312 -0.20039588 1.9 -0.52280541 -0.73474735 -1.1971194 44.857358
962 3 -0.6762781 -0.13445211 1.9 1.7416735 -1.8970697 -1.7923877 48.15866
962 14 -0.3879281 0.18895096 1.9 5.4610543 5.8341268 -4.8524292 45.659951
962 3 -0.42622364 -0.24466197 1.9 0.28141278 0.14534921 -0.22717119 40.833258
962 5 -0.79460681 -0.18276896 1.9 -6.100007 -8.7907895 -38.681739 40.290729
962 3 -0.61450809 -0.35906741 1.9 -0.060481822 0.1619932 -0.22091816 13.233422
963 14 -0.10442677 -0.51806089 1.9 -261.10592 140.00586 -207.92117 17.849803
963 3 -0.015055372 -0.57915914 1.9 -27.686727 -42.618916 -41.031016 32.72156
963 13 0.032190475 -0.3667208 1.9 0.093861297 0.10836372 -0.12553225 41.55724
963 6 -0.080291105 -0.26767516 1.9 -5.7410827 58.917336 -83.958772 34.142529
964 14 0.25467149 -0.32698976 1.9 -317.90243 127.3596 -457.52721 45.707906
964 1 -0.10186911 -0.56265422 1.9 3.9448649 28.586289 -54.855486 8.5582543
964 5 0.24083601 -0.13770943 1.9 6.3358156 3.5058532 -5.2698391 10.101677
964 5 0.41018492 -0.48297948 1.9 9.9255127 -21.480493 -37.434224 4.8721341
964 6 0.11584642 -0.63283595 1.9 2.2865883 -9.8207475 -8.8558871 46.884212
964 14 0.24543523 -0.50836316 1.9 96.213863 6.1393731 -159.2242 5.0231819
964 3 0.20949436 -0.70869506 1.9 3.098924 0.23345422 -3.8685229 14.478179
965 14 0.49022451 0.66570443 1.9 -189.80349 257.21421 -318.96548 15.507866
965 2 0.5002882 0.62779174 1.9 -85.731113 12.587038 -107.14321 29.910827
965 13 0.50484539 0.5890264 1.9 -7.9317373 -1.8417117 -31.96792 12.691662
965 3 0.61009831 0.61606874 1.9 -6.3957271 1.7436034 -9.2306737 46.622059
965 2 0.37769558 0.68147706 1.9 -0.040598028 0.21551955 -0.14743093 19.954779
965 13 0.43385288 0.53656353 1.9 4.4297787 -3.0936509 -8.6659469 15.681106
965 1 0.45079012 0.73244772 1.9 166.95313 100.97788 -130.96209 16.638615
965 13 0.58775085 0.54392888 1.9 35.360402 -74.838187 -49.353318 9.923938
966 14 -0.38658015 -0.055668208 1.9 -320.29649 -78.726218 -192.70191 40.002436
966 6 -0.44037932 0.25914919 1.9 12.829001 -7.8736528 -18.619678 48.101028
966 3 -0.70022746 0.11518964 1.9 -132.0236 21.930454 -157.38653 5.6593628
966 1 -0.56579592 -0.065676533 1.9 -0.3217816 3.5078493 -15.315522 11.823659
966 6 -0.56545569 0.091357071 1.9 6.6664895 -9.0736075 -13.171865 40.545588
967 14 -0.58528747 0.44847435 1.9 -112.45277 -280.08553 -201.15649 18.659471
967 13 -0.38628794 0.29373595 1.9 -0.032165559 0.89756157 -0.84619061 26.967078
967 2 -0.41088214 0.18720031 1.9 -0.029340702 0.50123424 -0.59274942 5.1047022
967 13 -0.79851438 0.45375485 1.9 -0.15652247 -0.051928107 -0.21753639 20.528313
967 1 -0.63595965 0.25306421 1.9 0.20366533 0.10579122 -0.54627266 21.160426
967 5 -0.52190143 0.078890424 1.9 -17.529017 -11.169199 -59.252608 49.628206
967 14 -0.43696823 0.19788704 1.9 -112.10689 51.536933 -102.26864 0.701074
967 6 -0.56766324 0.054026013 1.9 1.6062403 -1.2835986 -2.0224011 41.457258
968 14 0.070099492 0.19819302 1.9 442.14645 -125.07614 -427.4152 38.121625
968 3 -0.11308944 0.18498814 1.9 0.042199072 -0.72906879 -0.54876853 32.335287
968 1 0.1193528 0.052431492 1.9 -0.026120633 0.047589175 -1.6896924 5.2622606
968 5 -0.33283438 0.40812219 1.9 -0.71817588 -0.62259411 -0.73042415 35.313709
969 14 -0.18319556 -0.29003907 1.9 69.213974 -352.36229 -249.56059 25.561638
969 5 -0.10804353 -0.13854136 1.9 -0.12287021 0.2048655 -0.65143576 8.7953857
969 5 -0.16835193 -0.70034218 1.9 8.1771549 3.5800669 -39.551542 7.5753229
969 2 -0.37480096 -0.610527 1.9 22.070043 -5.1220563 -31.864326 47.518601
970 14 -0.41086696 0.084692151 1.9 -227.37767 101.665 -343.25867 12.941351
970 2 -0.47672453 0.21929879 1.9 0.18510677 0.51611071 -4.8944519 6.0912957
971 14 0.084816273 0.31450015 1.9 -310.41556 107.23387 -220.35814 21.116876
971 3 -0.030496491 0.43976325 1.9 -0.033396798 -0.0011986024 -0.17059653 34.780739
971 2 -0.19709965 0.34684876 1.9 -2.028715 -3.9982251 -26.719553 22.382916
971 5 -0.10067991 0.25717483 1.9 0.19866316 4.0288793 -2.9155106 29.72896
972 14 0.55273115 -0.52255409 1.9 -346.07315 -284.17386 -437.66207 4.5023781
972 14 0.48964464 -0.35748138 1.9 0.65705568 -0.7752048 -0.99326547 21.530991
972 2 0.36675466 -0.32522676 1.9 12.934584 -27.231034 -22.95489 22.074408
972 3 0.26135289 -0.21378885 1.9 132.03511 31.231117 -121.09664 25.836035
972 14 0.044521548 -0.20608541 1.9 -0.23652606 -0.33157444 -0.50768471 22.868037
972 1 0.43180775 -0.30029511 1.9 -1.3185799 -0.18567419 -3.1941949 31.951481
972 6 0.37062572 -0.15830369 1.9 -34.045784 -16.885797 -43.65794 32.777854
973 14 0.16534145 -0.79833237 1.9 -928.26513 1175.591 -1915.0183 19.618891
973 5 0.23809025 -0.47598691 1.9 19.125275 8.2178788 -20.665441 19.172464
973 3 -0.19338246 -0.52168631 1.9 6.2755952 -9.4296067 -40.898934 46.559225
973 13 0.23194263 -0.43530234 1.9 -405.66794 456.91153 -555.77721 15.501612
974 14 0.34867792 -0.69537463 1.9 -89.038355 416.80186 -376.42678 2.0245991
974 14 0.58998305 -0.53833034 1.9 -0.54605882 0.23753567 -2.6688795 34.75694
974 3 0.54639288 -0.46374611 1.9 -2.2680854 2.400472 -4.6097997 22.83551
974 3 0.38618786 -0.58878743 1.9 0.38664684 -0.34167089 -1.3875688 20.764756
975 14 -0.063841914 -0.63315025 1.9 381.0133 188.22242 -253.52488 14.387048
975 2 0.29539626 -0.3349746 1.9 29.365127 -9.089774 -49.475378 11.824529
976 14 0.57587167 0.15519325 1.9 358.95979 158.81189 -343.43118 25.930506
976 3 0.60573104 0.35484646 1.9 0.20456354 -0.6334497 -0.42931671 26.790216
976 1 0.79247357 0.28061792 1.9 5.7882829 3.3982388 -6.6013756 43.035309
976 3 0.55730647 0.51103625 1.9 0.19116315 -19.149372 -11.978328 4.6532557
976 5 0.37428018 0.52512824 1.9 0.28966119 0.63027914 -0.44704317 32.399659
976 3 0.65940646 0.5251181 1.9 -0.24031796 0.93141493 -0.56578591 8.7944987
976 2 0.57824951 0.27164782 1.9 -0.11656832 0.71392994 -1.2485851 34.512924
976 5 0.83273683 0.36822034 1.9 -1.2662954 0.42887141 -2.3252241 21.942435
977 14 -0.047399498 -0.14787971 1.9 1437.6567 2400.599 -2068.0861 4.7238082
977 6 0.061902949 0.16897997 1.9 0.17224679 -0.6919383 -1.8806129 41.146032
977 14 0.14131543 -0.062833581 1.9 2.0415528 0.4855245 -1.3986058 26.571163
978 14 -0.38122536 -0.39008807 1.9 -125.66957 -25.332229 -408.63525 6.0002559
978 5 -0.7112464 -0.073599846 1.9 4.4440194 -0.25074746 -10.676864 5.8971663
978 13 -0.61913041 -0.27497521 1.9 -0.27774487 0.21262965 -0.25165034 5.2976837
978 1 -0.61540166 -0.45760111 1.9 94.417242 68.296311 -91.033435 49.058222
978 1 -0.57820428 -0.40404748 1.9 -0.22049679 0.21810252 -0.69431096 7.6048888
978 1 -0.60395771 -0.28155964 1.9 68.478773 -31.825257 -115.79922 32.141555
978 3 -0.66659384 -0.25736443 1.9 21.658303 3.6866594 -21.607749 7.3609419
978 3 -0.51855209 -0.30424539 1.9 8.9734834 13.023184 -13.64378 45.752529
979 14 -0.022182101 -0.16548206 1.9 -39.677218 374.01814 -409.10354 35.841391
979 2 0.099548495 -0.43491841 1.9 -7.2893907 -1.0192725 -8.385738 26.365433
980 14 -0.13071256 0.065492487 1.9 233.29742 202.78924 -210.2176 20.068752
980 13 -0.34731103 0.2896611 1.9 -0.010628152 0.20009885 -0.11786721 19.465426
980 13 0.097860373 0.20988329 1.9 -6.830676 8.9408036 -19.499073 4.8213596
981 14 0.14466479 -0.60827833 1.9 189.85674 260.4199 -222.05284 22.10318
981 14 0.3763982 -0.23928066 1.9 0.020504084 0.052372543 -0.17771702 22.668785
981 1 0.41260719 -0.4994358 1.9 -47.696874 -62.774418 -66.069029 36.93257
981 13 0.12186539 -0.62106256 1.9 -21.906708 -97.712221 -181.86738 7.1503619
981 2 0.17449349 -0.42583475 1.9 0.11616993 -0.21554291 -0.35692573 44.889523
981 5 -0.079674091 -0.37106717 1.9 -5.5448865 0.083097111 -7.3445832 31.787897
981 5 0.18413421 -0.3790958 1.9 -0.12826164 -0.13579783 -0.12189325 45.628303
982 14 0.47996048 -0.53032074 1.9 258.97756 -185.67455 -391.51245 9.7448219
982 1 0.40958732 -0.51434551 1.9 -29.940096 -22.202301 -75.345415 17.763873
982 2 0.55382597 -0.63455425 1.9 0.28355282 0.43906045 -1.1339913 9.9205162
982 1 0.42544508 -0.62431123 1.9 16.576983 0.98253512 -11.7676 28.962974
982 14 0.24154984 -0.77607392 1.9 -73.004813 45.431984 -75.221967 2.3290004
982 2 0.41700106 -0.58431456 1.9 0.36707205 -0.47788254 -0.49379917 41.372714
982 5 0.29334421 -0.48022004 1.9 -1.3509447 1.272834 -11.623524 32.392086
983 14 0.22516681 -0.36648082 1.9 -327.91322 -199.33087 -304.82465 44.536827
983 1 0.40217249 -0.71263492 1.9 1.5204836 24.91377 -20.572365 10.756936
983 5 0.076076633 -0.66577972 1.9 5.8962843 -0.33569309 -64.759909 12.38977
983 1 0.28185591 -0.47982249 1.9 -32.179581 38.411483 -77.45898 35.994322
983 2 0.008947321 -0.68138184 1.9 -46.86391 -71.887917 -108.68253 21.362034
984 14 -0.24959386 -0.32162454 1.9 7562.6828 -3469.3532 -8943.8551 5.313242
984 13 -0.18994289 -0.59867078 1.9 -24.869473 12.088113 -1013.5353 19.744758
984 13 -0.22176665 -0.31310028 1.9 -296.04837 -357.44123 -311.90643 39.102443
984 1 0.064170625 -0.67004064 1.9 0.033593463 1.1638122 -8.3500765 7.7900504
984 5 0.21838529 -0.27301845 1.9 -1429.9802 -2343.4121 -2187.7398 30.680218
984 3 -0.14189119 -0.3569917 1.9 -92.753152 47.556706 -227.99827 46.681452
985 14 -0.12700503 0.12391146 1.9 -157.23098 395.76249 -497.8454 7.7303853
985 14 -0.1154718 0.03165505 1.9 -6.0799889 -10.3433 -15.44397 0.074483841
985 3 -0.14246438 0.24655034 1.9 -14.515142 -23.578661 -55.237306 3.0210593
985 13 -0.057395355 0.23729508 1.9 0.027804846 0.70733129 -0.60039401 14.492144
985 14 -0.14548784 0.22331855 1.9 -0.41990108 0.61235889 -1.2263102 14.35113
985 3 0.042352525 0.16233254 1.9 -0.13277701 -0.75023821 -0.52736415 46.767037
986 14 0.39394618 -0.42568948 1.9 -11652.421 5047.8132 -9194.8089 15.680008
986 2 0.49793 -0.27388675 1.9 11.905613 9.8309504 -9.6748398 10.186202
986 3 0.55372354 -0.63096675 1.9 -26.736138 -38.280487 -49.820026 49.226011
986 3 0.35242261 -0.26800756 1.9 -63.580139 1179.8639 -1283.3918 23.325651
987 14 0.23646996 -0.58156127 1.9 380.20762 -126.78044 -250.87981 23.775739
987 1 0.31055045 -0.26109544 1.9 -2.0527821 2.140542 -2.3098939 35.016949
987 2 0.4520536 -0.25610787 1.9 -17.156199 46.578539 -29.41835 2.9789126
988 14 0.55084317 -0.26757125 1.9 3.0901587 -302.68655 -215.79906 21.081286
988 5 0.3016084 -0.37060405 1.9 0.20793296 -0.26128051 -0.58568366 31.85831
988 2 0.728434 -0.44030423 1.9 -9.8338508 -15.310453 -18.252767 47.603767
988 5 0.58596228 -0.31041768 1.9 -3.0098922 3.6370632 -10.077655 41.032169
988 2 0.55399977 -0.20324399 1.9 0.070393954 0.39323014 -0.24152304 23.378841
989 14 0.79011596 -0.37201179 1.9 -299.08343 -108.21928 -332.49898 7.2010353
989 13 0.71489955 -0.35239117 1.9 40.964198 5.6232518 -153.3337 6.6167403
989 5 0.79584188 -0.80371269 1.9 -0.043806521 0.097743476 -0.15725898 41.667316
989 6 0.63041159 -0.53633346 1.9 -51.107859 -66.668212 -68.355868 40.047789
989 13 0.44656401 -0.57842728 1.9 90.558663 14.75605 -67.564761 42.880707
990 14 0.52840511 -0.29394462 1.9 -318.04712 -21.58772 -193.73099 27.274048
990 5 0.7028865 -0.18582143 1.9 -7.9560503 -2.6048494 -13.805005 24.417869
990 5 0.57026383 -0.065855488 1.9 -2.6243511 0.78411567 -5.9071145 44.55541
990 5 0.62306251 -0.14182372 1.9 -85.196722 -47.363088 -58.765758 17.441936
990 3 0.52984243 -0.54684867 1.9 0.6581329 1.152503 -2.1466174 31.858587
991 14 0.28211195 0.093676247 1.9 78.516195 -234.46067 -323.3544 17.016313
991 6 0.27992147 0.058278201 1.9 0.19626665 1.3811538 -1.5523037 14.684876
991 5 0.099578625 0.19494681 1.9 0.2501524 7.7471962 -6.2597592 9.4024119
991 6 0.33532136 0.25478573 1.9 0.42653084 -1.9537827 -3.901317 46.070033
991 6 0.080919954 0.18199954 1.9 -0.019438114 0.38476223 -0.59769337 38.310207
991 13 0.25249589 0.34369672 1.9 -1.7625955 -1.2805121 -1.329291 0.078293082
991 14 0.32753607 0.076567161 1.9 14.785583 12.750285 -14.386436 12.519301
992 14 0.61615366 -0.14371259 1.9 -110.57193 118.39564 -845.46745 21.876139
992 3 0.4728487 -0.27075013 1.9 1.8643356 7.1294711 -18.872399 16.320243
992 6 0.51396963 0.14429267 1.9 -1.1544851 -1.8871533 -1.3376803 5.4686121
992 5 0.55993108 -0.19930166 1.9 -0.58007402 1.6325841 -1.7046378 44.032446
992 14 0.40143381 -0.0063106012 1.9 -0.47738515 1.2942057 -1.3929041 29.580764
992 2 0.12041152 0.10507677 1.9 -0.047106681 -0.15153887 -0.69802877 0.74263986
993 14 -0.35340005 0.16986339 1.9 -1979.5152 2246.9543 -1742.9014 0.91303588
993 1 -0.60685107 0.097498149 1.9 0.92280834 0.030840818 -2.068713 12.271104
993 1 -0.53458965 -0.081321177 1.9 300.64458 25.794796 -370.84046 22.58655
994 14 0.26413186 0.13137359 1.9 -136.60902 -380.74625 -1084.2134 18.263899
994 13 0.4768478 0.033410363 1.9 -5.1739264 -5.1273967 -11.616704 9.2162293
994 5 0.53076271 0.31760492 1.9 218.17038 -352.38572 -337.03412 25.051131
994 13 0.50072158 0.22637293 1.9 -22.918026 -18.040705 -17.429535 5.3716781
994 1 0.36516632 0.10330148 1.9 -0.046602756 -0.26685339 -0.57801969 10.86654
994 6 0.42012529 0.23997059 1.9 -6.5177373e-05 0.5839574 -0.57936246 2.935046
994 3 0.3170478 0.035737806 1.9 2.4372867 2.4217459 -5.5093283 48.005705
995 14 -0.30263889 0.3254938 1.9 -475.48691 -173.18141 -1052.1086 22.694576
995 13 -0.57604495 0.52422108 1.9 48.810913 -89.031694 -63.019818 48.727964
995 6 -0.39710535 0.28921531 1.9 -1.307213 0.12231125 -1.3590783 29.199554
995 13 -0.17883712 0.41123143 1.9 106.50484 66.628254 -195.44848 18.082148
995 6 -0.32831242 0.60570433 1.9 0.11662785 0.15676985 -0.40915559 2.8791897
996 14 -0.10866745 0.142923 1.9 360.01698 -884.36405 -904.34685 20.808492
996 13 -0.1402543 0.75161172 1.9 1.6260472 -6.6401669 -6.6678385 43.565876
996 1 -0.28128777 0.20743328 1.9 0.51731219 -0.075909149 -0.80923947 41.029386
997 14 0.35342276 0.45971471 1.9 121.36586 298.13989 -354.63821 29.011632
997 6 0.090963524 0.44937399 1.9 -0.41686906 0.6333353 -0.90380871 2.9643476
997 2 0.1244907 0.53572833 1.9 -0.012541978 -0.15770145 -0.33522715 29.379995
997 5 0.469338 0.40000089 1.9 0.56211229 0.12627886 -0.42806186 42.191577
997 6 0.19405557 0.42878962 1.9 -0.60458489 -2.8102145 -3.8839058 22.249752
997 1 0.4465844 0.25560853 1.9 37.541984 59.364253 -71.90869 42.42463
997 6 0.2223665 0.33584586 1.9 -1.9295301 -0.031629243 -1.7181784 20.483269
997 3 0.1363664 0.36374292 1.9 0.5917835 -0.17540715 -0.6647048 30.257043
998 14 -0.4579781 0.35823789 1.9 -501.15813 44.936462 -508.4568 22.828233
998 2 -0.3546391 0.34685172 1.9 43.005508 -40.745769 -35.557331 37.998914
998 3 -0.67452779 0.70624423 1.9 0.2535663 0.30599512 -0.6558838 6.620129
998 5 -0.47869249 0.52546412 1.9 2.3047056 2.8780851 -3.1863179 39.363328
999 14 0.23090473 0.36710921 1.9 -454.43617 305.51973 -1217.7381 31.587876
999 5 0.15621063 0.62020369 1.9 -2.9307051 1.2623454 -6.0365897 19.508069
999 6 -0.13143502 0.3786902 1.9 93.269235 61.243262 -66.406457 17.426391
999 5 0.056682515 0.73014374 1.9 0.30493193 -0.20538092 -1.8425651 24.237947
999 6 0.034264146 0.36047864 1.9 0.99632668 -0.1451259 -0.79513247 49.86116
999 1 0.19816691 0.24090101 1.9 -213.76507 -67.161056 -173.23305 44.638117
999 3 0.075405737 0.33505779 1.9 -2.9032376 1.6767912 -9.2040556 35.550737
